Year,Month,Month_No,State,City,2W,3W,4W,Bus,Goods,Total_EV
2021,January,1,Maharashtra,Mumbai,1945,364,273,24,109,2715
2021,January,1,Maharashtra,Pune,2036,381,286,25,114,2842
2021,January,1,Maharashtra,Nagpur,1480,277,208,18,83,2066
2021,January,1,Maharashtra,Nashik,1576,295,221,19,88,2199
2021,January,1,Maharashtra,Aurangabad,2014,377,283,25,113,2812
2021,January,1,Karnataka,Bengaluru,1704,319,239,21,95,2378
2021,January,1,Karnataka,Mysuru,1599,299,224,19,89,2230
2021,January,1,Karnataka,Hubballi,1474,276,207,18,82,2057
2021,January,1,Karnataka,Mangaluru,2127,398,299,26,119,2969
2021,January,1,Karnataka,Belagavi,1839,344,258,22,103,2566
2021,January,1,Tamil Nadu,Chennai,1667,312,234,20,93,2326
2021,January,1,Tamil Nadu,Coimbatore,1985,372,279,24,111,2771
2021,January,1,Tamil Nadu,Madurai,1487,278,209,18,83,2075
2021,January,1,Tamil Nadu,Salem,1913,358,269,23,107,2670
2021,January,1,Tamil Nadu,Tiruchirappalli,1663,311,233,20,93,2320
2021,January,1,Telangana,Hyderabad,852,159,119,10,47,1187
2021,January,1,Telangana,Warangal,928,174,130,11,52,1295
2021,January,1,Telangana,Karimnagar,1129,211,158,14,63,1575
2021,January,1,Telangana,Nizamabad,1214,227,170,15,68,1694
2021,January,1,Telangana,Khammam,961,180,135,12,54,1342
2021,January,1,Gujarat,Ahmedabad,1163,218,163,14,65,1623
2021,January,1,Gujarat,Surat,912,171,128,11,51,1273
2021,January,1,Gujarat,Vadodara,1196,224,168,14,67,1669
2021,January,1,Gujarat,Rajkot,1176,220,165,14,66,1641
2021,January,1,Gujarat,Bhavnagar,1212,227,170,15,68,1692
2021,January,1,Uttar Pradesh,Lucknow,1696,318,238,21,95,2368
2021,January,1,Uttar Pradesh,Kanpur,2049,384,288,25,115,2861
2021,January,1,Uttar Pradesh,Agra,2205,413,310,27,124,3079
2021,January,1,Uttar Pradesh,Varanasi,1496,280,210,18,84,2088
2021,January,1,Uttar Pradesh,Prayagraj,1876,351,263,23,105,2618
2021,January,1,Kerala,Thiruvananthapuram,940,176,132,11,52,1311
2021,January,1,Kerala,Kochi,1106,207,155,13,62,1543
2021,January,1,Kerala,Kozhikode,1041,195,146,13,58,1453
2021,January,1,Kerala,Thrissur,1164,218,163,14,65,1624
2021,January,1,Kerala,Kollam,1050,197,147,13,59,1466
2021,January,1,Rajasthan,Jaipur,1226,229,172,15,68,1710
2021,January,1,Rajasthan,Jodhpur,1171,219,164,14,65,1633
2021,January,1,Rajasthan,Udaipur,1139,213,160,14,64,1590
2021,January,1,Rajasthan,Kota,1168,219,164,14,65,1630
2021,January,1,Rajasthan,Ajmer,1159,217,163,14,65,1618
2021,January,1,West Bengal,Kolkata,1037,194,145,12,58,1446
2021,January,1,West Bengal,Howrah,1161,217,163,14,65,1620
2021,January,1,West Bengal,Siliguri,1235,231,173,15,69,1723
2021,January,1,West Bengal,Durgapur,886,166,124,11,49,1236
2021,January,1,West Bengal,Asansol,1092,204,153,13,61,1523
2021,January,1,Andhra Pradesh,Visakhapatnam,961,180,135,12,54,1342
2021,January,1,Andhra Pradesh,Vijayawada,1211,227,170,15,68,1691
2021,January,1,Andhra Pradesh,Guntur,962,180,135,12,54,1343
2021,January,1,Andhra Pradesh,Tirupati,888,166,124,11,49,1238
2021,January,1,Andhra Pradesh,Kurnool,1227,230,172,15,69,1713
2021,January,1,Madhya Pradesh,Bhopal,947,177,133,11,53,1321
2021,January,1,Madhya Pradesh,Indore,1222,229,171,15,68,1705
2021,January,1,Madhya Pradesh,Jabalpur,1225,229,172,15,68,1709
2021,January,1,Madhya Pradesh,Gwalior,1158,217,162,14,65,1616
2021,January,1,Madhya Pradesh,Ujjain,1144,214,160,14,64,1596
2021,January,1,Punjab,Ludhiana,1007,188,141,12,56,1404
2021,January,1,Punjab,Amritsar,1196,224,168,14,67,1669
2021,January,1,Punjab,Jalandhar,869,163,122,10,48,1212
2021,January,1,Punjab,Patiala,1196,224,168,14,67,1669
2021,January,1,Punjab,Bathinda,1212,227,170,15,68,1692
2021,January,1,Bihar,Patna,946,177,133,11,53,1320
2021,January,1,Bihar,Gaya,1002,187,140,12,56,1397
2021,January,1,Bihar,Muzaffarpur,1189,222,167,14,66,1658
2021,January,1,Bihar,Bhagalpur,1214,227,170,15,68,1694
2021,January,1,Bihar,Purnia,1133,212,159,14,63,1581
2021,January,1,Odisha,Bhubaneswar,838,157,117,10,47,1169
2021,January,1,Odisha,Cuttack,885,166,124,11,49,1235
2021,January,1,Odisha,Rourkela,940,176,132,11,52,1311
2021,January,1,Odisha,Sambalpur,1053,197,148,13,59,1470
2021,January,1,Odisha,Berhampur,1150,215,161,14,64,1604
2021,January,1,Assam,Guwahati,1040,195,146,13,58,1452
2021,January,1,Assam,Silchar,1036,194,145,12,58,1445
2021,January,1,Assam,Dibrugarh,840,157,118,10,47,1172
2021,January,1,Assam,Jorhat,1222,229,171,15,68,1705
2021,January,1,Assam,Nagaon,1223,229,172,15,68,1707
2021,February,2,Maharashtra,Mumbai,2008,376,282,25,112,2803
2021,February,2,Maharashtra,Pune,1836,344,258,22,103,2563
2021,February,2,Maharashtra,Nagpur,1535,287,215,19,86,2142
2021,February,2,Maharashtra,Nashik,1956,366,275,24,110,2731
2021,February,2,Maharashtra,Aurangabad,1790,335,251,22,100,2498
2021,February,2,Karnataka,Bengaluru,1675,314,235,20,94,2338
2021,February,2,Karnataka,Mysuru,1739,326,244,21,97,2427
2021,February,2,Karnataka,Hubballi,1768,331,248,22,99,2468
2021,February,2,Karnataka,Mangaluru,1506,282,211,18,84,2101
2021,February,2,Karnataka,Belagavi,1548,290,217,19,87,2161
2021,February,2,Tamil Nadu,Chennai,1473,276,207,18,82,2056
2021,February,2,Tamil Nadu,Coimbatore,1753,328,246,21,98,2446
2021,February,2,Tamil Nadu,Madurai,1787,335,251,22,100,2495
2021,February,2,Tamil Nadu,Salem,1549,290,217,19,87,2162
2021,February,2,Tamil Nadu,Tiruchirappalli,1677,314,235,20,94,2340
2021,February,2,Telangana,Hyderabad,937,175,131,11,52,1306
2021,February,2,Telangana,Warangal,1005,188,141,12,56,1402
2021,February,2,Telangana,Karimnagar,1040,195,146,13,58,1452
2021,February,2,Telangana,Nizamabad,1152,216,162,14,64,1608
2021,February,2,Telangana,Khammam,1215,227,170,15,68,1695
2021,February,2,Gujarat,Ahmedabad,1194,223,167,14,67,1665
2021,February,2,Gujarat,Surat,1150,215,161,14,64,1604
2021,February,2,Gujarat,Vadodara,841,157,118,10,47,1173
2021,February,2,Gujarat,Rajkot,1166,218,164,14,65,1627
2021,February,2,Gujarat,Bhavnagar,1062,199,149,13,59,1482
2021,February,2,Uttar Pradesh,Lucknow,2096,393,294,26,117,2926
2021,February,2,Uttar Pradesh,Kanpur,1543,289,217,19,86,2154
2021,February,2,Uttar Pradesh,Agra,1921,360,270,24,108,2683
2021,February,2,Uttar Pradesh,Varanasi,2178,408,306,27,122,3041
2021,February,2,Uttar Pradesh,Prayagraj,2053,385,288,25,115,2866
2021,February,2,Kerala,Thiruvananthapuram,1085,203,152,13,61,1514
2021,February,2,Kerala,Kochi,870,163,122,10,48,1213
2021,February,2,Kerala,Kozhikode,992,186,139,12,55,1384
2021,February,2,Kerala,Thrissur,1044,195,146,13,58,1456
2021,February,2,Kerala,Kollam,986,184,138,12,55,1375
2021,February,2,Rajasthan,Jaipur,940,176,132,11,52,1311
2021,February,2,Rajasthan,Jodhpur,881,165,123,11,49,1229
2021,February,2,Rajasthan,Udaipur,1247,233,175,15,70,1740
2021,February,2,Rajasthan,Kota,1146,215,161,14,64,1600
2021,February,2,Rajasthan,Ajmer,909,170,127,11,51,1268
2021,February,2,West Bengal,Kolkata,852,159,119,10,47,1187
2021,February,2,West Bengal,Howrah,1113,208,156,13,62,1552
2021,February,2,West Bengal,Siliguri,956,179,134,11,53,1333
2021,February,2,West Bengal,Durgapur,1019,191,143,12,57,1422
2021,February,2,West Bengal,Asansol,1045,196,147,13,58,1459
2021,February,2,Andhra Pradesh,Visakhapatnam,1115,209,156,13,62,1555
2021,February,2,Andhra Pradesh,Vijayawada,867,162,122,10,48,1209
2021,February,2,Andhra Pradesh,Guntur,1234,231,173,15,69,1722
2021,February,2,Andhra Pradesh,Tirupati,1075,201,151,13,60,1500
2021,February,2,Andhra Pradesh,Kurnool,1173,220,165,14,66,1638
2021,February,2,Madhya Pradesh,Bhopal,946,177,133,11,53,1320
2021,February,2,Madhya Pradesh,Indore,1027,192,144,12,57,1432
2021,February,2,Madhya Pradesh,Jabalpur,982,184,138,12,55,1371
2021,February,2,Madhya Pradesh,Gwalior,969,181,136,12,54,1352
2021,February,2,Madhya Pradesh,Ujjain,1002,188,141,12,56,1399
2021,February,2,Punjab,Ludhiana,1066,199,149,13,59,1486
2021,February,2,Punjab,Amritsar,999,187,140,12,56,1394
2021,February,2,Punjab,Jalandhar,1200,225,168,15,67,1675
2021,February,2,Punjab,Patiala,1235,231,173,15,69,1723
2021,February,2,Punjab,Bathinda,896,168,126,11,50,1251
2021,February,2,Bihar,Patna,1169,219,164,14,65,1631
2021,February,2,Bihar,Gaya,1072,201,150,13,60,1496
2021,February,2,Bihar,Muzaffarpur,860,161,120,10,48,1199
2021,February,2,Bihar,Bhagalpur,860,161,121,10,48,1200
2021,February,2,Bihar,Purnia,926,173,130,11,52,1292
2021,February,2,Odisha,Bhubaneswar,1131,212,159,14,63,1579
2021,February,2,Odisha,Cuttack,976,183,137,12,54,1362
2021,February,2,Odisha,Rourkela,984,184,138,12,55,1373
2021,February,2,Odisha,Sambalpur,1003,188,141,12,56,1400
2021,February,2,Odisha,Berhampur,1009,189,141,12,56,1407
2021,February,2,Assam,Guwahati,941,176,132,11,52,1312
2021,February,2,Assam,Silchar,988,185,139,12,55,1379
2021,February,2,Assam,Dibrugarh,1126,211,158,14,63,1572
2021,February,2,Assam,Jorhat,876,164,123,10,49,1222
2021,February,2,Assam,Nagaon,1163,218,163,14,65,1623
2021,March,3,Maharashtra,Mumbai,2191,410,308,27,123,3059
2021,March,3,Maharashtra,Pune,1994,373,280,24,112,2783
2021,March,3,Maharashtra,Nagpur,2153,403,302,26,121,3005
2021,March,3,Maharashtra,Nashik,1504,282,211,18,84,2099
2021,March,3,Maharashtra,Aurangabad,2145,402,301,26,120,2994
2021,March,3,Karnataka,Bengaluru,2132,399,299,26,119,2975
2021,March,3,Karnataka,Mysuru,1623,304,228,20,91,2266
2021,March,3,Karnataka,Hubballi,1834,343,257,22,103,2559
2021,March,3,Karnataka,Mangaluru,1531,287,215,19,86,2138
2021,March,3,Karnataka,Belagavi,1753,328,246,21,98,2446
2021,March,3,Tamil Nadu,Chennai,1610,302,226,20,90,2248
2021,March,3,Tamil Nadu,Coimbatore,1961,367,275,24,110,2737
2021,March,3,Tamil Nadu,Madurai,2000,375,281,25,112,2793
2021,March,3,Tamil Nadu,Salem,1707,320,240,21,96,2384
2021,March,3,Tamil Nadu,Tiruchirappalli,2052,384,288,25,115,2864
2021,March,3,Telangana,Hyderabad,1226,229,172,15,68,1710
2021,March,3,Telangana,Warangal,1058,198,148,13,59,1476
2021,March,3,Telangana,Karimnagar,981,184,138,12,55,1370
2021,March,3,Telangana,Nizamabad,1216,228,171,15,68,1698
2021,March,3,Telangana,Khammam,983,184,138,12,55,1372
2021,March,3,Gujarat,Ahmedabad,1179,221,165,14,66,1645
2021,March,3,Gujarat,Surat,987,185,138,12,55,1377
2021,March,3,Gujarat,Vadodara,1042,195,146,13,58,1454
2021,March,3,Gujarat,Rajkot,1234,231,173,15,69,1722
2021,March,3,Gujarat,Bhavnagar,839,157,118,10,47,1171
2021,March,3,Uttar Pradesh,Lucknow,1966,368,276,24,110,2744
2021,March,3,Uttar Pradesh,Kanpur,1964,368,276,24,110,2742
2021,March,3,Uttar Pradesh,Agra,1679,314,236,20,94,2343
2021,March,3,Uttar Pradesh,Varanasi,1802,337,253,22,101,2515
2021,March,3,Uttar Pradesh,Prayagraj,2041,382,287,25,114,2849
2021,March,3,Kerala,Thiruvananthapuram,1201,225,168,15,67,1676
2021,March,3,Kerala,Kochi,868,162,122,10,48,1210
2021,March,3,Kerala,Kozhikode,841,157,118,10,47,1173
2021,March,3,Kerala,Thrissur,1069,200,150,13,60,1492
2021,March,3,Kerala,Kollam,970,181,136,12,54,1353
2021,March,3,Rajasthan,Jaipur,904,169,127,11,50,1261
2021,March,3,Rajasthan,Jodhpur,877,164,123,10,49,1223
2021,March,3,Rajasthan,Udaipur,1097,205,154,13,61,1530
2021,March,3,Rajasthan,Kota,1109,208,156,13,62,1548
2021,March,3,Rajasthan,Ajmer,950,178,133,11,53,1325
2021,March,3,West Bengal,Kolkata,932,174,131,11,52,1300
2021,March,3,West Bengal,Howrah,1073,201,150,13,60,1497
2021,March,3,West Bengal,Siliguri,1080,202,151,13,60,1506
2021,March,3,West Bengal,Durgapur,1094,205,153,13,61,1526
2021,March,3,West Bengal,Asansol,872,163,122,10,49,1216
2021,March,3,Andhra Pradesh,Visakhapatnam,1142,214,160,14,64,1594
2021,March,3,Andhra Pradesh,Vijayawada,1125,211,158,14,63,1571
2021,March,3,Andhra Pradesh,Guntur,1175,220,165,14,66,1640
2021,March,3,Andhra Pradesh,Tirupati,974,182,136,12,54,1358
2021,March,3,Andhra Pradesh,Kurnool,1225,229,172,15,68,1709
2021,March,3,Madhya Pradesh,Bhopal,931,174,130,11,52,1298
2021,March,3,Madhya Pradesh,Indore,926,173,130,11,52,1292
2021,March,3,Madhya Pradesh,Jabalpur,1241,232,174,15,69,1731
2021,March,3,Madhya Pradesh,Gwalior,1083,203,152,13,60,1511
2021,March,3,Madhya Pradesh,Ujjain,1224,229,172,15,68,1708
2021,March,3,Punjab,Ludhiana,1065,199,149,13,59,1485
2021,March,3,Punjab,Amritsar,874,164,123,10,49,1220
2021,March,3,Punjab,Jalandhar,876,164,123,10,49,1222
2021,March,3,Punjab,Patiala,898,168,126,11,50,1253
2021,March,3,Punjab,Bathinda,873,163,122,10,49,1217
2021,March,3,Bihar,Patna,925,173,130,11,52,1291
2021,March,3,Bihar,Gaya,1199,224,168,14,67,1672
2021,March,3,Bihar,Muzaffarpur,890,166,125,11,50,1242
2021,March,3,Bihar,Bhagalpur,997,186,140,12,56,1391
2021,March,3,Bihar,Purnia,1153,216,162,14,64,1609
2021,March,3,Odisha,Bhubaneswar,869,163,122,10,48,1212
2021,March,3,Odisha,Cuttack,1099,206,154,13,61,1533
2021,March,3,Odisha,Rourkela,978,183,137,12,55,1365
2021,March,3,Odisha,Sambalpur,1018,190,143,12,57,1420
2021,March,3,Odisha,Berhampur,967,181,136,12,54,1350
2021,March,3,Assam,Guwahati,1181,221,166,14,66,1648
2021,March,3,Assam,Silchar,881,165,123,11,49,1229
2021,March,3,Assam,Dibrugarh,896,168,126,11,50,1251
2021,March,3,Assam,Jorhat,836,156,117,10,47,1166
2021,March,3,Assam,Nagaon,1123,210,158,14,63,1568
2021,April,4,Maharashtra,Mumbai,2093,392,294,26,117,2922
2021,April,4,Maharashtra,Pune,1690,316,237,21,95,2359
2021,April,4,Maharashtra,Nagpur,1520,285,213,19,85,2122
2021,April,4,Maharashtra,Nashik,1473,276,207,18,82,2056
2021,April,4,Maharashtra,Aurangabad,1999,374,281,24,112,2790
2021,April,4,Karnataka,Bengaluru,1905,357,267,23,107,2659
2021,April,4,Karnataka,Mysuru,1487,278,209,18,83,2075
2021,April,4,Karnataka,Hubballi,2012,377,283,25,113,2810
2021,April,4,Karnataka,Mangaluru,2153,403,302,26,121,3005
2021,April,4,Karnataka,Belagavi,2179,408,306,27,122,3042
2021,April,4,Tamil Nadu,Chennai,1722,322,242,21,96,2403
2021,April,4,Tamil Nadu,Coimbatore,1692,317,237,21,95,2362
2021,April,4,Tamil Nadu,Madurai,1681,315,236,21,94,2347
2021,April,4,Tamil Nadu,Salem,1983,371,278,24,111,2767
2021,April,4,Tamil Nadu,Tiruchirappalli,2075,389,291,25,116,2896
2021,April,4,Telangana,Hyderabad,1234,231,173,15,69,1722
2021,April,4,Telangana,Warangal,1109,208,156,13,62,1548
2021,April,4,Telangana,Karimnagar,1048,196,147,13,58,1462
2021,April,4,Telangana,Nizamabad,871,163,122,10,49,1215
2021,April,4,Telangana,Khammam,1005,188,141,12,56,1402
2021,April,4,Gujarat,Ahmedabad,929,174,130,11,52,1296
2021,April,4,Gujarat,Surat,1013,190,142,12,57,1414
2021,April,4,Gujarat,Vadodara,1003,188,141,12,56,1400
2021,April,4,Gujarat,Rajkot,1231,230,173,15,69,1718
2021,April,4,Gujarat,Bhavnagar,959,179,134,11,53,1336
2021,April,4,Uttar Pradesh,Lucknow,2115,396,297,26,119,2953
2021,April,4,Uttar Pradesh,Kanpur,1702,319,239,21,95,2376
2021,April,4,Uttar Pradesh,Agra,2190,410,308,27,123,3058
2021,April,4,Uttar Pradesh,Varanasi,1893,355,266,23,106,2643
2021,April,4,Uttar Pradesh,Prayagraj,1682,315,236,21,94,2348
2021,April,4,Kerala,Thiruvananthapuram,1048,196,147,13,58,1462
2021,April,4,Kerala,Kochi,962,180,135,12,54,1343
2021,April,4,Kerala,Kozhikode,989,185,139,12,55,1380
2021,April,4,Kerala,Thrissur,1158,217,162,14,65,1616
2021,April,4,Kerala,Kollam,840,157,118,10,47,1172
2021,April,4,Rajasthan,Jaipur,1231,230,173,15,69,1718
2021,April,4,Rajasthan,Jodhpur,1110,208,156,13,62,1549
2021,April,4,Rajasthan,Udaipur,968,181,136,12,54,1351
2021,April,4,Rajasthan,Kota,1159,217,163,14,65,1618
2021,April,4,Rajasthan,Ajmer,1011,189,142,12,56,1410
2021,April,4,West Bengal,Kolkata,1084,203,152,13,61,1513
2021,April,4,West Bengal,Howrah,1100,206,154,13,61,1534
2021,April,4,West Bengal,Siliguri,861,161,121,10,48,1201
2021,April,4,West Bengal,Durgapur,930,174,130,11,52,1297
2021,April,4,West Bengal,Asansol,941,176,132,11,52,1312
2021,April,4,Andhra Pradesh,Visakhapatnam,1131,212,159,14,63,1579
2021,April,4,Andhra Pradesh,Vijayawada,1033,193,145,12,58,1441
2021,April,4,Andhra Pradesh,Guntur,935,175,131,11,52,1304
2021,April,4,Andhra Pradesh,Tirupati,929,174,130,11,52,1296
2021,April,4,Andhra Pradesh,Kurnool,1021,191,143,12,57,1424
2021,April,4,Madhya Pradesh,Bhopal,1119,209,157,13,62,1560
2021,April,4,Madhya Pradesh,Indore,1061,199,149,13,59,1481
2021,April,4,Madhya Pradesh,Jabalpur,892,167,125,11,50,1245
2021,April,4,Madhya Pradesh,Gwalior,1103,206,155,13,62,1539
2021,April,4,Madhya Pradesh,Ujjain,1022,191,143,12,57,1425
2021,April,4,Punjab,Ludhiana,854,160,120,10,48,1192
2021,April,4,Punjab,Amritsar,1203,225,169,15,67,1679
2021,April,4,Punjab,Jalandhar,1035,194,145,12,58,1444
2021,April,4,Punjab,Patiala,1140,213,160,14,64,1591
2021,April,4,Punjab,Bathinda,929,174,130,11,52,1296
2021,April,4,Bihar,Patna,1062,199,149,13,59,1482
2021,April,4,Bihar,Gaya,1008,189,141,12,56,1406
2021,April,4,Bihar,Muzaffarpur,1053,197,148,13,59,1470
2021,April,4,Bihar,Bhagalpur,1181,221,166,14,66,1648
2021,April,4,Bihar,Purnia,1001,187,140,12,56,1396
2021,April,4,Odisha,Bhubaneswar,986,184,138,12,55,1375
2021,April,4,Odisha,Cuttack,851,159,119,10,47,1186
2021,April,4,Odisha,Rourkela,987,185,138,12,55,1377
2021,April,4,Odisha,Sambalpur,1101,206,154,13,61,1535
2021,April,4,Odisha,Berhampur,986,184,138,12,55,1375
2021,April,4,Assam,Guwahati,902,169,126,11,50,1258
2021,April,4,Assam,Silchar,1139,213,160,14,64,1590
2021,April,4,Assam,Dibrugarh,878,164,123,10,49,1224
2021,April,4,Assam,Jorhat,836,156,117,10,47,1166
2021,April,4,Assam,Nagaon,984,184,138,12,55,1373
2021,May,5,Maharashtra,Mumbai,1675,314,235,20,94,2338
2021,May,5,Maharashtra,Pune,2043,383,287,25,114,2852
2021,May,5,Maharashtra,Nagpur,2153,403,302,26,121,3005
2021,May,5,Maharashtra,Nashik,2108,395,296,26,118,2943
2021,May,5,Maharashtra,Aurangabad,2098,393,295,26,118,2930
2021,May,5,Karnataka,Bengaluru,1728,324,243,21,97,2413
2021,May,5,Karnataka,Mysuru,1838,344,258,22,103,2565
2021,May,5,Karnataka,Hubballi,1903,356,267,23,107,2656
2021,May,5,Karnataka,Mangaluru,2146,402,301,26,120,2995
2021,May,5,Karnataka,Belagavi,1605,300,225,20,90,2240
2021,May,5,Tamil Nadu,Chennai,1561,292,219,19,87,2178
2021,May,5,Tamil Nadu,Coimbatore,1613,302,226,20,90,2251
2021,May,5,Tamil Nadu,Madurai,1675,314,235,20,94,2338
2021,May,5,Tamil Nadu,Salem,1527,286,214,19,85,2131
2021,May,5,Tamil Nadu,Tiruchirappalli,1755,329,246,21,98,2449
2021,May,5,Telangana,Hyderabad,1200,225,168,15,67,1675
2021,May,5,Telangana,Warangal,1134,212,159,14,63,1582
2021,May,5,Telangana,Karimnagar,1095,205,153,13,61,1527
2021,May,5,Telangana,Nizamabad,872,163,122,10,49,1216
2021,May,5,Telangana,Khammam,1189,223,167,14,66,1659
2021,May,5,Gujarat,Ahmedabad,1124,210,158,14,63,1569
2021,May,5,Gujarat,Surat,1003,188,141,12,56,1400
2021,May,5,Gujarat,Vadodara,1057,198,148,13,59,1475
2021,May,5,Gujarat,Rajkot,1129,211,158,14,63,1575
2021,May,5,Gujarat,Bhavnagar,1016,190,142,12,57,1417
2021,May,5,Uttar Pradesh,Lucknow,1984,372,279,24,111,2770
2021,May,5,Uttar Pradesh,Kanpur,1912,358,268,23,107,2668
2021,May,5,Uttar Pradesh,Agra,1891,354,265,23,106,2639
2021,May,5,Uttar Pradesh,Varanasi,1880,352,264,23,105,2624
2021,May,5,Uttar Pradesh,Prayagraj,1472,276,207,18,82,2055
2021,May,5,Kerala,Thiruvananthapuram,1219,228,171,15,68,1701
2021,May,5,Kerala,Kochi,1172,219,164,14,65,1634
2021,May,5,Kerala,Kozhikode,1004,188,141,12,56,1401
2021,May,5,Kerala,Thrissur,1120,210,157,14,63,1564
2021,May,5,Kerala,Kollam,1065,199,149,13,59,1485
2021,May,5,Rajasthan,Jaipur,849,159,119,10,47,1184
2021,May,5,Rajasthan,Jodhpur,987,185,138,12,55,1377
2021,May,5,Rajasthan,Udaipur,930,174,130,11,52,1297
2021,May,5,Rajasthan,Kota,1167,218,164,14,65,1628
2021,May,5,Rajasthan,Ajmer,1075,201,151,13,60,1500
2021,May,5,West Bengal,Kolkata,966,181,135,12,54,1348
2021,May,5,West Bengal,Howrah,1238,232,174,15,69,1728
2021,May,5,West Bengal,Siliguri,1210,226,170,15,68,1689
2021,May,5,West Bengal,Durgapur,855,160,120,10,48,1193
2021,May,5,West Bengal,Asansol,1001,187,140,12,56,1396
2021,May,5,Andhra Pradesh,Visakhapatnam,1093,205,153,13,61,1525
2021,May,5,Andhra Pradesh,Vijayawada,1205,226,169,15,67,1682
2021,May,5,Andhra Pradesh,Guntur,1102,206,154,13,61,1536
2021,May,5,Andhra Pradesh,Tirupati,1198,224,168,14,67,1671
2021,May,5,Andhra Pradesh,Kurnool,1051,197,147,13,59,1467
2021,May,5,Madhya Pradesh,Bhopal,850,159,119,10,47,1185
2021,May,5,Madhya Pradesh,Indore,1080,202,151,13,60,1506
2021,May,5,Madhya Pradesh,Jabalpur,959,179,134,11,53,1336
2021,May,5,Madhya Pradesh,Gwalior,961,180,135,12,54,1342
2021,May,5,Madhya Pradesh,Ujjain,1077,202,151,13,60,1503
2021,May,5,Punjab,Ludhiana,915,171,128,11,51,1276
2021,May,5,Punjab,Amritsar,1080,202,152,13,60,1507
2021,May,5,Punjab,Jalandhar,1189,223,167,14,66,1659
2021,May,5,Punjab,Patiala,845,158,118,10,47,1178
2021,May,5,Punjab,Bathinda,1155,216,162,14,65,1612
2021,May,5,Bihar,Patna,1035,194,145,12,58,1444
2021,May,5,Bihar,Gaya,1044,195,146,13,58,1456
2021,May,5,Bihar,Muzaffarpur,958,179,134,11,53,1335
2021,May,5,Bihar,Bhagalpur,1171,219,164,14,65,1633
2021,May,5,Bihar,Purnia,873,163,122,10,49,1217
2021,May,5,Odisha,Bhubaneswar,1038,194,146,12,58,1448
2021,May,5,Odisha,Cuttack,1154,216,162,14,64,1610
2021,May,5,Odisha,Rourkela,892,167,125,11,50,1245
2021,May,5,Odisha,Sambalpur,960,180,135,12,54,1341
2021,May,5,Odisha,Berhampur,1162,217,163,14,65,1621
2021,May,5,Assam,Guwahati,1015,190,142,12,57,1416
2021,May,5,Assam,Silchar,1132,212,159,14,63,1580
2021,May,5,Assam,Dibrugarh,835,156,117,10,47,1165
2021,May,5,Assam,Jorhat,865,162,121,10,48,1206
2021,May,5,Assam,Nagaon,868,162,122,10,48,1210
2021,June,6,Maharashtra,Mumbai,1862,349,261,23,104,2599
2021,June,6,Maharashtra,Pune,2003,375,281,25,112,2796
2021,June,6,Maharashtra,Nagpur,1596,299,224,19,89,2227
2021,June,6,Maharashtra,Nashik,1953,366,274,24,109,2726
2021,June,6,Maharashtra,Aurangabad,1690,316,237,21,95,2359
2021,June,6,Karnataka,Bengaluru,1693,317,238,21,95,2364
2021,June,6,Karnataka,Mysuru,1570,294,220,19,88,2191
2021,June,6,Karnataka,Hubballi,1787,335,251,22,100,2495
2021,June,6,Karnataka,Mangaluru,1534,287,215,19,86,2141
2021,June,6,Karnataka,Belagavi,1502,281,211,18,84,2096
2021,June,6,Tamil Nadu,Chennai,2038,382,286,25,114,2845
2021,June,6,Tamil Nadu,Coimbatore,1958,367,275,24,110,2734
2021,June,6,Tamil Nadu,Madurai,2033,381,285,25,114,2838
2021,June,6,Tamil Nadu,Salem,1531,287,215,19,86,2138
2021,June,6,Tamil Nadu,Tiruchirappalli,1702,319,239,21,95,2376
2021,June,6,Telangana,Hyderabad,865,162,121,10,48,1206
2021,June,6,Telangana,Warangal,1092,204,153,13,61,1523
2021,June,6,Telangana,Karimnagar,1055,197,148,13,59,1472
2021,June,6,Telangana,Nizamabad,1208,226,169,15,67,1685
2021,June,6,Telangana,Khammam,840,157,118,10,47,1172
2021,June,6,Gujarat,Ahmedabad,878,164,123,10,49,1224
2021,June,6,Gujarat,Surat,1091,204,153,13,61,1522
2021,June,6,Gujarat,Vadodara,1137,213,160,14,64,1588
2021,June,6,Gujarat,Rajkot,1064,199,149,13,59,1484
2021,June,6,Gujarat,Bhavnagar,1116,209,156,13,62,1556
2021,June,6,Uttar Pradesh,Lucknow,1910,358,268,23,107,2666
2021,June,6,Uttar Pradesh,Kanpur,1839,344,258,22,103,2566
2021,June,6,Uttar Pradesh,Agra,1755,329,246,21,98,2449
2021,June,6,Uttar Pradesh,Varanasi,1491,279,209,18,83,2080
2021,June,6,Uttar Pradesh,Prayagraj,1616,303,227,20,90,2256
2021,June,6,Kerala,Thiruvananthapuram,919,172,129,11,51,1282
2021,June,6,Kerala,Kochi,1112,208,156,13,62,1551
2021,June,6,Kerala,Kozhikode,1188,222,167,14,66,1657
2021,June,6,Kerala,Thrissur,1020,191,143,12,57,1423
2021,June,6,Kerala,Kollam,1148,215,161,14,64,1602
2021,June,6,Rajasthan,Jaipur,897,168,126,11,50,1252
2021,June,6,Rajasthan,Jodhpur,1115,209,156,13,62,1555
2021,June,6,Rajasthan,Udaipur,1120,210,157,14,63,1564
2021,June,6,Rajasthan,Kota,1189,223,167,14,66,1659
2021,June,6,Rajasthan,Ajmer,900,168,126,11,50,1255
2021,June,6,West Bengal,Kolkata,1100,206,154,13,61,1534
2021,June,6,West Bengal,Howrah,1002,188,141,12,56,1399
2021,June,6,West Bengal,Siliguri,1052,197,148,13,59,1469
2021,June,6,West Bengal,Durgapur,934,175,131,11,52,1303
2021,June,6,West Bengal,Asansol,1163,218,163,14,65,1623
2021,June,6,Andhra Pradesh,Visakhapatnam,1160,217,163,14,65,1619
2021,June,6,Andhra Pradesh,Vijayawada,1072,201,150,13,60,1496
2021,June,6,Andhra Pradesh,Guntur,1058,198,148,13,59,1476
2021,June,6,Andhra Pradesh,Tirupati,1026,192,144,12,57,1431
2021,June,6,Andhra Pradesh,Kurnool,918,172,129,11,51,1281
2021,June,6,Madhya Pradesh,Bhopal,1100,206,154,13,61,1534
2021,June,6,Madhya Pradesh,Indore,1127,211,158,14,63,1573
2021,June,6,Madhya Pradesh,Jabalpur,1137,213,159,14,63,1586
2021,June,6,Madhya Pradesh,Gwalior,1128,211,158,14,63,1574
2021,June,6,Madhya Pradesh,Ujjain,1087,203,152,13,61,1516
2021,June,6,Punjab,Ludhiana,1228,230,172,15,69,1714
2021,June,6,Punjab,Amritsar,1126,211,158,14,63,1572
2021,June,6,Punjab,Jalandhar,1162,218,163,14,65,1622
2021,June,6,Punjab,Patiala,942,176,132,11,53,1314
2021,June,6,Punjab,Bathinda,1176,220,165,14,66,1641
2021,June,6,Bihar,Patna,1190,223,167,14,66,1660
2021,June,6,Bihar,Gaya,848,159,119,10,47,1183
2021,June,6,Bihar,Muzaffarpur,1170,219,164,14,65,1632
2021,June,6,Bihar,Bhagalpur,1027,192,144,12,57,1432
2021,June,6,Bihar,Purnia,968,181,136,12,54,1351
2021,June,6,Odisha,Bhubaneswar,982,184,138,12,55,1371
2021,June,6,Odisha,Cuttack,1054,197,148,13,59,1471
2021,June,6,Odisha,Rourkela,947,177,133,11,53,1321
2021,June,6,Odisha,Sambalpur,1096,205,154,13,61,1529
2021,June,6,Odisha,Berhampur,1096,205,154,13,61,1529
2021,June,6,Assam,Guwahati,994,186,139,12,55,1386
2021,June,6,Assam,Silchar,969,181,136,12,54,1352
2021,June,6,Assam,Dibrugarh,1041,195,146,13,58,1453
2021,June,6,Assam,Jorhat,873,163,122,10,49,1217
2021,June,6,Assam,Nagaon,1079,202,151,13,60,1505
2021,July,7,Maharashtra,Mumbai,1541,288,216,19,86,2150
2021,July,7,Maharashtra,Pune,2063,386,290,25,116,2880
2021,July,7,Maharashtra,Nagpur,2030,380,285,25,114,2834
2021,July,7,Maharashtra,Nashik,1720,322,241,21,96,2400
2021,July,7,Maharashtra,Aurangabad,1738,325,244,21,97,2425
2021,July,7,Karnataka,Bengaluru,1570,294,220,19,88,2191
2021,July,7,Karnataka,Mysuru,1829,342,257,22,102,2552
2021,July,7,Karnataka,Hubballi,1993,373,280,24,112,2782
2021,July,7,Karnataka,Mangaluru,1476,276,207,18,83,2060
2021,July,7,Karnataka,Belagavi,1661,311,233,20,93,2318
2021,July,7,Tamil Nadu,Chennai,2076,389,292,25,116,2898
2021,July,7,Tamil Nadu,Coimbatore,1596,299,224,19,89,2227
2021,July,7,Tamil Nadu,Madurai,2043,383,287,25,114,2852
2021,July,7,Tamil Nadu,Salem,1739,326,244,21,97,2427
2021,July,7,Tamil Nadu,Tiruchirappalli,1947,365,273,24,109,2718
2021,July,7,Telangana,Hyderabad,1010,189,142,12,56,1409
2021,July,7,Telangana,Warangal,1132,212,159,14,63,1580
2021,July,7,Telangana,Karimnagar,1195,224,168,14,67,1668
2021,July,7,Telangana,Nizamabad,1183,221,166,14,66,1650
2021,July,7,Telangana,Khammam,904,169,127,11,50,1261
2021,July,7,Gujarat,Ahmedabad,1008,189,141,12,56,1406
2021,July,7,Gujarat,Surat,1152,216,162,14,64,1608
2021,July,7,Gujarat,Vadodara,859,161,120,10,48,1198
2021,July,7,Gujarat,Rajkot,1207,226,169,15,67,1684
2021,July,7,Gujarat,Bhavnagar,1219,228,171,15,68,1701
2021,July,7,Uttar Pradesh,Lucknow,2015,377,283,25,113,2813
2021,July,7,Uttar Pradesh,Kanpur,1775,332,249,22,99,2477
2021,July,7,Uttar Pradesh,Agra,1697,318,238,21,95,2369
2021,July,7,Uttar Pradesh,Varanasi,1974,370,277,24,111,2756
2021,July,7,Uttar Pradesh,Prayagraj,2014,377,283,25,113,2812
2021,July,7,Kerala,Thiruvananthapuram,968,181,136,12,54,1351
2021,July,7,Kerala,Kochi,1211,227,170,15,68,1691
2021,July,7,Kerala,Kozhikode,863,161,121,10,48,1203
2021,July,7,Kerala,Thrissur,961,180,135,12,54,1342
2021,July,7,Kerala,Kollam,875,164,123,10,49,1221
2021,July,7,Rajasthan,Jaipur,983,184,138,12,55,1372
2021,July,7,Rajasthan,Jodhpur,961,180,135,12,54,1342
2021,July,7,Rajasthan,Udaipur,1009,189,142,12,56,1408
2021,July,7,Rajasthan,Kota,862,161,121,10,48,1202
2021,July,7,Rajasthan,Ajmer,1131,212,159,14,63,1579
2021,July,7,West Bengal,Kolkata,920,172,129,11,51,1283
2021,July,7,West Bengal,Howrah,1030,193,144,12,57,1436
2021,July,7,West Bengal,Siliguri,1189,223,167,14,66,1659
2021,July,7,West Bengal,Durgapur,997,187,140,12,56,1392
2021,July,7,West Bengal,Asansol,872,163,122,10,49,1216
2021,July,7,Andhra Pradesh,Visakhapatnam,1188,222,167,14,66,1657
2021,July,7,Andhra Pradesh,Vijayawada,863,161,121,10,48,1203
2021,July,7,Andhra Pradesh,Guntur,977,183,137,12,54,1363
2021,July,7,Andhra Pradesh,Tirupati,1064,199,149,13,59,1484
2021,July,7,Andhra Pradesh,Kurnool,1230,230,173,15,69,1717
2021,July,7,Madhya Pradesh,Bhopal,981,183,137,12,55,1368
2021,July,7,Madhya Pradesh,Indore,1049,196,147,13,59,1464
2021,July,7,Madhya Pradesh,Jabalpur,1120,210,157,14,63,1564
2021,July,7,Madhya Pradesh,Gwalior,1159,217,163,14,65,1618
2021,July,7,Madhya Pradesh,Ujjain,1036,194,145,12,58,1445
2021,July,7,Punjab,Ludhiana,1165,218,163,14,65,1625
2021,July,7,Punjab,Amritsar,1101,206,154,13,61,1535
2021,July,7,Punjab,Jalandhar,1113,208,156,13,62,1552
2021,July,7,Punjab,Patiala,1046,196,147,13,58,1460
2021,July,7,Punjab,Bathinda,886,166,124,11,49,1236
2021,July,7,Bihar,Patna,1137,213,159,14,63,1586
2021,July,7,Bihar,Gaya,1071,200,150,13,60,1494
2021,July,7,Bihar,Muzaffarpur,994,186,139,12,55,1386
2021,July,7,Bihar,Bhagalpur,1004,188,141,12,56,1401
2021,July,7,Bihar,Purnia,989,185,139,12,55,1380
2021,July,7,Odisha,Bhubaneswar,942,176,132,11,53,1314
2021,July,7,Odisha,Cuttack,1188,222,167,14,66,1657
2021,July,7,Odisha,Rourkela,918,172,129,11,51,1281
2021,July,7,Odisha,Sambalpur,1113,208,156,13,62,1552
2021,July,7,Odisha,Berhampur,1150,215,161,14,64,1604
2021,July,7,Assam,Guwahati,855,160,120,10,48,1193
2021,July,7,Assam,Silchar,958,179,134,11,53,1335
2021,July,7,Assam,Dibrugarh,1021,191,143,12,57,1424
2021,July,7,Assam,Jorhat,1097,205,154,13,61,1530
2021,July,7,Assam,Nagaon,1071,200,150,13,60,1494
2021,August,8,Maharashtra,Mumbai,1680,315,236,21,94,2346
2021,August,8,Maharashtra,Pune,2089,391,293,26,117,2916
2021,August,8,Maharashtra,Nagpur,1735,325,244,21,97,2422
2021,August,8,Maharashtra,Nashik,1668,312,234,20,93,2327
2021,August,8,Maharashtra,Aurangabad,2081,390,292,26,117,2906
2021,August,8,Karnataka,Bengaluru,1927,361,271,24,108,2691
2021,August,8,Karnataka,Mysuru,1730,324,243,21,97,2415
2021,August,8,Karnataka,Hubballi,1824,342,256,22,102,2546
2021,August,8,Karnataka,Mangaluru,1692,317,238,21,95,2363
2021,August,8,Karnataka,Belagavi,1487,278,209,18,83,2075
2021,August,8,Tamil Nadu,Chennai,1484,278,208,18,83,2071
2021,August,8,Tamil Nadu,Coimbatore,1929,361,271,24,108,2693
2021,August,8,Tamil Nadu,Madurai,2106,395,296,26,118,2941
2021,August,8,Tamil Nadu,Salem,1791,335,251,22,100,2499
2021,August,8,Tamil Nadu,Tiruchirappalli,2029,380,285,25,114,2833
2021,August,8,Telangana,Hyderabad,1222,229,171,15,68,1705
2021,August,8,Telangana,Warangal,848,159,119,10,47,1183
2021,August,8,Telangana,Karimnagar,1165,218,163,14,65,1625
2021,August,8,Telangana,Nizamabad,1219,228,171,15,68,1701
2021,August,8,Telangana,Khammam,1005,188,141,12,56,1402
2021,August,8,Gujarat,Ahmedabad,893,167,125,11,50,1246
2021,August,8,Gujarat,Surat,1090,204,153,13,61,1521
2021,August,8,Gujarat,Vadodara,849,159,119,10,47,1184
2021,August,8,Gujarat,Rajkot,968,181,136,12,54,1351
2021,August,8,Gujarat,Bhavnagar,1117,209,157,13,62,1558
2021,August,8,Uttar Pradesh,Lucknow,1735,325,244,21,97,2422
2021,August,8,Uttar Pradesh,Kanpur,1863,349,262,23,104,2601
2021,August,8,Uttar Pradesh,Agra,1871,350,263,23,105,2612
2021,August,8,Uttar Pradesh,Varanasi,1978,370,278,24,111,2761
2021,August,8,Uttar Pradesh,Prayagraj,1939,363,272,24,109,2707
2021,August,8,Kerala,Thiruvananthapuram,1180,221,165,14,66,1646
2021,August,8,Kerala,Kochi,987,185,138,12,55,1377
2021,August,8,Kerala,Kozhikode,1183,221,166,14,66,1650
2021,August,8,Kerala,Thrissur,1066,199,149,13,59,1486
2021,August,8,Kerala,Kollam,1090,204,153,13,61,1521
2021,August,8,Rajasthan,Jaipur,888,166,124,11,49,1238
2021,August,8,Rajasthan,Jodhpur,860,161,120,10,48,1199
2021,August,8,Rajasthan,Udaipur,999,187,140,12,56,1394
2021,August,8,Rajasthan,Kota,1103,206,155,13,62,1539
2021,August,8,Rajasthan,Ajmer,1124,210,158,14,63,1569
2021,August,8,West Bengal,Kolkata,1099,206,154,13,61,1533
2021,August,8,West Bengal,Howrah,1175,220,165,14,66,1640
2021,August,8,West Bengal,Siliguri,835,156,117,10,46,1164
2021,August,8,West Bengal,Durgapur,1159,217,163,14,65,1618
2021,August,8,West Bengal,Asansol,1223,229,172,15,68,1707
2021,August,8,Andhra Pradesh,Visakhapatnam,1074,201,151,13,60,1499
2021,August,8,Andhra Pradesh,Vijayawada,1064,199,149,13,59,1484
2021,August,8,Andhra Pradesh,Guntur,980,183,137,12,55,1367
2021,August,8,Andhra Pradesh,Tirupati,1072,201,150,13,60,1496
2021,August,8,Andhra Pradesh,Kurnool,1144,214,160,14,64,1596
2021,August,8,Madhya Pradesh,Bhopal,854,160,120,10,48,1192
2021,August,8,Madhya Pradesh,Indore,899,168,126,11,50,1254
2021,August,8,Madhya Pradesh,Jabalpur,935,175,131,11,52,1304
2021,August,8,Madhya Pradesh,Gwalior,964,180,135,12,54,1345
2021,August,8,Madhya Pradesh,Ujjain,1098,206,154,13,61,1532
2021,August,8,Punjab,Ludhiana,962,180,135,12,54,1343
2021,August,8,Punjab,Amritsar,1148,215,161,14,64,1602
2021,August,8,Punjab,Jalandhar,1003,188,141,12,56,1400
2021,August,8,Punjab,Patiala,880,165,123,11,49,1228
2021,August,8,Punjab,Bathinda,1028,192,144,12,57,1433
2021,August,8,Bihar,Patna,923,173,129,11,51,1287
2021,August,8,Bihar,Gaya,1012,189,142,12,56,1411
2021,August,8,Bihar,Muzaffarpur,996,186,140,12,56,1390
2021,August,8,Bihar,Bhagalpur,1181,221,166,14,66,1648
2021,August,8,Bihar,Purnia,1100,206,154,13,61,1534
2021,August,8,Odisha,Bhubaneswar,1013,189,142,12,56,1412
2021,August,8,Odisha,Cuttack,1041,195,146,13,58,1453
2021,August,8,Odisha,Rourkela,904,169,127,11,50,1261
2021,August,8,Odisha,Sambalpur,936,175,131,11,52,1305
2021,August,8,Odisha,Berhampur,1111,208,156,13,62,1550
2021,August,8,Assam,Guwahati,981,183,137,12,55,1368
2021,August,8,Assam,Silchar,1015,190,142,12,57,1416
2021,August,8,Assam,Dibrugarh,1146,214,161,14,64,1599
2021,August,8,Assam,Jorhat,1113,208,156,13,62,1552
2021,August,8,Assam,Nagaon,1094,205,153,13,61,1526
2021,September,9,Maharashtra,Mumbai,1745,327,245,21,98,2436
2021,September,9,Maharashtra,Pune,1740,326,244,21,97,2428
2021,September,9,Maharashtra,Nagpur,2054,385,288,25,115,2867
2021,September,9,Maharashtra,Nashik,1910,358,268,23,107,2666
2021,September,9,Maharashtra,Aurangabad,1689,316,237,21,95,2358
2021,September,9,Karnataka,Bengaluru,1499,281,210,18,84,2092
2021,September,9,Karnataka,Mysuru,1777,333,249,22,99,2480
2021,September,9,Karnataka,Hubballi,2029,380,285,25,114,2833
2021,September,9,Karnataka,Mangaluru,1822,341,256,22,102,2543
2021,September,9,Karnataka,Belagavi,2179,408,306,27,122,3042
2021,September,9,Tamil Nadu,Chennai,1783,334,250,22,100,2489
2021,September,9,Tamil Nadu,Coimbatore,1663,311,233,20,93,2320
2021,September,9,Tamil Nadu,Madurai,2110,395,296,26,118,2945
2021,September,9,Tamil Nadu,Salem,2015,377,283,25,113,2813
2021,September,9,Tamil Nadu,Tiruchirappalli,1757,329,247,21,98,2452
2021,September,9,Telangana,Hyderabad,1201,225,168,15,67,1676
2021,September,9,Telangana,Warangal,1034,194,145,12,58,1443
2021,September,9,Telangana,Karimnagar,1239,232,174,15,69,1729
2021,September,9,Telangana,Nizamabad,1093,205,153,13,61,1525
2021,September,9,Telangana,Khammam,893,167,125,11,50,1246
2021,September,9,Gujarat,Ahmedabad,863,161,121,10,48,1203
2021,September,9,Gujarat,Surat,1123,210,157,14,63,1567
2021,September,9,Gujarat,Vadodara,1072,201,150,13,60,1496
2021,September,9,Gujarat,Rajkot,838,157,117,10,47,1169
2021,September,9,Gujarat,Bhavnagar,1139,213,160,14,64,1590
2021,September,9,Uttar Pradesh,Lucknow,1473,276,207,18,82,2056
2021,September,9,Uttar Pradesh,Kanpur,2085,391,293,26,117,2912
2021,September,9,Uttar Pradesh,Agra,2065,387,290,25,116,2883
2021,September,9,Uttar Pradesh,Varanasi,1880,352,264,23,105,2624
2021,September,9,Uttar Pradesh,Prayagraj,1693,317,238,21,95,2364
2021,September,9,Kerala,Thiruvananthapuram,968,181,136,12,54,1351
2021,September,9,Kerala,Kochi,1100,206,154,13,61,1534
2021,September,9,Kerala,Kozhikode,1119,209,157,13,62,1560
2021,September,9,Kerala,Thrissur,916,171,128,11,51,1277
2021,September,9,Kerala,Kollam,1218,228,171,15,68,1700
2021,September,9,Rajasthan,Jaipur,1185,222,166,14,66,1653
2021,September,9,Rajasthan,Jodhpur,963,180,135,12,54,1344
2021,September,9,Rajasthan,Udaipur,858,160,120,10,48,1196
2021,September,9,Rajasthan,Kota,877,164,123,10,49,1223
2021,September,9,Rajasthan,Ajmer,997,187,140,12,56,1392
2021,September,9,West Bengal,Kolkata,1087,203,152,13,61,1516
2021,September,9,West Bengal,Howrah,1110,208,156,13,62,1549
2021,September,9,West Bengal,Siliguri,839,157,118,10,47,1171
2021,September,9,West Bengal,Durgapur,1131,212,159,14,63,1579
2021,September,9,West Bengal,Asansol,914,171,128,11,51,1275
2021,September,9,Andhra Pradesh,Visakhapatnam,854,160,120,10,48,1192
2021,September,9,Andhra Pradesh,Vijayawada,916,171,128,11,51,1277
2021,September,9,Andhra Pradesh,Guntur,1163,218,163,14,65,1623
2021,September,9,Andhra Pradesh,Tirupati,903,169,127,11,50,1260
2021,September,9,Andhra Pradesh,Kurnool,1192,223,167,14,67,1663
2021,September,9,Madhya Pradesh,Bhopal,1224,229,172,15,68,1708
2021,September,9,Madhya Pradesh,Indore,894,167,125,11,50,1247
2021,September,9,Madhya Pradesh,Jabalpur,948,177,133,11,53,1322
2021,September,9,Madhya Pradesh,Gwalior,1209,226,170,15,68,1688
2021,September,9,Madhya Pradesh,Ujjain,866,162,121,10,48,1207
2021,September,9,Punjab,Ludhiana,1122,210,157,14,63,1566
2021,September,9,Punjab,Amritsar,1003,188,141,12,56,1400
2021,September,9,Punjab,Jalandhar,1005,188,141,12,56,1402
2021,September,9,Punjab,Patiala,1196,224,168,14,67,1669
2021,September,9,Punjab,Bathinda,916,171,128,11,51,1277
2021,September,9,Bihar,Patna,982,184,138,12,55,1371
2021,September,9,Bihar,Gaya,938,175,131,11,52,1307
2021,September,9,Bihar,Muzaffarpur,1232,231,173,15,69,1720
2021,September,9,Bihar,Bhagalpur,1180,221,165,14,66,1646
2021,September,9,Bihar,Purnia,905,169,127,11,50,1262
2021,September,9,Odisha,Bhubaneswar,878,164,123,10,49,1224
2021,September,9,Odisha,Cuttack,959,179,134,11,53,1336
2021,September,9,Odisha,Rourkela,1190,223,167,14,66,1660
2021,September,9,Odisha,Sambalpur,1178,221,165,14,66,1644
2021,September,9,Odisha,Berhampur,1170,219,164,14,65,1632
2021,September,9,Assam,Guwahati,1110,208,156,13,62,1549
2021,September,9,Assam,Silchar,1236,231,173,15,69,1724
2021,September,9,Assam,Dibrugarh,901,168,126,11,50,1256
2021,September,9,Assam,Jorhat,1074,201,151,13,60,1499
2021,September,9,Assam,Nagaon,1162,217,163,14,65,1621
2021,October,10,Maharashtra,Mumbai,2252,422,316,28,126,3144
2021,October,10,Maharashtra,Pune,1820,341,256,22,102,2541
2021,October,10,Maharashtra,Nagpur,2036,381,286,25,114,2842
2021,October,10,Maharashtra,Nashik,2072,388,291,25,116,2892
2021,October,10,Maharashtra,Aurangabad,2527,473,355,31,142,3528
2021,October,10,Karnataka,Bengaluru,2444,458,343,30,137,3412
2021,October,10,Karnataka,Mysuru,2298,431,323,28,129,3209
2021,October,10,Karnataka,Hubballi,1816,340,255,22,102,2535
2021,October,10,Karnataka,Mangaluru,2577,483,362,32,144,3598
2021,October,10,Karnataka,Belagavi,2126,398,299,26,119,2968
2021,October,10,Tamil Nadu,Chennai,2074,388,291,25,116,2894
2021,October,10,Tamil Nadu,Coimbatore,2307,432,324,28,129,3220
2021,October,10,Tamil Nadu,Madurai,2068,387,290,25,116,2886
2021,October,10,Tamil Nadu,Salem,1869,350,262,23,105,2609
2021,October,10,Tamil Nadu,Tiruchirappalli,2536,475,356,31,142,3540
2021,October,10,Telangana,Hyderabad,1028,192,144,12,57,1433
2021,October,10,Telangana,Warangal,1327,248,186,16,74,1851
2021,October,10,Telangana,Karimnagar,1185,222,166,14,66,1653
2021,October,10,Telangana,Nizamabad,1403,263,197,17,78,1958
2021,October,10,Telangana,Khammam,1491,279,209,18,83,2080
2021,October,10,Gujarat,Ahmedabad,1002,188,141,12,56,1399
2021,October,10,Gujarat,Surat,1058,198,148,13,59,1476
2021,October,10,Gujarat,Vadodara,1125,210,158,14,63,1570
2021,October,10,Gujarat,Rajkot,1260,236,177,15,70,1758
2021,October,10,Gujarat,Bhavnagar,1259,236,177,15,70,1757
2021,October,10,Uttar Pradesh,Lucknow,2557,479,359,31,143,3569
2021,October,10,Uttar Pradesh,Kanpur,2063,386,290,25,116,2880
2021,October,10,Uttar Pradesh,Agra,2117,397,297,26,119,2956
2021,October,10,Uttar Pradesh,Varanasi,1773,332,249,22,99,2475
2021,October,10,Uttar Pradesh,Prayagraj,1907,357,268,23,107,2662
2021,October,10,Kerala,Thiruvananthapuram,1069,200,150,13,60,1492
2021,October,10,Kerala,Kochi,1333,250,187,16,75,1861
2021,October,10,Kerala,Kozhikode,1278,239,179,15,71,1782
2021,October,10,Kerala,Thrissur,1492,279,209,18,83,2081
2021,October,10,Kerala,Kollam,1226,229,172,15,68,1710
2021,October,10,Rajasthan,Jaipur,1277,239,179,15,71,1781
2021,October,10,Rajasthan,Jodhpur,1253,235,176,15,70,1749
2021,October,10,Rajasthan,Udaipur,1455,272,204,18,81,2030
2021,October,10,Rajasthan,Kota,1023,191,143,12,57,1426
2021,October,10,Rajasthan,Ajmer,1252,234,176,15,70,1747
2021,October,10,West Bengal,Kolkata,1486,278,209,18,83,2074
2021,October,10,West Bengal,Howrah,1028,192,144,12,57,1433
2021,October,10,West Bengal,Siliguri,1025,192,144,12,57,1430
2021,October,10,West Bengal,Durgapur,1456,273,204,18,81,2032
2021,October,10,West Bengal,Asansol,1424,267,200,17,80,1988
2021,October,10,Andhra Pradesh,Visakhapatnam,1264,237,177,15,71,1764
2021,October,10,Andhra Pradesh,Vijayawada,1109,207,155,13,62,1546
2021,October,10,Andhra Pradesh,Guntur,1487,278,209,18,83,2075
2021,October,10,Andhra Pradesh,Tirupati,1432,268,201,17,80,1998
2021,October,10,Andhra Pradesh,Kurnool,1403,263,197,17,78,1958
2021,October,10,Madhya Pradesh,Bhopal,1423,266,200,17,80,1986
2021,October,10,Madhya Pradesh,Indore,1015,190,142,12,57,1416
2021,October,10,Madhya Pradesh,Jabalpur,999,187,140,12,56,1394
2021,October,10,Madhya Pradesh,Gwalior,1101,206,154,13,61,1535
2021,October,10,Madhya Pradesh,Ujjain,1241,232,174,15,69,1731
2021,October,10,Punjab,Ludhiana,1341,251,188,16,75,1871
2021,October,10,Punjab,Amritsar,1376,258,193,17,77,1921
2021,October,10,Punjab,Jalandhar,1317,246,185,16,74,1838
2021,October,10,Punjab,Patiala,1318,247,185,16,74,1840
2021,October,10,Punjab,Bathinda,1443,270,202,18,81,2014
2021,October,10,Bihar,Patna,1196,224,168,14,67,1669
2021,October,10,Bihar,Gaya,1441,270,202,18,81,2012
2021,October,10,Bihar,Muzaffarpur,1390,260,195,17,78,1940
2021,October,10,Bihar,Bhagalpur,1361,255,191,17,76,1900
2021,October,10,Bihar,Purnia,1224,229,172,15,68,1708
2021,October,10,Odisha,Bhubaneswar,1106,207,155,13,62,1543
2021,October,10,Odisha,Cuttack,1103,206,155,13,62,1539
2021,October,10,Odisha,Rourkela,1006,188,141,12,56,1403
2021,October,10,Odisha,Sambalpur,1385,259,194,17,77,1932
2021,October,10,Odisha,Berhampur,1067,200,150,13,60,1490
2021,October,10,Assam,Guwahati,1300,243,182,16,73,1814
2021,October,10,Assam,Silchar,1143,214,160,14,64,1595
2021,October,10,Assam,Dibrugarh,1113,208,156,13,62,1552
2021,October,10,Assam,Jorhat,1355,254,190,16,76,1891
2021,October,10,Assam,Nagaon,1159,217,163,14,65,1618
2021,November,11,Maharashtra,Mumbai,2267,425,318,28,127,3165
2021,November,11,Maharashtra,Pune,2008,376,282,25,112,2803
2021,November,11,Maharashtra,Nagpur,2519,472,354,31,141,3517
2021,November,11,Maharashtra,Nashik,1828,342,257,22,102,2551
2021,November,11,Maharashtra,Aurangabad,1915,359,269,23,107,2673
2021,November,11,Karnataka,Bengaluru,2257,423,317,28,126,3151
2021,November,11,Karnataka,Mysuru,1776,333,249,22,99,2479
2021,November,11,Karnataka,Hubballi,2360,442,331,29,132,3294
2021,November,11,Karnataka,Mangaluru,2217,415,311,27,124,3094
2021,November,11,Karnataka,Belagavi,2619,491,368,32,147,3657
2021,November,11,Tamil Nadu,Chennai,1909,358,268,23,107,2665
2021,November,11,Tamil Nadu,Coimbatore,2410,452,339,30,135,3366
2021,November,11,Tamil Nadu,Madurai,2614,490,367,32,147,3650
2021,November,11,Tamil Nadu,Salem,2229,418,313,27,125,3112
2021,November,11,Tamil Nadu,Tiruchirappalli,2202,412,309,27,123,3073
2021,November,11,Telangana,Hyderabad,1093,204,153,13,61,1524
2021,November,11,Telangana,Warangal,1301,244,183,16,73,1817
2021,November,11,Telangana,Karimnagar,1279,239,179,15,71,1783
2021,November,11,Telangana,Nizamabad,1052,197,147,13,59,1468
2021,November,11,Telangana,Khammam,1315,246,184,16,73,1834
2021,November,11,Gujarat,Ahmedabad,1228,230,172,15,69,1714
2021,November,11,Gujarat,Surat,1393,261,195,17,78,1944
2021,November,11,Gujarat,Vadodara,1262,236,177,15,70,1760
2021,November,11,Gujarat,Rajkot,1120,210,157,14,63,1564
2021,November,11,Gujarat,Bhavnagar,1130,211,158,14,63,1576
2021,November,11,Uttar Pradesh,Lucknow,2442,458,343,30,137,3410
2021,November,11,Uttar Pradesh,Kanpur,1777,333,249,22,99,2480
2021,November,11,Uttar Pradesh,Agra,1844,345,259,23,103,2574
2021,November,11,Uttar Pradesh,Varanasi,2209,414,310,27,124,3084
2021,November,11,Uttar Pradesh,Prayagraj,2279,427,320,28,128,3182
2021,November,11,Kerala,Thiruvananthapuram,1304,244,183,16,73,1820
2021,November,11,Kerala,Kochi,1068,200,150,13,60,1491
2021,November,11,Kerala,Kozhikode,1119,209,157,13,62,1560
2021,November,11,Kerala,Thrissur,1424,267,200,17,80,1988
2021,November,11,Kerala,Kollam,1344,252,189,16,75,1876
2021,November,11,Rajasthan,Jaipur,1452,272,204,18,81,2027
2021,November,11,Rajasthan,Jodhpur,1201,225,168,15,67,1676
2021,November,11,Rajasthan,Udaipur,1130,211,158,14,63,1576
2021,November,11,Rajasthan,Kota,1095,205,154,13,61,1528
2021,November,11,Rajasthan,Ajmer,1399,262,196,17,78,1952
2021,November,11,West Bengal,Kolkata,1079,202,151,13,60,1505
2021,November,11,West Bengal,Howrah,1290,241,181,16,72,1800
2021,November,11,West Bengal,Siliguri,1048,196,147,13,58,1462
2021,November,11,West Bengal,Durgapur,1047,196,147,13,58,1461
2021,November,11,West Bengal,Asansol,1167,218,164,14,65,1628
2021,November,11,Andhra Pradesh,Visakhapatnam,1330,249,187,16,74,1856
2021,November,11,Andhra Pradesh,Vijayawada,1002,187,140,12,56,1397
2021,November,11,Andhra Pradesh,Guntur,1236,231,173,15,69,1724
2021,November,11,Andhra Pradesh,Tirupati,1240,232,174,15,69,1730
2021,November,11,Andhra Pradesh,Kurnool,1388,260,195,17,78,1938
2021,November,11,Madhya Pradesh,Bhopal,1243,233,174,15,69,1734
2021,November,11,Madhya Pradesh,Indore,1138,213,160,14,64,1589
2021,November,11,Madhya Pradesh,Jabalpur,1477,277,207,18,83,2062
2021,November,11,Madhya Pradesh,Gwalior,999,187,140,12,56,1394
2021,November,11,Madhya Pradesh,Ujjain,1320,247,185,16,74,1842
2021,November,11,Punjab,Ludhiana,1330,249,187,16,74,1856
2021,November,11,Punjab,Amritsar,1207,226,169,15,67,1684
2021,November,11,Punjab,Jalandhar,1380,258,194,17,77,1926
2021,November,11,Punjab,Patiala,1249,234,175,15,70,1743
2021,November,11,Punjab,Bathinda,1344,252,189,16,75,1876
2021,November,11,Bihar,Patna,1343,251,188,16,75,1873
2021,November,11,Bihar,Gaya,1279,239,179,15,71,1783
2021,November,11,Bihar,Muzaffarpur,1490,279,209,18,83,2079
2021,November,11,Bihar,Bhagalpur,1124,210,158,14,63,1569
2021,November,11,Bihar,Purnia,1313,246,184,16,73,1832
2021,November,11,Odisha,Bhubaneswar,1255,235,176,15,70,1751
2021,November,11,Odisha,Cuttack,1093,204,153,13,61,1524
2021,November,11,Odisha,Rourkela,1155,216,162,14,64,1611
2021,November,11,Odisha,Sambalpur,1199,224,168,14,67,1672
2021,November,11,Odisha,Berhampur,1139,213,160,14,64,1590
2021,November,11,Assam,Guwahati,1328,249,186,16,74,1853
2021,November,11,Assam,Silchar,1127,211,158,14,63,1573
2021,November,11,Assam,Dibrugarh,1394,261,196,17,78,1946
2021,November,11,Assam,Jorhat,1257,235,176,15,70,1753
2021,November,11,Assam,Nagaon,1214,227,170,15,68,1694
2021,December,12,Maharashtra,Mumbai,2241,420,315,28,126,3130
2021,December,12,Maharashtra,Pune,2062,386,290,25,116,2879
2021,December,12,Maharashtra,Nagpur,2004,375,281,25,112,2797
2021,December,12,Maharashtra,Nashik,2199,412,309,27,123,3070
2021,December,12,Maharashtra,Aurangabad,2451,459,344,30,137,3421
2021,December,12,Karnataka,Bengaluru,2367,443,332,29,133,3304
2021,December,12,Karnataka,Mysuru,2161,405,303,27,121,3017
2021,December,12,Karnataka,Hubballi,2632,493,370,32,148,3675
2021,December,12,Karnataka,Mangaluru,2200,412,309,27,123,3071
2021,December,12,Karnataka,Belagavi,2579,483,362,32,145,3601
2021,December,12,Tamil Nadu,Chennai,1997,374,280,24,112,2787
2021,December,12,Tamil Nadu,Coimbatore,2036,381,286,25,114,2842
2021,December,12,Tamil Nadu,Madurai,2456,460,345,30,138,3429
2021,December,12,Tamil Nadu,Salem,2298,430,323,28,129,3208
2021,December,12,Tamil Nadu,Tiruchirappalli,2187,410,307,27,123,3054
2021,December,12,Telangana,Hyderabad,1105,207,155,13,62,1542
2021,December,12,Telangana,Warangal,1112,208,156,13,62,1551
2021,December,12,Telangana,Karimnagar,1207,226,169,15,67,1684
2021,December,12,Telangana,Nizamabad,1389,260,195,17,78,1939
2021,December,12,Telangana,Khammam,1433,268,201,17,80,1999
2021,December,12,Gujarat,Ahmedabad,1354,253,190,16,76,1889
2021,December,12,Gujarat,Surat,1126,211,158,14,63,1572
2021,December,12,Gujarat,Vadodara,1055,197,148,13,59,1472
2021,December,12,Gujarat,Rajkot,1435,269,201,17,80,2002
2021,December,12,Gujarat,Bhavnagar,1425,267,200,17,80,1989
2021,December,12,Uttar Pradesh,Lucknow,2356,441,331,29,132,3289
2021,December,12,Uttar Pradesh,Kanpur,2070,388,291,25,116,2890
2021,December,12,Uttar Pradesh,Agra,2070,388,291,25,116,2890
2021,December,12,Uttar Pradesh,Varanasi,2158,404,303,26,121,3012
2021,December,12,Uttar Pradesh,Prayagraj,2426,454,341,30,136,3387
2021,December,12,Kerala,Thiruvananthapuram,1351,253,189,16,75,1884
2021,December,12,Kerala,Kochi,1258,235,176,15,70,1754
2021,December,12,Kerala,Kozhikode,1413,265,198,17,79,1972
2021,December,12,Kerala,Thrissur,1401,262,197,17,78,1955
2021,December,12,Kerala,Kollam,1303,244,183,16,73,1819
2021,December,12,Rajasthan,Jaipur,1034,193,145,12,58,1442
2021,December,12,Rajasthan,Jodhpur,1472,276,207,18,82,2055
2021,December,12,Rajasthan,Udaipur,1018,190,143,12,57,1420
2021,December,12,Rajasthan,Kota,1107,207,155,13,62,1544
2021,December,12,Rajasthan,Ajmer,1451,272,204,18,81,2026
2021,December,12,West Bengal,Kolkata,1470,275,206,18,82,2051
2021,December,12,West Bengal,Howrah,1150,215,161,14,64,1604
2021,December,12,West Bengal,Siliguri,1025,192,144,12,57,1430
2021,December,12,West Bengal,Durgapur,1373,257,193,17,77,1917
2021,December,12,West Bengal,Asansol,1331,249,187,16,74,1857
2021,December,12,Andhra Pradesh,Visakhapatnam,1258,235,176,15,70,1754
2021,December,12,Andhra Pradesh,Vijayawada,1188,222,167,14,66,1657
2021,December,12,Andhra Pradesh,Guntur,1451,272,204,18,81,2026
2021,December,12,Andhra Pradesh,Tirupati,1026,192,144,12,57,1431
2021,December,12,Andhra Pradesh,Kurnool,999,187,140,12,56,1394
2021,December,12,Madhya Pradesh,Bhopal,1303,244,183,16,73,1819
2021,December,12,Madhya Pradesh,Indore,1033,193,145,12,58,1441
2021,December,12,Madhya Pradesh,Jabalpur,1364,255,191,17,76,1903
2021,December,12,Madhya Pradesh,Gwalior,1439,269,202,17,80,2007
2021,December,12,Madhya Pradesh,Ujjain,1325,248,186,16,74,1849
2021,December,12,Punjab,Ludhiana,1343,251,188,16,75,1873
2021,December,12,Punjab,Amritsar,1330,249,187,16,74,1856
2021,December,12,Punjab,Jalandhar,1068,200,150,13,60,1491
2021,December,12,Punjab,Patiala,1102,206,155,13,62,1538
2021,December,12,Punjab,Bathinda,1491,279,209,18,83,2080
2021,December,12,Bihar,Patna,1383,259,194,17,77,1930
2021,December,12,Bihar,Gaya,1117,209,157,13,62,1558
2021,December,12,Bihar,Muzaffarpur,1243,233,174,15,69,1734
2021,December,12,Bihar,Bhagalpur,1077,201,151,13,60,1502
2021,December,12,Bihar,Purnia,1188,222,167,14,66,1657
2021,December,12,Odisha,Bhubaneswar,1363,255,191,17,76,1902
2021,December,12,Odisha,Cuttack,1016,190,142,12,57,1417
2021,December,12,Odisha,Rourkela,1399,262,196,17,78,1952
2021,December,12,Odisha,Sambalpur,1224,229,172,15,68,1708
2021,December,12,Odisha,Berhampur,1470,275,206,18,82,2051
2021,December,12,Assam,Guwahati,1316,246,185,16,74,1837
2021,December,12,Assam,Silchar,1250,234,175,15,70,1744
2021,December,12,Assam,Dibrugarh,1474,276,207,18,82,2057
2021,December,12,Assam,Jorhat,1088,204,153,13,61,1519
2021,December,12,Assam,Nagaon,1400,262,196,17,78,1953
2022,January,1,Maharashtra,Mumbai,2248,421,316,28,126,3139
2022,January,1,Maharashtra,Pune,2585,484,363,32,145,3609
2022,January,1,Maharashtra,Nagpur,2241,420,315,28,126,3130
2022,January,1,Maharashtra,Nashik,2215,415,311,27,124,3092
2022,January,1,Maharashtra,Aurangabad,2731,512,384,34,153,3814
2022,January,1,Karnataka,Bengaluru,2208,414,310,27,124,3083
2022,January,1,Karnataka,Mysuru,1901,356,267,23,106,2653
2022,January,1,Karnataka,Hubballi,2551,478,358,31,143,3561
2022,January,1,Karnataka,Mangaluru,2249,421,316,28,126,3140
2022,January,1,Karnataka,Belagavi,2584,484,363,32,145,3608
2022,January,1,Tamil Nadu,Chennai,1948,365,274,24,109,2720
2022,January,1,Tamil Nadu,Coimbatore,1873,351,263,23,105,2615
2022,January,1,Tamil Nadu,Madurai,1909,357,268,23,107,2664
2022,January,1,Tamil Nadu,Salem,2414,452,339,30,135,3370
2022,January,1,Tamil Nadu,Tiruchirappalli,2057,385,289,25,115,2871
2022,January,1,Telangana,Hyderabad,1095,205,154,13,61,1528
2022,January,1,Telangana,Warangal,1180,221,166,14,66,1647
2022,January,1,Telangana,Karimnagar,1569,294,220,19,88,2190
2022,January,1,Telangana,Nizamabad,1207,226,169,15,67,1684
2022,January,1,Telangana,Khammam,1149,215,161,14,64,1603
2022,January,1,Gujarat,Ahmedabad,1378,258,193,17,77,1923
2022,January,1,Gujarat,Surat,1417,265,199,17,79,1977
2022,January,1,Gujarat,Vadodara,1127,211,158,14,63,1573
2022,January,1,Gujarat,Rajkot,1207,226,169,15,67,1684
2022,January,1,Gujarat,Bhavnagar,1127,211,158,14,63,1573
2022,January,1,Uttar Pradesh,Lucknow,1997,374,280,24,112,2787
2022,January,1,Uttar Pradesh,Kanpur,2354,441,331,29,132,3287
2022,January,1,Uttar Pradesh,Agra,2013,377,283,25,113,2811
2022,January,1,Uttar Pradesh,Varanasi,2189,410,307,27,123,3056
2022,January,1,Uttar Pradesh,Prayagraj,2450,459,344,30,137,3420
2022,January,1,Kerala,Thiruvananthapuram,1387,260,195,17,78,1937
2022,January,1,Kerala,Kochi,1333,250,187,16,75,1861
2022,January,1,Kerala,Kozhikode,1070,200,150,13,60,1493
2022,January,1,Kerala,Thrissur,1085,203,152,13,61,1514
2022,January,1,Kerala,Kollam,1570,294,220,19,88,2191
2022,January,1,Rajasthan,Jaipur,1364,255,191,17,76,1903
2022,January,1,Rajasthan,Jodhpur,1164,218,163,14,65,1624
2022,January,1,Rajasthan,Udaipur,1506,282,211,18,84,2101
2022,January,1,Rajasthan,Kota,1090,204,153,13,61,1521
2022,January,1,Rajasthan,Ajmer,1120,210,157,14,63,1564
2022,January,1,West Bengal,Kolkata,1474,276,207,18,82,2057
2022,January,1,West Bengal,Howrah,1279,239,179,15,71,1783
2022,January,1,West Bengal,Siliguri,1146,214,161,14,64,1599
2022,January,1,West Bengal,Durgapur,1510,283,212,18,84,2107
2022,January,1,West Bengal,Asansol,1282,240,180,16,72,1790
2022,January,1,Andhra Pradesh,Visakhapatnam,1166,218,163,14,65,1626
2022,January,1,Andhra Pradesh,Vijayawada,1468,275,206,18,82,2049
2022,January,1,Andhra Pradesh,Guntur,1062,199,149,13,59,1482
2022,January,1,Andhra Pradesh,Tirupati,1393,261,195,17,78,1944
2022,January,1,Andhra Pradesh,Kurnool,1407,263,197,17,79,1963
2022,January,1,Madhya Pradesh,Bhopal,1134,212,159,14,63,1582
2022,January,1,Madhya Pradesh,Indore,1225,229,172,15,68,1709
2022,January,1,Madhya Pradesh,Jabalpur,1069,200,150,13,60,1492
2022,January,1,Madhya Pradesh,Gwalior,1532,287,215,19,86,2139
2022,January,1,Madhya Pradesh,Ujjain,1529,286,215,19,86,2135
2022,January,1,Punjab,Ludhiana,1253,235,176,15,70,1749
2022,January,1,Punjab,Amritsar,1145,214,161,14,64,1598
2022,January,1,Punjab,Jalandhar,1384,259,194,17,77,1931
2022,January,1,Punjab,Patiala,1308,245,183,16,73,1825
2022,January,1,Punjab,Bathinda,1490,279,209,18,83,2079
2022,January,1,Bihar,Patna,1126,211,158,14,63,1572
2022,January,1,Bihar,Gaya,1487,278,209,18,83,2075
2022,January,1,Bihar,Muzaffarpur,1474,276,207,18,82,2057
2022,January,1,Bihar,Bhagalpur,1321,247,185,16,74,1843
2022,January,1,Bihar,Purnia,1364,255,191,17,76,1903
2022,January,1,Odisha,Bhubaneswar,1512,283,212,18,85,2110
2022,January,1,Odisha,Cuttack,1114,208,156,13,62,1553
2022,January,1,Odisha,Rourkela,1382,259,194,17,77,1929
2022,January,1,Odisha,Sambalpur,1138,213,160,14,64,1589
2022,January,1,Odisha,Berhampur,1073,201,151,13,60,1498
2022,January,1,Assam,Guwahati,1496,280,210,18,84,2088
2022,January,1,Assam,Silchar,1329,249,186,16,74,1854
2022,January,1,Assam,Dibrugarh,1551,290,218,19,87,2165
2022,January,1,Assam,Jorhat,1528,286,214,19,85,2132
2022,January,1,Assam,Nagaon,1312,246,184,16,73,1831
2022,February,2,Maharashtra,Mumbai,1968,369,276,24,110,2747
2022,February,2,Maharashtra,Pune,2405,451,338,30,135,3359
2022,February,2,Maharashtra,Nagpur,2679,502,376,33,150,3740
2022,February,2,Maharashtra,Nashik,2033,381,285,25,114,2838
2022,February,2,Maharashtra,Aurangabad,2025,379,284,25,113,2826
2022,February,2,Karnataka,Bengaluru,2531,474,355,31,142,3533
2022,February,2,Karnataka,Mysuru,2073,388,291,25,116,2893
2022,February,2,Karnataka,Hubballi,2498,468,351,31,140,3488
2022,February,2,Karnataka,Mangaluru,2377,445,334,29,133,3318
2022,February,2,Karnataka,Belagavi,1914,358,269,23,107,2671
2022,February,2,Tamil Nadu,Chennai,2486,466,349,31,139,3471
2022,February,2,Tamil Nadu,Coimbatore,2260,423,317,28,127,3155
2022,February,2,Tamil Nadu,Madurai,1879,352,264,23,105,2623
2022,February,2,Tamil Nadu,Salem,2675,501,376,33,150,3735
2022,February,2,Tamil Nadu,Tiruchirappalli,2716,509,382,33,152,3792
2022,February,2,Telangana,Hyderabad,1534,287,215,19,86,2141
2022,February,2,Telangana,Warangal,1242,233,174,15,69,1733
2022,February,2,Telangana,Karimnagar,1307,245,183,16,73,1824
2022,February,2,Telangana,Nizamabad,1332,249,187,16,74,1858
2022,February,2,Telangana,Khammam,1353,253,190,16,76,1888
2022,February,2,Gujarat,Ahmedabad,1493,279,209,18,83,2082
2022,February,2,Gujarat,Surat,1523,285,214,19,85,2126
2022,February,2,Gujarat,Vadodara,1302,244,183,16,73,1818
2022,February,2,Gujarat,Rajkot,1550,290,218,19,87,2164
2022,February,2,Gujarat,Bhavnagar,1095,205,154,13,61,1528
2022,February,2,Uttar Pradesh,Lucknow,2402,450,337,30,135,3354
2022,February,2,Uttar Pradesh,Kanpur,2315,434,325,28,130,3232
2022,February,2,Uttar Pradesh,Agra,2504,469,352,31,140,3496
2022,February,2,Uttar Pradesh,Varanasi,2147,402,302,26,120,2997
2022,February,2,Uttar Pradesh,Prayagraj,1943,364,273,24,109,2713
2022,February,2,Kerala,Thiruvananthapuram,1197,224,168,14,67,1670
2022,February,2,Kerala,Kochi,1117,209,157,13,62,1558
2022,February,2,Kerala,Kozhikode,1068,200,150,13,60,1491
2022,February,2,Kerala,Thrissur,1174,220,165,14,66,1639
2022,February,2,Kerala,Kollam,1387,260,195,17,78,1937
2022,February,2,Rajasthan,Jaipur,1356,254,190,16,76,1892
2022,February,2,Rajasthan,Jodhpur,1322,247,185,16,74,1844
2022,February,2,Rajasthan,Udaipur,1111,208,156,13,62,1550
2022,February,2,Rajasthan,Kota,1218,228,171,15,68,1700
2022,February,2,Rajasthan,Ajmer,1161,217,163,14,65,1620
2022,February,2,West Bengal,Kolkata,1553,291,218,19,87,2168
2022,February,2,West Bengal,Howrah,1486,278,209,18,83,2074
2022,February,2,West Bengal,Siliguri,1390,260,195,17,78,1940
2022,February,2,West Bengal,Durgapur,1543,289,216,19,86,2153
2022,February,2,West Bengal,Asansol,1271,238,178,15,71,1773
2022,February,2,Andhra Pradesh,Visakhapatnam,1174,220,165,14,66,1639
2022,February,2,Andhra Pradesh,Vijayawada,1299,243,182,16,73,1813
2022,February,2,Andhra Pradesh,Guntur,1158,217,162,14,65,1616
2022,February,2,Andhra Pradesh,Tirupati,1070,200,150,13,60,1493
2022,February,2,Andhra Pradesh,Kurnool,1145,214,161,14,64,1598
2022,February,2,Madhya Pradesh,Bhopal,1409,264,198,17,79,1967
2022,February,2,Madhya Pradesh,Indore,1567,293,220,19,88,2187
2022,February,2,Madhya Pradesh,Jabalpur,1144,214,160,14,64,1596
2022,February,2,Madhya Pradesh,Gwalior,1281,240,180,16,72,1789
2022,February,2,Madhya Pradesh,Ujjain,1078,202,151,13,60,1504
2022,February,2,Punjab,Ludhiana,1533,287,215,19,86,2140
2022,February,2,Punjab,Amritsar,1211,227,170,15,68,1691
2022,February,2,Punjab,Jalandhar,1508,282,212,18,84,2104
2022,February,2,Punjab,Patiala,1197,224,168,14,67,1670
2022,February,2,Punjab,Bathinda,1377,258,193,17,77,1922
2022,February,2,Bihar,Patna,1239,232,174,15,69,1729
2022,February,2,Bihar,Gaya,1417,265,199,17,79,1977
2022,February,2,Bihar,Muzaffarpur,1459,273,205,18,82,2037
2022,February,2,Bihar,Bhagalpur,1568,294,220,19,88,2189
2022,February,2,Bihar,Purnia,1247,233,175,15,70,1740
2022,February,2,Odisha,Bhubaneswar,1213,227,170,15,68,1693
2022,February,2,Odisha,Cuttack,1479,277,208,18,83,2065
2022,February,2,Odisha,Rourkela,1490,279,209,18,83,2079
2022,February,2,Odisha,Sambalpur,1443,270,202,18,81,2014
2022,February,2,Odisha,Berhampur,1508,282,212,18,84,2104
2022,February,2,Assam,Guwahati,1399,262,196,17,78,1952
2022,February,2,Assam,Silchar,1304,244,183,16,73,1820
2022,February,2,Assam,Dibrugarh,1204,225,169,15,67,1680
2022,February,2,Assam,Jorhat,1272,238,178,15,71,1774
2022,February,2,Assam,Nagaon,1381,258,194,17,77,1927
2022,March,3,Maharashtra,Mumbai,2640,495,371,33,148,3687
2022,March,3,Maharashtra,Pune,2508,470,352,31,141,3502
2022,March,3,Maharashtra,Nagpur,2243,420,315,28,126,3132
2022,March,3,Maharashtra,Nashik,1984,372,279,24,111,2770
2022,March,3,Maharashtra,Aurangabad,1959,367,275,24,110,2735
2022,March,3,Karnataka,Bengaluru,1877,352,264,23,105,2621
2022,March,3,Karnataka,Mysuru,2139,401,300,26,120,2986
2022,March,3,Karnataka,Hubballi,2100,393,295,26,118,2932
2022,March,3,Karnataka,Mangaluru,2753,516,387,34,154,3844
2022,March,3,Karnataka,Belagavi,2602,487,365,32,146,3632
2022,March,3,Tamil Nadu,Chennai,2297,430,323,28,129,3207
2022,March,3,Tamil Nadu,Coimbatore,2479,464,348,30,139,3460
2022,March,3,Tamil Nadu,Madurai,2611,489,367,32,146,3645
2022,March,3,Tamil Nadu,Salem,2528,474,355,31,142,3530
2022,March,3,Tamil Nadu,Tiruchirappalli,2788,522,392,34,156,3892
2022,March,3,Telangana,Hyderabad,1079,202,151,13,60,1505
2022,March,3,Telangana,Warangal,1080,202,151,13,60,1506
2022,March,3,Telangana,Karimnagar,1130,211,158,14,63,1576
2022,March,3,Telangana,Nizamabad,1480,277,208,18,83,2066
2022,March,3,Telangana,Khammam,1110,208,156,13,62,1549
2022,March,3,Gujarat,Ahmedabad,1542,289,216,19,86,2152
2022,March,3,Gujarat,Surat,1534,287,215,19,86,2141
2022,March,3,Gujarat,Vadodara,1295,242,182,16,72,1807
2022,March,3,Gujarat,Rajkot,1394,261,196,17,78,1946
2022,March,3,Gujarat,Bhavnagar,1398,262,196,17,78,1951
2022,March,3,Uttar Pradesh,Lucknow,1995,374,280,24,112,2785
2022,March,3,Uttar Pradesh,Kanpur,1991,373,280,24,112,2780
2022,March,3,Uttar Pradesh,Agra,2042,382,287,25,114,2850
2022,March,3,Uttar Pradesh,Varanasi,2529,474,355,31,142,3531
2022,March,3,Uttar Pradesh,Prayagraj,2059,386,289,25,115,2874
2022,March,3,Kerala,Thiruvananthapuram,1249,234,175,15,70,1743
2022,March,3,Kerala,Kochi,1531,287,215,19,86,2138
2022,March,3,Kerala,Kozhikode,1488,279,209,18,83,2077
2022,March,3,Kerala,Thrissur,1402,262,197,17,78,1956
2022,March,3,Kerala,Kollam,1532,287,215,19,86,2139
2022,March,3,Rajasthan,Jaipur,1427,267,200,17,80,1991
2022,March,3,Rajasthan,Jodhpur,1554,291,218,19,87,2169
2022,March,3,Rajasthan,Udaipur,1385,259,194,17,77,1932
2022,March,3,Rajasthan,Kota,1207,226,169,15,67,1684
2022,March,3,Rajasthan,Ajmer,1531,287,215,19,86,2138
2022,March,3,West Bengal,Kolkata,1079,202,151,13,60,1505
2022,March,3,West Bengal,Howrah,1580,296,222,19,88,2205
2022,March,3,West Bengal,Siliguri,1348,252,189,16,75,1880
2022,March,3,West Bengal,Durgapur,1069,200,150,13,60,1492
2022,March,3,West Bengal,Asansol,1087,203,152,13,61,1516
2022,March,3,Andhra Pradesh,Visakhapatnam,1213,227,170,15,68,1693
2022,March,3,Andhra Pradesh,Vijayawada,1416,265,199,17,79,1976
2022,March,3,Andhra Pradesh,Guntur,1074,201,151,13,60,1499
2022,March,3,Andhra Pradesh,Tirupati,1377,258,193,17,77,1922
2022,March,3,Andhra Pradesh,Kurnool,1432,268,201,17,80,1998
2022,March,3,Madhya Pradesh,Bhopal,1345,252,189,16,75,1877
2022,March,3,Madhya Pradesh,Indore,1392,261,195,17,78,1943
2022,March,3,Madhya Pradesh,Jabalpur,1273,238,179,15,71,1776
2022,March,3,Madhya Pradesh,Gwalior,1467,275,206,18,82,2048
2022,March,3,Madhya Pradesh,Ujjain,1327,248,186,16,74,1851
2022,March,3,Punjab,Ludhiana,1342,251,188,16,75,1872
2022,March,3,Punjab,Amritsar,1376,258,193,17,77,1921
2022,March,3,Punjab,Jalandhar,1244,233,175,15,70,1737
2022,March,3,Punjab,Patiala,1104,207,155,13,62,1541
2022,March,3,Punjab,Bathinda,1271,238,178,15,71,1773
2022,March,3,Bihar,Patna,1534,287,215,19,86,2141
2022,March,3,Bihar,Gaya,1369,256,192,17,77,1911
2022,March,3,Bihar,Muzaffarpur,1413,265,198,17,79,1972
2022,March,3,Bihar,Bhagalpur,1337,250,188,16,75,1866
2022,March,3,Bihar,Purnia,1439,269,202,17,80,2007
2022,March,3,Odisha,Bhubaneswar,1142,214,160,14,64,1594
2022,March,3,Odisha,Cuttack,1323,248,186,16,74,1847
2022,March,3,Odisha,Rourkela,1139,213,160,14,64,1590
2022,March,3,Odisha,Sambalpur,1092,204,153,13,61,1523
2022,March,3,Odisha,Berhampur,1575,295,221,19,88,2198
2022,March,3,Assam,Guwahati,1531,287,215,19,86,2138
2022,March,3,Assam,Silchar,1336,250,187,16,75,1864
2022,March,3,Assam,Dibrugarh,1149,215,161,14,64,1603
2022,March,3,Assam,Jorhat,1226,230,172,15,69,1712
2022,March,3,Assam,Nagaon,1465,274,206,18,82,2045
2022,April,4,Maharashtra,Mumbai,2285,428,321,28,128,3190
2022,April,4,Maharashtra,Pune,2054,385,288,25,115,2867
2022,April,4,Maharashtra,Nagpur,2045,383,287,25,115,2855
2022,April,4,Maharashtra,Nashik,2480,465,348,31,139,3463
2022,April,4,Maharashtra,Aurangabad,2600,487,365,32,146,3630
2022,April,4,Karnataka,Bengaluru,2484,465,349,31,139,3468
2022,April,4,Karnataka,Mysuru,1961,367,275,24,110,2737
2022,April,4,Karnataka,Hubballi,2420,453,340,30,136,3379
2022,April,4,Karnataka,Mangaluru,2556,479,359,31,143,3568
2022,April,4,Karnataka,Belagavi,2320,435,326,29,130,3240
2022,April,4,Tamil Nadu,Chennai,1913,358,269,23,107,2670
2022,April,4,Tamil Nadu,Coimbatore,2126,398,299,26,119,2968
2022,April,4,Tamil Nadu,Madurai,2135,400,300,26,120,2981
2022,April,4,Tamil Nadu,Salem,2599,487,365,32,146,3629
2022,April,4,Tamil Nadu,Tiruchirappalli,2772,519,389,34,155,3869
2022,April,4,Telangana,Hyderabad,1542,289,216,19,86,2152
2022,April,4,Telangana,Warangal,1522,285,214,19,85,2125
2022,April,4,Telangana,Karimnagar,1214,227,170,15,68,1694
2022,April,4,Telangana,Nizamabad,1317,247,185,16,74,1839
2022,April,4,Telangana,Khammam,1108,207,155,13,62,1545
2022,April,4,Gujarat,Ahmedabad,1169,219,164,14,65,1631
2022,April,4,Gujarat,Surat,1545,289,217,19,86,2156
2022,April,4,Gujarat,Vadodara,1120,210,157,14,63,1564
2022,April,4,Gujarat,Rajkot,1303,244,183,16,73,1819
2022,April,4,Gujarat,Bhavnagar,1179,221,165,14,66,1645
2022,April,4,Uttar Pradesh,Lucknow,2269,425,319,28,127,3168
2022,April,4,Uttar Pradesh,Kanpur,2394,449,336,29,134,3342
2022,April,4,Uttar Pradesh,Agra,2395,449,336,29,134,3343
2022,April,4,Uttar Pradesh,Varanasi,2405,451,338,30,135,3359
2022,April,4,Uttar Pradesh,Prayagraj,2578,483,362,32,145,3600
2022,April,4,Kerala,Thiruvananthapuram,1283,240,180,16,72,1791
2022,April,4,Kerala,Kochi,1083,203,152,13,60,1511
2022,April,4,Kerala,Kozhikode,1299,243,182,16,73,1813
2022,April,4,Kerala,Thrissur,1463,274,205,18,82,2042
2022,April,4,Kerala,Kollam,1233,231,173,15,69,1721
2022,April,4,Rajasthan,Jaipur,1097,205,154,13,61,1530
2022,April,4,Rajasthan,Jodhpur,1134,212,159,14,63,1582
2022,April,4,Rajasthan,Udaipur,1339,251,188,16,75,1869
2022,April,4,Rajasthan,Kota,1117,209,157,13,62,1558
2022,April,4,Rajasthan,Ajmer,1152,216,162,14,64,1608
2022,April,4,West Bengal,Kolkata,1480,277,208,18,83,2066
2022,April,4,West Bengal,Howrah,1267,237,178,15,71,1768
2022,April,4,West Bengal,Siliguri,1314,246,184,16,73,1833
2022,April,4,West Bengal,Durgapur,1320,247,185,16,74,1842
2022,April,4,West Bengal,Asansol,1209,226,170,15,68,1688
2022,April,4,Andhra Pradesh,Visakhapatnam,1090,204,153,13,61,1521
2022,April,4,Andhra Pradesh,Vijayawada,1379,258,193,17,77,1924
2022,April,4,Andhra Pradesh,Guntur,1070,200,150,13,60,1493
2022,April,4,Andhra Pradesh,Tirupati,1364,255,191,17,76,1903
2022,April,4,Andhra Pradesh,Kurnool,1521,285,213,19,85,2123
2022,April,4,Madhya Pradesh,Bhopal,1448,271,203,18,81,2021
2022,April,4,Madhya Pradesh,Indore,1440,270,202,18,81,2011
2022,April,4,Madhya Pradesh,Jabalpur,1104,207,155,13,62,1541
2022,April,4,Madhya Pradesh,Gwalior,1319,247,185,16,74,1841
2022,April,4,Madhya Pradesh,Ujjain,1184,222,166,14,66,1652
2022,April,4,Punjab,Ludhiana,1403,263,197,17,78,1958
2022,April,4,Punjab,Amritsar,1401,262,197,17,78,1955
2022,April,4,Punjab,Jalandhar,1479,277,208,18,83,2065
2022,April,4,Punjab,Patiala,1144,214,160,14,64,1596
2022,April,4,Punjab,Bathinda,1322,247,185,16,74,1844
2022,April,4,Bihar,Patna,1291,242,181,16,72,1802
2022,April,4,Bihar,Gaya,1320,247,185,16,74,1842
2022,April,4,Bihar,Muzaffarpur,1344,252,189,16,75,1876
2022,April,4,Bihar,Bhagalpur,1514,283,212,18,85,2112
2022,April,4,Bihar,Purnia,1269,238,178,15,71,1771
2022,April,4,Odisha,Bhubaneswar,1093,205,153,13,61,1525
2022,April,4,Odisha,Cuttack,1304,244,183,16,73,1820
2022,April,4,Odisha,Rourkela,1282,240,180,16,72,1790
2022,April,4,Odisha,Sambalpur,1404,263,197,17,79,1960
2022,April,4,Odisha,Berhampur,1146,214,161,14,64,1599
2022,April,4,Assam,Guwahati,1363,255,191,17,76,1902
2022,April,4,Assam,Silchar,1347,252,189,16,75,1879
2022,April,4,Assam,Dibrugarh,1422,266,200,17,80,1985
2022,April,4,Assam,Jorhat,1139,213,160,14,64,1590
2022,April,4,Assam,Nagaon,1101,206,154,13,61,1535
2022,May,5,Maharashtra,Mumbai,2226,417,313,27,125,3108
2022,May,5,Maharashtra,Pune,2237,419,314,27,125,3122
2022,May,5,Maharashtra,Nagpur,2215,415,311,27,124,3092
2022,May,5,Maharashtra,Nashik,2128,399,299,26,119,2971
2022,May,5,Maharashtra,Aurangabad,2474,463,347,30,139,3453
2022,May,5,Karnataka,Bengaluru,2077,389,292,25,116,2899
2022,May,5,Karnataka,Mysuru,2694,505,378,33,151,3761
2022,May,5,Karnataka,Hubballi,2485,465,349,31,139,3469
2022,May,5,Karnataka,Mangaluru,2536,475,356,31,142,3540
2022,May,5,Karnataka,Belagavi,2659,498,373,33,149,3712
2022,May,5,Tamil Nadu,Chennai,2705,507,380,33,152,3777
2022,May,5,Tamil Nadu,Coimbatore,2154,403,302,26,121,3006
2022,May,5,Tamil Nadu,Madurai,1900,356,267,23,106,2652
2022,May,5,Tamil Nadu,Salem,2389,448,336,29,134,3336
2022,May,5,Tamil Nadu,Tiruchirappalli,2045,383,287,25,115,2855
2022,May,5,Telangana,Hyderabad,1333,250,187,16,75,1861
2022,May,5,Telangana,Warangal,1115,209,156,13,62,1555
2022,May,5,Telangana,Karimnagar,1152,216,162,14,64,1608
2022,May,5,Telangana,Nizamabad,1216,228,171,15,68,1698
2022,May,5,Telangana,Khammam,1229,230,172,15,69,1715
2022,May,5,Gujarat,Ahmedabad,1428,267,200,17,80,1992
2022,May,5,Gujarat,Surat,1182,221,166,14,66,1649
2022,May,5,Gujarat,Vadodara,1363,255,191,17,76,1902
2022,May,5,Gujarat,Rajkot,1206,226,169,15,67,1683
2022,May,5,Gujarat,Bhavnagar,1502,281,211,18,84,2096
2022,May,5,Uttar Pradesh,Lucknow,2249,421,316,28,126,3140
2022,May,5,Uttar Pradesh,Kanpur,2624,492,369,32,147,3664
2022,May,5,Uttar Pradesh,Agra,2350,440,330,29,132,3281
2022,May,5,Uttar Pradesh,Varanasi,2263,424,318,28,127,3160
2022,May,5,Uttar Pradesh,Prayagraj,2334,437,328,29,131,3259
2022,May,5,Kerala,Thiruvananthapuram,1303,244,183,16,73,1819
2022,May,5,Kerala,Kochi,1399,262,196,17,78,1952
2022,May,5,Kerala,Kozhikode,1503,281,211,18,84,2097
2022,May,5,Kerala,Thrissur,1554,291,218,19,87,2169
2022,May,5,Kerala,Kollam,1336,250,187,16,75,1864
2022,May,5,Rajasthan,Jaipur,1404,263,197,17,79,1960
2022,May,5,Rajasthan,Jodhpur,1106,207,155,13,62,1543
2022,May,5,Rajasthan,Udaipur,1368,256,192,17,77,1910
2022,May,5,Rajasthan,Kota,1493,280,210,18,84,2085
2022,May,5,Rajasthan,Ajmer,1375,257,193,17,77,1919
2022,May,5,West Bengal,Kolkata,1394,261,196,17,78,1946
2022,May,5,West Bengal,Howrah,1487,278,209,18,83,2075
2022,May,5,West Bengal,Siliguri,1204,225,169,15,67,1680
2022,May,5,West Bengal,Durgapur,1064,199,149,13,59,1484
2022,May,5,West Bengal,Asansol,1272,238,178,15,71,1774
2022,May,5,Andhra Pradesh,Visakhapatnam,1350,253,189,16,75,1883
2022,May,5,Andhra Pradesh,Vijayawada,1480,277,208,18,83,2066
2022,May,5,Andhra Pradesh,Guntur,1371,257,192,17,77,1914
2022,May,5,Andhra Pradesh,Tirupati,1562,292,219,19,87,2179
2022,May,5,Andhra Pradesh,Kurnool,1254,235,176,15,70,1750
2022,May,5,Madhya Pradesh,Bhopal,1277,239,179,15,71,1781
2022,May,5,Madhya Pradesh,Indore,1366,256,192,17,76,1907
2022,May,5,Madhya Pradesh,Jabalpur,1148,215,161,14,64,1602
2022,May,5,Madhya Pradesh,Gwalior,1473,276,207,18,82,2056
2022,May,5,Madhya Pradesh,Ujjain,1496,280,210,18,84,2088
2022,May,5,Punjab,Ludhiana,1058,198,148,13,59,1476
2022,May,5,Punjab,Amritsar,1449,271,203,18,81,2022
2022,May,5,Punjab,Jalandhar,1107,207,155,13,62,1544
2022,May,5,Punjab,Patiala,1510,283,212,18,84,2107
2022,May,5,Punjab,Bathinda,1116,209,157,13,62,1557
2022,May,5,Bihar,Patna,1347,252,189,16,75,1879
2022,May,5,Bihar,Gaya,1337,250,188,16,75,1866
2022,May,5,Bihar,Muzaffarpur,1417,265,199,17,79,1977
2022,May,5,Bihar,Bhagalpur,1457,273,205,18,82,2035
2022,May,5,Bihar,Purnia,1248,234,175,15,70,1742
2022,May,5,Odisha,Bhubaneswar,1164,218,163,14,65,1624
2022,May,5,Odisha,Cuttack,1320,247,185,16,74,1842
2022,May,5,Odisha,Rourkela,1528,286,214,19,85,2132
2022,May,5,Odisha,Sambalpur,1499,281,210,18,84,2092
2022,May,5,Odisha,Berhampur,1562,292,219,19,87,2179
2022,May,5,Assam,Guwahati,1182,221,166,14,66,1649
2022,May,5,Assam,Silchar,1333,249,187,16,74,1859
2022,May,5,Assam,Dibrugarh,1241,232,174,15,69,1731
2022,May,5,Assam,Jorhat,1126,211,158,14,63,1572
2022,May,5,Assam,Nagaon,1067,200,150,13,60,1490
2022,June,6,Maharashtra,Mumbai,2188,410,307,27,123,3055
2022,June,6,Maharashtra,Pune,2544,477,357,31,143,3552
2022,June,6,Maharashtra,Nagpur,2639,494,371,32,148,3684
2022,June,6,Maharashtra,Nashik,2183,409,307,27,122,3048
2022,June,6,Maharashtra,Aurangabad,2569,481,361,32,144,3587
2022,June,6,Karnataka,Bengaluru,2535,475,356,31,142,3539
2022,June,6,Karnataka,Mysuru,2199,412,309,27,123,3070
2022,June,6,Karnataka,Hubballi,2018,378,283,25,113,2817
2022,June,6,Karnataka,Mangaluru,2443,458,343,30,137,3411
2022,June,6,Karnataka,Belagavi,2415,452,339,30,135,3371
2022,June,6,Tamil Nadu,Chennai,2158,404,303,26,121,3012
2022,June,6,Tamil Nadu,Coimbatore,2562,480,360,32,144,3578
2022,June,6,Tamil Nadu,Madurai,2202,412,309,27,123,3073
2022,June,6,Tamil Nadu,Salem,2606,488,366,32,146,3638
2022,June,6,Tamil Nadu,Tiruchirappalli,2610,489,367,32,146,3644
2022,June,6,Telangana,Hyderabad,1540,288,216,19,86,2149
2022,June,6,Telangana,Warangal,1532,287,215,19,86,2139
2022,June,6,Telangana,Karimnagar,1534,287,215,19,86,2141
2022,June,6,Telangana,Nizamabad,1174,220,165,14,66,1639
2022,June,6,Telangana,Khammam,1221,229,171,15,68,1704
2022,June,6,Gujarat,Ahmedabad,1139,213,160,14,64,1590
2022,June,6,Gujarat,Surat,1120,210,157,14,63,1564
2022,June,6,Gujarat,Vadodara,1517,284,213,18,85,2117
2022,June,6,Gujarat,Rajkot,1443,270,202,18,81,2014
2022,June,6,Gujarat,Bhavnagar,1401,262,197,17,78,1955
2022,June,6,Uttar Pradesh,Lucknow,2181,409,306,27,122,3045
2022,June,6,Uttar Pradesh,Kanpur,2734,512,384,34,153,3817
2022,June,6,Uttar Pradesh,Agra,2013,377,283,25,113,2811
2022,June,6,Uttar Pradesh,Varanasi,2776,520,390,34,156,3876
2022,June,6,Uttar Pradesh,Prayagraj,2180,408,306,27,122,3043
2022,June,6,Kerala,Thiruvananthapuram,1554,291,218,19,87,2169
2022,June,6,Kerala,Kochi,1349,253,189,16,75,1882
2022,June,6,Kerala,Kozhikode,1236,231,173,15,69,1724
2022,June,6,Kerala,Thrissur,1063,199,149,13,59,1483
2022,June,6,Kerala,Kollam,1426,267,200,17,80,1990
2022,June,6,Rajasthan,Jaipur,1526,286,214,19,85,2130
2022,June,6,Rajasthan,Jodhpur,1561,292,219,19,87,2178
2022,June,6,Rajasthan,Udaipur,1518,284,213,18,85,2118
2022,June,6,Rajasthan,Kota,1063,199,149,13,59,1483
2022,June,6,Rajasthan,Ajmer,1440,270,202,18,81,2011
2022,June,6,West Bengal,Kolkata,1201,225,168,15,67,1676
2022,June,6,West Bengal,Howrah,1321,247,185,16,74,1843
2022,June,6,West Bengal,Siliguri,1086,203,152,13,61,1515
2022,June,6,West Bengal,Durgapur,1138,213,160,14,64,1589
2022,June,6,West Bengal,Asansol,1386,260,195,17,78,1936
2022,June,6,Andhra Pradesh,Visakhapatnam,1288,241,181,16,72,1798
2022,June,6,Andhra Pradesh,Vijayawada,1116,209,156,13,62,1556
2022,June,6,Andhra Pradesh,Guntur,1304,244,183,16,73,1820
2022,June,6,Andhra Pradesh,Tirupati,1069,200,150,13,60,1492
2022,June,6,Andhra Pradesh,Kurnool,1208,226,169,15,67,1685
2022,June,6,Madhya Pradesh,Bhopal,1103,206,155,13,62,1539
2022,June,6,Madhya Pradesh,Indore,1329,249,186,16,74,1854
2022,June,6,Madhya Pradesh,Jabalpur,1397,262,196,17,78,1950
2022,June,6,Madhya Pradesh,Gwalior,1513,283,212,18,85,2111
2022,June,6,Madhya Pradesh,Ujjain,1573,294,221,19,88,2195
2022,June,6,Punjab,Ludhiana,1522,285,214,19,85,2125
2022,June,6,Punjab,Amritsar,1124,210,158,14,63,1569
2022,June,6,Punjab,Jalandhar,1323,248,186,16,74,1847
2022,June,6,Punjab,Patiala,1566,293,220,19,88,2186
2022,June,6,Punjab,Bathinda,1554,291,218,19,87,2169
2022,June,6,Bihar,Patna,1108,207,155,13,62,1545
2022,June,6,Bihar,Gaya,1540,288,216,19,86,2149
2022,June,6,Bihar,Muzaffarpur,1101,206,154,13,61,1535
2022,June,6,Bihar,Bhagalpur,1384,259,194,17,77,1931
2022,June,6,Bihar,Purnia,1303,244,183,16,73,1819
2022,June,6,Odisha,Bhubaneswar,1321,247,185,16,74,1843
2022,June,6,Odisha,Cuttack,1237,232,174,15,69,1727
2022,June,6,Odisha,Rourkela,1318,247,185,16,74,1840
2022,June,6,Odisha,Sambalpur,1224,229,172,15,68,1708
2022,June,6,Odisha,Berhampur,1102,206,155,13,62,1538
2022,June,6,Assam,Guwahati,1143,214,160,14,64,1595
2022,June,6,Assam,Silchar,1150,215,161,14,64,1604
2022,June,6,Assam,Dibrugarh,1476,276,207,18,83,2060
2022,June,6,Assam,Jorhat,1390,260,195,17,78,1940
2022,June,6,Assam,Nagaon,1291,242,181,16,72,1802
2022,July,7,Maharashtra,Mumbai,1920,360,270,24,108,2682
2022,July,7,Maharashtra,Pune,2347,440,330,29,132,3278
2022,July,7,Maharashtra,Nagpur,2325,436,327,29,130,3247
2022,July,7,Maharashtra,Nashik,2298,430,323,28,129,3208
2022,July,7,Maharashtra,Aurangabad,2440,457,343,30,137,3407
2022,July,7,Karnataka,Bengaluru,2798,524,393,34,157,3906
2022,July,7,Karnataka,Mysuru,2115,396,297,26,118,2952
2022,July,7,Karnataka,Hubballi,2302,431,323,28,129,3213
2022,July,7,Karnataka,Mangaluru,2786,522,391,34,156,3889
2022,July,7,Karnataka,Belagavi,2223,416,312,27,125,3103
2022,July,7,Tamil Nadu,Chennai,2521,472,354,31,141,3519
2022,July,7,Tamil Nadu,Coimbatore,1906,357,268,23,107,2661
2022,July,7,Tamil Nadu,Madurai,2364,443,332,29,132,3300
2022,July,7,Tamil Nadu,Salem,2120,397,298,26,119,2960
2022,July,7,Tamil Nadu,Tiruchirappalli,2019,378,284,25,113,2819
2022,July,7,Telangana,Hyderabad,1163,218,163,14,65,1623
2022,July,7,Telangana,Warangal,1262,236,177,15,71,1761
2022,July,7,Telangana,Karimnagar,1162,218,163,14,65,1622
2022,July,7,Telangana,Nizamabad,1452,272,204,18,81,2027
2022,July,7,Telangana,Khammam,1425,267,200,17,80,1989
2022,July,7,Gujarat,Ahmedabad,1313,246,184,16,73,1832
2022,July,7,Gujarat,Surat,1403,263,197,17,78,1958
2022,July,7,Gujarat,Vadodara,1569,294,220,19,88,2190
2022,July,7,Gujarat,Rajkot,1101,206,154,13,61,1535
2022,July,7,Gujarat,Bhavnagar,1581,296,222,19,88,2206
2022,July,7,Uttar Pradesh,Lucknow,1884,353,264,23,105,2629
2022,July,7,Uttar Pradesh,Kanpur,2277,427,320,28,128,3180
2022,July,7,Uttar Pradesh,Agra,1942,364,273,24,109,2712
2022,July,7,Uttar Pradesh,Varanasi,2531,474,355,31,142,3533
2022,July,7,Uttar Pradesh,Prayagraj,2390,448,336,29,134,3337
2022,July,7,Kerala,Thiruvananthapuram,1299,243,182,16,73,1813
2022,July,7,Kerala,Kochi,1530,286,215,19,86,2136
2022,July,7,Kerala,Kozhikode,1093,204,153,13,61,1524
2022,July,7,Kerala,Thrissur,1576,295,221,19,88,2199
2022,July,7,Kerala,Kollam,1555,291,218,19,87,2170
2022,July,7,Rajasthan,Jaipur,1117,209,157,13,62,1558
2022,July,7,Rajasthan,Jodhpur,1547,290,217,19,87,2160
2022,July,7,Rajasthan,Udaipur,1368,256,192,17,77,1910
2022,July,7,Rajasthan,Kota,1107,207,155,13,62,1544
2022,July,7,Rajasthan,Ajmer,1176,220,165,14,66,1641
2022,July,7,West Bengal,Kolkata,1173,219,164,14,65,1635
2022,July,7,West Bengal,Howrah,1141,214,160,14,64,1593
2022,July,7,West Bengal,Siliguri,1327,248,186,16,74,1851
2022,July,7,West Bengal,Durgapur,1204,225,169,15,67,1680
2022,July,7,West Bengal,Asansol,1092,204,153,13,61,1523
2022,July,7,Andhra Pradesh,Visakhapatnam,1180,221,165,14,66,1646
2022,July,7,Andhra Pradesh,Vijayawada,1430,268,201,17,80,1996
2022,July,7,Andhra Pradesh,Guntur,1466,275,206,18,82,2047
2022,July,7,Andhra Pradesh,Tirupati,1582,296,222,19,89,2208
2022,July,7,Andhra Pradesh,Kurnool,1424,267,200,17,80,1988
2022,July,7,Madhya Pradesh,Bhopal,1470,275,206,18,82,2051
2022,July,7,Madhya Pradesh,Indore,1272,238,178,15,71,1774
2022,July,7,Madhya Pradesh,Jabalpur,1115,209,156,13,62,1555
2022,July,7,Madhya Pradesh,Gwalior,1241,232,174,15,69,1731
2022,July,7,Madhya Pradesh,Ujjain,1219,228,171,15,68,1701
2022,July,7,Punjab,Ludhiana,1070,200,150,13,60,1493
2022,July,7,Punjab,Amritsar,1279,239,179,15,71,1783
2022,July,7,Punjab,Jalandhar,1462,274,205,18,82,2041
2022,July,7,Punjab,Patiala,1341,251,188,16,75,1871
2022,July,7,Punjab,Bathinda,1521,285,213,19,85,2123
2022,July,7,Bihar,Patna,1418,266,199,17,79,1979
2022,July,7,Bihar,Gaya,1221,229,171,15,68,1704
2022,July,7,Bihar,Muzaffarpur,1338,250,188,16,75,1867
2022,July,7,Bihar,Bhagalpur,1375,257,193,17,77,1919
2022,July,7,Bihar,Purnia,1062,199,149,13,59,1482
2022,July,7,Odisha,Bhubaneswar,1175,220,165,14,66,1640
2022,July,7,Odisha,Cuttack,1114,209,156,13,62,1554
2022,July,7,Odisha,Rourkela,1070,200,150,13,60,1493
2022,July,7,Odisha,Sambalpur,1309,245,184,16,73,1827
2022,July,7,Odisha,Berhampur,1461,274,205,18,82,2040
2022,July,7,Assam,Guwahati,1286,241,180,16,72,1795
2022,July,7,Assam,Silchar,1409,264,198,17,79,1967
2022,July,7,Assam,Dibrugarh,1333,249,187,16,74,1859
2022,July,7,Assam,Jorhat,1425,267,200,17,80,1989
2022,July,7,Assam,Nagaon,1076,201,151,13,60,1501
2022,August,8,Maharashtra,Mumbai,2578,483,362,32,145,3600
2022,August,8,Maharashtra,Pune,1953,366,274,24,109,2726
2022,August,8,Maharashtra,Nagpur,2171,407,305,27,122,3032
2022,August,8,Maharashtra,Nashik,2631,493,370,32,148,3674
2022,August,8,Maharashtra,Aurangabad,2368,444,333,29,133,3307
2022,August,8,Karnataka,Bengaluru,2223,416,312,27,125,3103
2022,August,8,Karnataka,Mysuru,2588,485,363,32,145,3613
2022,August,8,Karnataka,Hubballi,2632,493,370,32,148,3675
2022,August,8,Karnataka,Mangaluru,2602,487,365,32,146,3632
2022,August,8,Karnataka,Belagavi,2135,400,300,26,120,2981
2022,August,8,Tamil Nadu,Chennai,2005,376,282,25,112,2800
2022,August,8,Tamil Nadu,Coimbatore,2169,406,305,27,122,3029
2022,August,8,Tamil Nadu,Madurai,2238,419,314,27,125,3123
2022,August,8,Tamil Nadu,Salem,2078,389,292,25,116,2900
2022,August,8,Tamil Nadu,Tiruchirappalli,2206,413,310,27,124,3080
2022,August,8,Telangana,Hyderabad,1112,208,156,13,62,1551
2022,August,8,Telangana,Warangal,1358,254,190,16,76,1894
2022,August,8,Telangana,Karimnagar,1394,261,196,17,78,1946
2022,August,8,Telangana,Nizamabad,1488,279,209,18,83,2077
2022,August,8,Telangana,Khammam,1467,275,206,18,82,2048
2022,August,8,Gujarat,Ahmedabad,1084,203,152,13,60,1512
2022,August,8,Gujarat,Surat,1415,265,199,17,79,1975
2022,August,8,Gujarat,Vadodara,1517,284,213,18,85,2117
2022,August,8,Gujarat,Rajkot,1407,263,197,17,79,1963
2022,August,8,Gujarat,Bhavnagar,1111,208,156,13,62,1550
2022,August,8,Uttar Pradesh,Lucknow,2036,381,286,25,114,2842
2022,August,8,Uttar Pradesh,Kanpur,2373,445,333,29,133,3313
2022,August,8,Uttar Pradesh,Agra,1898,355,266,23,106,2648
2022,August,8,Uttar Pradesh,Varanasi,2450,459,344,30,137,3420
2022,August,8,Uttar Pradesh,Prayagraj,2173,407,305,27,122,3034
2022,August,8,Kerala,Thiruvananthapuram,1335,250,187,16,75,1863
2022,August,8,Kerala,Kochi,1519,284,213,18,85,2119
2022,August,8,Kerala,Kozhikode,1494,280,210,18,84,2086
2022,August,8,Kerala,Thrissur,1432,268,201,17,80,1998
2022,August,8,Kerala,Kollam,1574,295,221,19,88,2197
2022,August,8,Rajasthan,Jaipur,1090,204,153,13,61,1521
2022,August,8,Rajasthan,Jodhpur,1422,266,199,17,79,1983
2022,August,8,Rajasthan,Udaipur,1180,221,166,14,66,1647
2022,August,8,Rajasthan,Kota,1401,262,197,17,78,1955
2022,August,8,Rajasthan,Ajmer,1569,294,220,19,88,2190
2022,August,8,West Bengal,Kolkata,1554,291,218,19,87,2169
2022,August,8,West Bengal,Howrah,1143,214,160,14,64,1595
2022,August,8,West Bengal,Siliguri,1094,205,153,13,61,1526
2022,August,8,West Bengal,Durgapur,1223,229,172,15,68,1707
2022,August,8,West Bengal,Asansol,1247,233,175,15,70,1740
2022,August,8,Andhra Pradesh,Visakhapatnam,1427,267,200,17,80,1991
2022,August,8,Andhra Pradesh,Vijayawada,1254,235,176,15,70,1750
2022,August,8,Andhra Pradesh,Guntur,1367,256,192,17,76,1908
2022,August,8,Andhra Pradesh,Tirupati,1561,292,219,19,87,2178
2022,August,8,Andhra Pradesh,Kurnool,1567,293,220,19,88,2187
2022,August,8,Madhya Pradesh,Bhopal,1457,273,204,18,81,2033
2022,August,8,Madhya Pradesh,Indore,1427,267,200,17,80,1991
2022,August,8,Madhya Pradesh,Jabalpur,1463,274,205,18,82,2042
2022,August,8,Madhya Pradesh,Gwalior,1536,288,216,19,86,2145
2022,August,8,Madhya Pradesh,Ujjain,1071,200,150,13,60,1494
2022,August,8,Punjab,Ludhiana,1424,267,200,17,80,1988
2022,August,8,Punjab,Amritsar,1378,258,193,17,77,1923
2022,August,8,Punjab,Jalandhar,1172,219,164,14,65,1634
2022,August,8,Punjab,Patiala,1383,259,194,17,77,1930
2022,August,8,Punjab,Bathinda,1127,211,158,14,63,1573
2022,August,8,Bihar,Patna,1208,226,169,15,67,1685
2022,August,8,Bihar,Gaya,1543,289,217,19,86,2154
2022,August,8,Bihar,Muzaffarpur,1311,245,184,16,73,1829
2022,August,8,Bihar,Bhagalpur,1457,273,204,18,81,2033
2022,August,8,Bihar,Purnia,1205,226,169,15,67,1682
2022,August,8,Odisha,Bhubaneswar,1088,204,153,13,61,1519
2022,August,8,Odisha,Cuttack,1320,247,185,16,74,1842
2022,August,8,Odisha,Rourkela,1346,252,189,16,75,1878
2022,August,8,Odisha,Sambalpur,1207,226,169,15,67,1684
2022,August,8,Odisha,Berhampur,1558,292,219,19,87,2175
2022,August,8,Assam,Guwahati,1234,231,173,15,69,1722
2022,August,8,Assam,Silchar,1196,224,168,14,67,1669
2022,August,8,Assam,Dibrugarh,1419,266,199,17,79,1980
2022,August,8,Assam,Jorhat,1339,251,188,16,75,1869
2022,August,8,Assam,Nagaon,1299,243,182,16,73,1813
2022,September,9,Maharashtra,Mumbai,2171,407,305,27,122,3032
2022,September,9,Maharashtra,Pune,2154,403,302,26,121,3006
2022,September,9,Maharashtra,Nagpur,2132,399,299,26,119,2975
2022,September,9,Maharashtra,Nashik,2405,450,338,30,135,3358
2022,September,9,Maharashtra,Aurangabad,2711,508,381,33,152,3785
2022,September,9,Karnataka,Bengaluru,2623,491,368,32,147,3661
2022,September,9,Karnataka,Mysuru,2493,467,350,31,140,3481
2022,September,9,Karnataka,Hubballi,2124,398,298,26,119,2965
2022,September,9,Karnataka,Mangaluru,2086,391,293,26,117,2913
2022,September,9,Karnataka,Belagavi,2221,416,312,27,124,3100
2022,September,9,Tamil Nadu,Chennai,1888,354,265,23,106,2636
2022,September,9,Tamil Nadu,Coimbatore,2595,486,365,32,146,3624
2022,September,9,Tamil Nadu,Madurai,2582,484,363,32,145,3606
2022,September,9,Tamil Nadu,Salem,2644,495,371,33,148,3691
2022,September,9,Tamil Nadu,Tiruchirappalli,2420,453,340,30,136,3379
2022,September,9,Telangana,Hyderabad,1279,239,179,15,71,1783
2022,September,9,Telangana,Warangal,1259,236,177,15,70,1757
2022,September,9,Telangana,Karimnagar,1169,219,164,14,65,1631
2022,September,9,Telangana,Nizamabad,1162,218,163,14,65,1622
2022,September,9,Telangana,Khammam,1403,263,197,17,78,1958
2022,September,9,Gujarat,Ahmedabad,1395,261,196,17,78,1947
2022,September,9,Gujarat,Surat,1306,244,183,16,73,1822
2022,September,9,Gujarat,Vadodara,1419,266,199,17,79,1980
2022,September,9,Gujarat,Rajkot,1494,280,210,18,84,2086
2022,September,9,Gujarat,Bhavnagar,1540,288,216,19,86,2149
2022,September,9,Uttar Pradesh,Lucknow,2151,403,302,26,121,3003
2022,September,9,Uttar Pradesh,Kanpur,2249,421,316,28,126,3140
2022,September,9,Uttar Pradesh,Agra,1930,362,271,24,108,2695
2022,September,9,Uttar Pradesh,Varanasi,2628,492,369,32,147,3668
2022,September,9,Uttar Pradesh,Prayagraj,2289,429,321,28,128,3195
2022,September,9,Kerala,Thiruvananthapuram,1484,278,208,18,83,2071
2022,September,9,Kerala,Kochi,1308,245,183,16,73,1825
2022,September,9,Kerala,Kozhikode,1532,287,215,19,86,2139
2022,September,9,Kerala,Thrissur,1434,268,201,17,80,2000
2022,September,9,Kerala,Kollam,1566,293,220,19,88,2186
2022,September,9,Rajasthan,Jaipur,1364,255,191,17,76,1903
2022,September,9,Rajasthan,Jodhpur,1327,248,186,16,74,1851
2022,September,9,Rajasthan,Udaipur,1068,200,150,13,60,1491
2022,September,9,Rajasthan,Kota,1555,291,218,19,87,2170
2022,September,9,Rajasthan,Ajmer,1447,271,203,18,81,2020
2022,September,9,West Bengal,Kolkata,1120,210,157,14,63,1564
2022,September,9,West Bengal,Howrah,1493,280,210,18,84,2085
2022,September,9,West Bengal,Siliguri,1489,279,209,18,83,2078
2022,September,9,West Bengal,Durgapur,1404,263,197,17,79,1960
2022,September,9,West Bengal,Asansol,1119,209,157,13,62,1560
2022,September,9,Andhra Pradesh,Visakhapatnam,1523,285,214,19,85,2126
2022,September,9,Andhra Pradesh,Vijayawada,1083,203,152,13,60,1511
2022,September,9,Andhra Pradesh,Guntur,1105,207,155,13,62,1542
2022,September,9,Andhra Pradesh,Tirupati,1291,242,181,16,72,1802
2022,September,9,Andhra Pradesh,Kurnool,1411,264,198,17,79,1969
2022,September,9,Madhya Pradesh,Bhopal,1174,220,165,14,66,1639
2022,September,9,Madhya Pradesh,Indore,1164,218,163,14,65,1624
2022,September,9,Madhya Pradesh,Jabalpur,1397,262,196,17,78,1950
2022,September,9,Madhya Pradesh,Gwalior,1126,211,158,14,63,1572
2022,September,9,Madhya Pradesh,Ujjain,1514,283,212,18,85,2112
2022,September,9,Punjab,Ludhiana,1059,198,148,13,59,1477
2022,September,9,Punjab,Amritsar,1288,241,181,16,72,1798
2022,September,9,Punjab,Jalandhar,1460,273,205,18,82,2038
2022,September,9,Punjab,Patiala,1309,245,184,16,73,1827
2022,September,9,Punjab,Bathinda,1208,226,169,15,67,1685
2022,September,9,Bihar,Patna,1187,222,166,14,66,1655
2022,September,9,Bihar,Gaya,1353,253,190,16,76,1888
2022,September,9,Bihar,Muzaffarpur,1205,226,169,15,67,1682
2022,September,9,Bihar,Bhagalpur,1307,245,183,16,73,1824
2022,September,9,Bihar,Purnia,1169,219,164,14,65,1631
2022,September,9,Odisha,Bhubaneswar,1171,219,164,14,65,1633
2022,September,9,Odisha,Cuttack,1329,249,186,16,74,1854
2022,September,9,Odisha,Rourkela,1374,257,193,17,77,1918
2022,September,9,Odisha,Sambalpur,1534,287,215,19,86,2141
2022,September,9,Odisha,Berhampur,1446,271,203,18,81,2019
2022,September,9,Assam,Guwahati,1197,224,168,14,67,1670
2022,September,9,Assam,Silchar,1208,226,169,15,67,1685
2022,September,9,Assam,Dibrugarh,1392,261,195,17,78,1943
2022,September,9,Assam,Jorhat,1531,287,215,19,86,2138
2022,September,9,Assam,Nagaon,1252,234,176,15,70,1747
2022,October,10,Maharashtra,Mumbai,2748,515,386,34,154,3837
2022,October,10,Maharashtra,Pune,3112,583,437,38,175,4345
2022,October,10,Maharashtra,Nagpur,2887,541,405,36,162,4031
2022,October,10,Maharashtra,Nashik,2897,543,407,36,162,4045
2022,October,10,Maharashtra,Aurangabad,2430,455,341,30,136,3392
2022,October,10,Karnataka,Bengaluru,2368,444,333,29,133,3307
2022,October,10,Karnataka,Mysuru,2720,510,382,34,153,3799
2022,October,10,Karnataka,Hubballi,2478,464,348,30,139,3459
2022,October,10,Karnataka,Mangaluru,3353,628,471,41,188,4681
2022,October,10,Karnataka,Belagavi,2514,471,353,31,141,3510
2022,October,10,Tamil Nadu,Chennai,2855,535,401,35,160,3986
2022,October,10,Tamil Nadu,Coimbatore,3307,620,465,41,186,4619
2022,October,10,Tamil Nadu,Madurai,2718,509,382,33,152,3794
2022,October,10,Tamil Nadu,Salem,3306,620,465,41,186,4618
2022,October,10,Tamil Nadu,Tiruchirappalli,2904,544,408,36,163,4055
2022,October,10,Telangana,Hyderabad,1881,352,264,23,105,2625
2022,October,10,Telangana,Warangal,1636,306,230,20,92,2284
2022,October,10,Telangana,Karimnagar,1690,316,237,21,95,2359
2022,October,10,Telangana,Nizamabad,1584,297,222,19,89,2211
2022,October,10,Telangana,Khammam,1533,287,215,19,86,2140
2022,October,10,Gujarat,Ahmedabad,1393,261,195,17,78,1944
2022,October,10,Gujarat,Surat,1821,341,256,22,102,2542
2022,October,10,Gujarat,Vadodara,1401,262,197,17,78,1955
2022,October,10,Gujarat,Rajkot,1667,312,234,20,93,2326
2022,October,10,Gujarat,Bhavnagar,1395,261,196,17,78,1947
2022,October,10,Uttar Pradesh,Lucknow,2518,472,354,31,141,3516
2022,October,10,Uttar Pradesh,Kanpur,2834,531,398,35,159,3957
2022,October,10,Uttar Pradesh,Agra,2313,433,325,28,130,3229
2022,October,10,Uttar Pradesh,Varanasi,2459,461,345,30,138,3433
2022,October,10,Uttar Pradesh,Prayagraj,2563,480,360,32,144,3579
2022,October,10,Kerala,Thiruvananthapuram,1560,292,219,19,87,2177
2022,October,10,Kerala,Kochi,1618,303,227,20,91,2259
2022,October,10,Kerala,Kozhikode,1425,267,200,17,80,1989
2022,October,10,Kerala,Thrissur,1424,267,200,17,80,1988
2022,October,10,Kerala,Kollam,1883,353,264,23,105,2628
2022,October,10,Rajasthan,Jaipur,1736,325,244,21,97,2423
2022,October,10,Rajasthan,Jodhpur,1754,328,246,21,98,2447
2022,October,10,Rajasthan,Udaipur,1318,247,185,16,74,1840
2022,October,10,Rajasthan,Kota,1433,268,201,17,80,1999
2022,October,10,Rajasthan,Ajmer,1818,340,255,22,102,2537
2022,October,10,West Bengal,Kolkata,1321,247,185,16,74,1843
2022,October,10,West Bengal,Howrah,1297,243,182,16,72,1810
2022,October,10,West Bengal,Siliguri,1627,305,228,20,91,2271
2022,October,10,West Bengal,Durgapur,1384,259,194,17,77,1931
2022,October,10,West Bengal,Asansol,1418,266,199,17,79,1979
2022,October,10,Andhra Pradesh,Visakhapatnam,1706,319,239,21,95,2380
2022,October,10,Andhra Pradesh,Vijayawada,1600,300,225,20,90,2235
2022,October,10,Andhra Pradesh,Guntur,1721,322,242,21,96,2402
2022,October,10,Andhra Pradesh,Tirupati,1430,268,201,17,80,1996
2022,October,10,Andhra Pradesh,Kurnool,1602,300,225,20,90,2237
2022,October,10,Madhya Pradesh,Bhopal,1889,354,265,23,106,2637
2022,October,10,Madhya Pradesh,Indore,1437,269,202,17,80,2005
2022,October,10,Madhya Pradesh,Jabalpur,1454,272,204,18,81,2029
2022,October,10,Madhya Pradesh,Gwalior,1315,246,184,16,73,1834
2022,October,10,Madhya Pradesh,Ujjain,1464,274,205,18,82,2043
2022,October,10,Punjab,Ludhiana,1819,341,255,22,102,2539
2022,October,10,Punjab,Amritsar,1512,283,212,18,85,2110
2022,October,10,Punjab,Jalandhar,1653,310,232,20,93,2308
2022,October,10,Punjab,Patiala,1420,266,199,17,79,1981
2022,October,10,Punjab,Bathinda,1815,340,255,22,102,2534
2022,October,10,Bihar,Patna,1539,288,216,19,86,2148
2022,October,10,Bihar,Gaya,1561,292,219,19,87,2178
2022,October,10,Bihar,Muzaffarpur,1496,280,210,18,84,2088
2022,October,10,Bihar,Bhagalpur,1636,306,230,20,92,2284
2022,October,10,Bihar,Purnia,1886,353,265,23,106,2633
2022,October,10,Odisha,Bhubaneswar,1750,328,246,21,98,2443
2022,October,10,Odisha,Cuttack,1735,325,244,21,97,2422
2022,October,10,Odisha,Rourkela,1830,343,257,22,102,2554
2022,October,10,Odisha,Sambalpur,1849,346,260,23,104,2582
2022,October,10,Odisha,Berhampur,1797,336,252,22,101,2508
2022,October,10,Assam,Guwahati,1532,287,215,19,86,2139
2022,October,10,Assam,Silchar,1522,285,214,19,85,2125
2022,October,10,Assam,Dibrugarh,1334,250,187,16,75,1862
2022,October,10,Assam,Jorhat,1814,340,255,22,102,2533
2022,October,10,Assam,Nagaon,1594,298,224,19,89,2224
2022,November,11,Maharashtra,Mumbai,3136,588,441,39,176,4380
2022,November,11,Maharashtra,Pune,2775,520,390,34,156,3875
2022,November,11,Maharashtra,Nagpur,3152,591,443,39,177,4402
2022,November,11,Maharashtra,Nashik,2451,459,344,30,137,3421
2022,November,11,Maharashtra,Aurangabad,2298,430,323,28,129,3208
2022,November,11,Karnataka,Bengaluru,2855,535,401,35,160,3986
2022,November,11,Karnataka,Mysuru,2804,525,394,35,157,3915
2022,November,11,Karnataka,Hubballi,3064,574,431,38,172,4279
2022,November,11,Karnataka,Mangaluru,2564,480,360,32,144,3580
2022,November,11,Karnataka,Belagavi,3130,586,440,39,176,4371
2022,November,11,Tamil Nadu,Chennai,3282,615,461,41,184,4583
2022,November,11,Tamil Nadu,Coimbatore,2495,467,350,31,140,3483
2022,November,11,Tamil Nadu,Madurai,2403,450,338,30,135,3356
2022,November,11,Tamil Nadu,Salem,2775,520,390,34,156,3875
2022,November,11,Tamil Nadu,Tiruchirappalli,2427,455,341,30,136,3389
2022,November,11,Telangana,Hyderabad,1635,306,230,20,92,2283
2022,November,11,Telangana,Warangal,1651,309,232,20,92,2304
2022,November,11,Telangana,Karimnagar,1510,283,212,18,84,2107
2022,November,11,Telangana,Nizamabad,1868,350,262,23,105,2608
2022,November,11,Telangana,Khammam,1883,353,264,23,105,2628
2022,November,11,Gujarat,Ahmedabad,1621,303,227,20,91,2262
2022,November,11,Gujarat,Surat,1276,239,179,15,71,1780
2022,November,11,Gujarat,Vadodara,1874,351,263,23,105,2616
2022,November,11,Gujarat,Rajkot,1575,295,221,19,88,2198
2022,November,11,Gujarat,Bhavnagar,1653,309,232,20,92,2306
2022,November,11,Uttar Pradesh,Lucknow,2934,550,412,36,165,4097
2022,November,11,Uttar Pradesh,Kanpur,3212,602,451,40,180,4485
2022,November,11,Uttar Pradesh,Agra,2619,491,368,32,147,3657
2022,November,11,Uttar Pradesh,Varanasi,2713,508,381,33,152,3787
2022,November,11,Uttar Pradesh,Prayagraj,2714,508,381,33,152,3788
2022,November,11,Kerala,Thiruvananthapuram,1681,315,236,21,94,2347
2022,November,11,Kerala,Kochi,1534,287,215,19,86,2141
2022,November,11,Kerala,Kozhikode,1443,270,203,18,81,2015
2022,November,11,Kerala,Thrissur,1715,321,241,21,96,2394
2022,November,11,Kerala,Kollam,1313,246,184,16,73,1832
2022,November,11,Rajasthan,Jaipur,1792,336,252,22,100,2502
2022,November,11,Rajasthan,Jodhpur,1675,314,235,20,94,2338
2022,November,11,Rajasthan,Udaipur,1465,274,206,18,82,2045
2022,November,11,Rajasthan,Kota,1436,269,201,17,80,2003
2022,November,11,Rajasthan,Ajmer,1330,249,187,16,74,1856
2022,November,11,West Bengal,Kolkata,1496,280,210,18,84,2088
2022,November,11,West Bengal,Howrah,1681,315,236,21,94,2347
2022,November,11,West Bengal,Siliguri,1496,280,210,18,84,2088
2022,November,11,West Bengal,Durgapur,1333,250,187,16,75,1861
2022,November,11,West Bengal,Asansol,1844,345,259,23,103,2574
2022,November,11,Andhra Pradesh,Visakhapatnam,1530,286,215,19,86,2136
2022,November,11,Andhra Pradesh,Vijayawada,1689,316,237,21,95,2358
2022,November,11,Andhra Pradesh,Guntur,1732,324,243,21,97,2417
2022,November,11,Andhra Pradesh,Tirupati,1606,301,225,20,90,2242
2022,November,11,Andhra Pradesh,Kurnool,1518,284,213,18,85,2118
2022,November,11,Madhya Pradesh,Bhopal,1619,303,227,20,91,2260
2022,November,11,Madhya Pradesh,Indore,1463,274,205,18,82,2042
2022,November,11,Madhya Pradesh,Jabalpur,1692,317,237,21,95,2362
2022,November,11,Madhya Pradesh,Gwalior,1622,304,228,20,91,2265
2022,November,11,Madhya Pradesh,Ujjain,1778,333,250,22,100,2483
2022,November,11,Punjab,Ludhiana,1374,257,193,17,77,1918
2022,November,11,Punjab,Amritsar,1446,271,203,18,81,2019
2022,November,11,Punjab,Jalandhar,1713,321,240,21,96,2391
2022,November,11,Punjab,Patiala,1885,353,265,23,106,2632
2022,November,11,Punjab,Bathinda,1325,248,186,16,74,1849
2022,November,11,Bihar,Patna,1729,324,243,21,97,2414
2022,November,11,Bihar,Gaya,1320,247,185,16,74,1842
2022,November,11,Bihar,Muzaffarpur,1344,252,189,16,75,1876
2022,November,11,Bihar,Bhagalpur,1651,309,232,20,92,2304
2022,November,11,Bihar,Purnia,1771,332,249,22,99,2473
2022,November,11,Odisha,Bhubaneswar,1554,291,218,19,87,2169
2022,November,11,Odisha,Cuttack,1848,346,259,23,103,2579
2022,November,11,Odisha,Rourkela,1888,354,265,23,106,2636
2022,November,11,Odisha,Sambalpur,1286,241,180,16,72,1795
2022,November,11,Odisha,Berhampur,1890,354,265,23,106,2638
2022,November,11,Assam,Guwahati,1879,352,264,23,105,2623
2022,November,11,Assam,Silchar,1349,253,189,16,75,1882
2022,November,11,Assam,Dibrugarh,1383,259,194,17,77,1930
2022,November,11,Assam,Jorhat,1270,238,178,15,71,1772
2022,November,11,Assam,Nagaon,1528,286,214,19,85,2132
2022,December,12,Maharashtra,Mumbai,2366,443,332,29,133,3303
2022,December,12,Maharashtra,Pune,2525,473,355,31,142,3526
2022,December,12,Maharashtra,Nagpur,2505,469,352,31,140,3497
2022,December,12,Maharashtra,Nashik,3239,607,455,40,182,4523
2022,December,12,Maharashtra,Aurangabad,2880,540,405,36,162,4023
2022,December,12,Karnataka,Bengaluru,2519,472,354,31,141,3517
2022,December,12,Karnataka,Mysuru,3142,589,441,39,176,4387
2022,December,12,Karnataka,Hubballi,3234,606,454,40,181,4515
2022,December,12,Karnataka,Mangaluru,2636,494,370,32,148,3680
2022,December,12,Karnataka,Belagavi,2437,456,342,30,137,3402
2022,December,12,Tamil Nadu,Chennai,2391,448,336,29,134,3338
2022,December,12,Tamil Nadu,Coimbatore,2751,515,386,34,154,3840
2022,December,12,Tamil Nadu,Madurai,2882,540,405,36,162,4025
2022,December,12,Tamil Nadu,Salem,2469,463,347,30,138,3447
2022,December,12,Tamil Nadu,Tiruchirappalli,2842,532,399,35,159,3967
2022,December,12,Telangana,Hyderabad,1887,353,265,23,106,2634
2022,December,12,Telangana,Warangal,1517,284,213,18,85,2117
2022,December,12,Telangana,Karimnagar,1781,333,250,22,100,2486
2022,December,12,Telangana,Nizamabad,1630,305,229,20,91,2275
2022,December,12,Telangana,Khammam,1792,336,252,22,100,2502
2022,December,12,Gujarat,Ahmedabad,1864,349,262,23,104,2602
2022,December,12,Gujarat,Surat,1735,325,244,21,97,2422
2022,December,12,Gujarat,Vadodara,1887,353,265,23,106,2634
2022,December,12,Gujarat,Rajkot,1766,331,248,22,99,2466
2022,December,12,Gujarat,Bhavnagar,1848,346,260,23,104,2581
2022,December,12,Uttar Pradesh,Lucknow,2870,538,403,35,161,4007
2022,December,12,Uttar Pradesh,Kanpur,2382,446,335,29,134,3326
2022,December,12,Uttar Pradesh,Agra,3350,628,471,41,188,4678
2022,December,12,Uttar Pradesh,Varanasi,3247,608,456,40,182,4533
2022,December,12,Uttar Pradesh,Prayagraj,3018,566,424,37,169,4214
2022,December,12,Kerala,Thiruvananthapuram,1463,274,205,18,82,2042
2022,December,12,Kerala,Kochi,1423,266,200,17,80,1986
2022,December,12,Kerala,Kozhikode,1377,258,193,17,77,1922
2022,December,12,Kerala,Thrissur,1461,273,205,18,82,2039
2022,December,12,Kerala,Kollam,1387,260,195,17,78,1937
2022,December,12,Rajasthan,Jaipur,1381,259,194,17,77,1928
2022,December,12,Rajasthan,Jodhpur,1347,252,189,16,75,1879
2022,December,12,Rajasthan,Udaipur,1401,262,197,17,78,1955
2022,December,12,Rajasthan,Kota,1555,291,218,19,87,2170
2022,December,12,Rajasthan,Ajmer,1397,262,196,17,78,1950
2022,December,12,West Bengal,Kolkata,1385,259,194,17,77,1932
2022,December,12,West Bengal,Howrah,1562,293,219,19,87,2180
2022,December,12,West Bengal,Siliguri,1590,298,223,19,89,2219
2022,December,12,West Bengal,Durgapur,1306,244,183,16,73,1822
2022,December,12,West Bengal,Asansol,1800,337,253,22,101,2513
2022,December,12,Andhra Pradesh,Visakhapatnam,1361,255,191,17,76,1900
2022,December,12,Andhra Pradesh,Vijayawada,1811,339,254,22,101,2527
2022,December,12,Andhra Pradesh,Guntur,1337,250,188,16,75,1866
2022,December,12,Andhra Pradesh,Tirupati,1401,262,197,17,78,1955
2022,December,12,Andhra Pradesh,Kurnool,1310,245,184,16,73,1828
2022,December,12,Madhya Pradesh,Bhopal,1860,348,261,23,104,2596
2022,December,12,Madhya Pradesh,Indore,1759,329,247,21,98,2454
2022,December,12,Madhya Pradesh,Jabalpur,1539,288,216,19,86,2148
2022,December,12,Madhya Pradesh,Gwalior,1675,314,235,20,94,2338
2022,December,12,Madhya Pradesh,Ujjain,1790,335,251,22,100,2498
2022,December,12,Punjab,Ludhiana,1679,314,236,20,94,2343
2022,December,12,Punjab,Amritsar,1369,256,192,17,77,1911
2022,December,12,Punjab,Jalandhar,1312,246,184,16,73,1831
2022,December,12,Punjab,Patiala,1394,261,196,17,78,1946
2022,December,12,Punjab,Bathinda,1370,256,192,17,77,1912
2022,December,12,Bihar,Patna,1399,262,196,17,78,1952
2022,December,12,Bihar,Gaya,1553,291,218,19,87,2168
2022,December,12,Bihar,Muzaffarpur,1281,240,180,16,72,1789
2022,December,12,Bihar,Bhagalpur,1387,260,195,17,78,1937
2022,December,12,Bihar,Purnia,1451,272,204,18,81,2026
2022,December,12,Odisha,Bhubaneswar,1504,282,211,18,84,2099
2022,December,12,Odisha,Cuttack,1794,336,252,22,100,2504
2022,December,12,Odisha,Rourkela,1886,353,265,23,106,2633
2022,December,12,Odisha,Sambalpur,1766,331,248,22,99,2466
2022,December,12,Odisha,Berhampur,1597,299,224,19,89,2228
2022,December,12,Assam,Guwahati,1767,331,248,22,99,2467
2022,December,12,Assam,Silchar,1345,252,189,16,75,1877
2022,December,12,Assam,Dibrugarh,1552,291,218,19,87,2167
2022,December,12,Assam,Jorhat,1667,312,234,20,93,2326
2022,December,12,Assam,Nagaon,1388,260,195,17,78,1938
2023,January,1,Maharashtra,Mumbai,2397,449,337,29,134,3346
2023,January,1,Maharashtra,Pune,2423,454,340,30,136,3383
2023,January,1,Maharashtra,Nagpur,2550,478,358,31,143,3560
2023,January,1,Maharashtra,Nashik,2373,444,333,29,133,3312
2023,January,1,Maharashtra,Aurangabad,3223,604,453,40,181,4501
2023,January,1,Karnataka,Bengaluru,2702,506,380,33,152,3773
2023,January,1,Karnataka,Mysuru,3012,564,423,37,169,4205
2023,January,1,Karnataka,Hubballi,3108,582,437,38,174,4339
2023,January,1,Karnataka,Mangaluru,2344,439,329,29,131,3272
2023,January,1,Karnataka,Belagavi,2658,498,373,33,149,3711
2023,January,1,Tamil Nadu,Chennai,2398,449,337,29,134,3347
2023,January,1,Tamil Nadu,Coimbatore,2917,547,410,36,164,4074
2023,January,1,Tamil Nadu,Madurai,2792,523,392,34,157,3898
2023,January,1,Tamil Nadu,Salem,2300,431,323,28,129,3211
2023,January,1,Tamil Nadu,Tiruchirappalli,3166,593,445,39,178,4421
2023,January,1,Telangana,Hyderabad,1718,322,241,21,96,2398
2023,January,1,Telangana,Warangal,1822,341,256,22,102,2543
2023,January,1,Telangana,Karimnagar,1738,325,244,21,97,2425
2023,January,1,Telangana,Nizamabad,1644,308,231,20,92,2295
2023,January,1,Telangana,Khammam,1316,246,185,16,74,1837
2023,January,1,Gujarat,Ahmedabad,1690,316,237,21,95,2359
2023,January,1,Gujarat,Surat,1583,296,222,19,89,2209
2023,January,1,Gujarat,Vadodara,1822,341,256,22,102,2543
2023,January,1,Gujarat,Rajkot,1875,351,263,23,105,2617
2023,January,1,Gujarat,Bhavnagar,1567,293,220,19,88,2187
2023,January,1,Uttar Pradesh,Lucknow,2591,485,364,32,145,3617
2023,January,1,Uttar Pradesh,Kanpur,3324,623,467,41,187,4642
2023,January,1,Uttar Pradesh,Agra,2603,488,366,32,146,3635
2023,January,1,Uttar Pradesh,Varanasi,3036,569,427,37,170,4239
2023,January,1,Uttar Pradesh,Prayagraj,2458,460,345,30,138,3431
2023,January,1,Kerala,Thiruvananthapuram,1601,300,225,20,90,2236
2023,January,1,Kerala,Kochi,1459,273,205,18,82,2037
2023,January,1,Kerala,Kozhikode,1735,325,244,21,97,2422
2023,January,1,Kerala,Thrissur,1429,268,201,17,80,1995
2023,January,1,Kerala,Kollam,1316,246,185,16,74,1837
2023,January,1,Rajasthan,Jaipur,1411,264,198,17,79,1969
2023,January,1,Rajasthan,Jodhpur,1377,258,193,17,77,1922
2023,January,1,Rajasthan,Udaipur,1919,359,269,23,107,2677
2023,January,1,Rajasthan,Kota,1679,314,236,20,94,2343
2023,January,1,Rajasthan,Ajmer,1802,338,253,22,101,2516
2023,January,1,West Bengal,Kolkata,1321,247,185,16,74,1843
2023,January,1,West Bengal,Howrah,1921,360,270,24,108,2683
2023,January,1,West Bengal,Siliguri,1387,260,195,17,78,1937
2023,January,1,West Bengal,Durgapur,1776,333,249,22,99,2479
2023,January,1,West Bengal,Asansol,1907,357,268,23,107,2662
2023,January,1,Andhra Pradesh,Visakhapatnam,1538,288,216,19,86,2147
2023,January,1,Andhra Pradesh,Vijayawada,1406,263,197,17,79,1962
2023,January,1,Andhra Pradesh,Guntur,1391,260,195,17,78,1941
2023,January,1,Andhra Pradesh,Tirupati,1341,251,188,16,75,1871
2023,January,1,Andhra Pradesh,Kurnool,1451,272,204,18,81,2026
2023,January,1,Madhya Pradesh,Bhopal,1454,272,204,18,81,2029
2023,January,1,Madhya Pradesh,Indore,1544,289,217,19,86,2155
2023,January,1,Madhya Pradesh,Jabalpur,1530,286,215,19,86,2136
2023,January,1,Madhya Pradesh,Gwalior,1297,243,182,16,72,1810
2023,January,1,Madhya Pradesh,Ujjain,1644,308,231,20,92,2295
2023,January,1,Punjab,Ludhiana,1866,349,262,23,104,2604
2023,January,1,Punjab,Amritsar,1879,352,264,23,105,2623
2023,January,1,Punjab,Jalandhar,1351,253,189,16,75,1884
2023,January,1,Punjab,Patiala,1351,253,190,16,76,1886
2023,January,1,Punjab,Bathinda,1875,351,263,23,105,2617
2023,January,1,Bihar,Patna,1783,334,250,22,100,2489
2023,January,1,Bihar,Gaya,1423,266,200,17,80,1986
2023,January,1,Bihar,Muzaffarpur,1805,338,253,22,101,2519
2023,January,1,Bihar,Bhagalpur,1674,314,235,20,94,2337
2023,January,1,Bihar,Purnia,1533,287,215,19,86,2140
2023,January,1,Odisha,Bhubaneswar,1794,336,252,22,100,2504
2023,January,1,Odisha,Cuttack,1285,241,180,16,72,1794
2023,January,1,Odisha,Rourkela,1721,322,242,21,96,2402
2023,January,1,Odisha,Sambalpur,1687,316,237,21,94,2355
2023,January,1,Odisha,Berhampur,1839,344,258,22,103,2566
2023,January,1,Assam,Guwahati,1477,277,207,18,83,2062
2023,January,1,Assam,Silchar,1332,249,187,16,74,1858
2023,January,1,Assam,Dibrugarh,1628,305,228,20,91,2272
2023,January,1,Assam,Jorhat,1659,311,233,20,93,2316
2023,January,1,Assam,Nagaon,1310,245,184,16,73,1828
2023,February,2,Maharashtra,Mumbai,2720,510,382,34,153,3799
2023,February,2,Maharashtra,Pune,2783,521,391,34,156,3885
2023,February,2,Maharashtra,Nagpur,3396,636,477,42,191,4742
2023,February,2,Maharashtra,Nashik,2459,461,345,30,138,3433
2023,February,2,Maharashtra,Aurangabad,2983,559,419,37,167,4165
2023,February,2,Karnataka,Bengaluru,2570,481,361,32,144,3588
2023,February,2,Karnataka,Mysuru,2545,477,358,31,143,3554
2023,February,2,Karnataka,Hubballi,2753,516,387,34,154,3844
2023,February,2,Karnataka,Mangaluru,2816,528,396,35,158,3933
2023,February,2,Karnataka,Belagavi,2876,539,404,35,161,4015
2023,February,2,Tamil Nadu,Chennai,2417,453,339,30,135,3374
2023,February,2,Tamil Nadu,Coimbatore,3116,584,438,38,175,4351
2023,February,2,Tamil Nadu,Madurai,3179,596,447,39,178,4439
2023,February,2,Tamil Nadu,Salem,2419,453,340,30,136,3378
2023,February,2,Tamil Nadu,Tiruchirappalli,3294,617,463,41,185,4600
2023,February,2,Telangana,Hyderabad,1547,290,217,19,87,2160
2023,February,2,Telangana,Warangal,1282,240,180,16,72,1790
2023,February,2,Telangana,Karimnagar,1735,325,244,21,97,2422
2023,February,2,Telangana,Nizamabad,1836,344,258,22,103,2563
2023,February,2,Telangana,Khammam,1857,348,261,23,104,2593
2023,February,2,Gujarat,Ahmedabad,1685,315,236,21,94,2351
2023,February,2,Gujarat,Surat,1599,299,224,19,89,2230
2023,February,2,Gujarat,Vadodara,1833,343,257,22,103,2558
2023,February,2,Gujarat,Rajkot,1849,346,260,23,104,2582
2023,February,2,Gujarat,Bhavnagar,1645,308,231,20,92,2296
2023,February,2,Uttar Pradesh,Lucknow,2943,551,413,36,165,4108
2023,February,2,Uttar Pradesh,Kanpur,2689,504,378,33,151,3755
2023,February,2,Uttar Pradesh,Agra,3108,582,437,38,174,4339
2023,February,2,Uttar Pradesh,Varanasi,2511,470,353,31,141,3506
2023,February,2,Uttar Pradesh,Prayagraj,2857,535,401,35,160,3988
2023,February,2,Kerala,Thiruvananthapuram,1800,337,253,22,101,2513
2023,February,2,Kerala,Kochi,1417,265,199,17,79,1977
2023,February,2,Kerala,Kozhikode,1461,273,205,18,82,2039
2023,February,2,Kerala,Thrissur,1721,322,242,21,96,2402
2023,February,2,Kerala,Kollam,1911,358,268,23,107,2667
2023,February,2,Rajasthan,Jaipur,1394,261,196,17,78,1946
2023,February,2,Rajasthan,Jodhpur,1759,329,247,21,98,2454
2023,February,2,Rajasthan,Udaipur,1417,265,199,17,79,1977
2023,February,2,Rajasthan,Kota,1490,279,209,18,83,2079
2023,February,2,Rajasthan,Ajmer,1449,271,203,18,81,2022
2023,February,2,West Bengal,Kolkata,1616,303,227,20,90,2256
2023,February,2,West Bengal,Howrah,1447,271,203,18,81,2020
2023,February,2,West Bengal,Siliguri,1615,302,227,20,90,2254
2023,February,2,West Bengal,Durgapur,1645,308,231,20,92,2296
2023,February,2,West Bengal,Asansol,1509,283,212,18,84,2106
2023,February,2,Andhra Pradesh,Visakhapatnam,1333,249,187,16,74,1859
2023,February,2,Andhra Pradesh,Vijayawada,1708,320,240,21,96,2385
2023,February,2,Andhra Pradesh,Guntur,1844,345,259,23,103,2574
2023,February,2,Andhra Pradesh,Tirupati,1429,267,200,17,80,1993
2023,February,2,Andhra Pradesh,Kurnool,1553,291,218,19,87,2168
2023,February,2,Madhya Pradesh,Bhopal,1833,343,257,22,103,2558
2023,February,2,Madhya Pradesh,Indore,1283,240,180,16,72,1791
2023,February,2,Madhya Pradesh,Jabalpur,1774,332,249,22,99,2476
2023,February,2,Madhya Pradesh,Gwalior,1389,260,195,17,78,1939
2023,February,2,Madhya Pradesh,Ujjain,1623,304,228,20,91,2266
2023,February,2,Punjab,Ludhiana,1488,279,209,18,83,2077
2023,February,2,Punjab,Amritsar,1771,332,249,22,99,2473
2023,February,2,Punjab,Jalandhar,1706,320,240,21,96,2383
2023,February,2,Punjab,Patiala,1731,324,243,21,97,2416
2023,February,2,Punjab,Bathinda,1569,294,220,19,88,2190
2023,February,2,Bihar,Patna,1682,315,236,21,94,2348
2023,February,2,Bihar,Gaya,1292,242,181,16,72,1803
2023,February,2,Bihar,Muzaffarpur,1641,307,230,20,92,2290
2023,February,2,Bihar,Bhagalpur,1834,343,257,22,103,2559
2023,February,2,Bihar,Purnia,1555,291,218,19,87,2170
2023,February,2,Odisha,Bhubaneswar,1746,327,245,21,98,2437
2023,February,2,Odisha,Cuttack,1722,322,242,21,96,2403
2023,February,2,Odisha,Rourkela,1589,298,223,19,89,2218
2023,February,2,Odisha,Sambalpur,1882,352,264,23,105,2626
2023,February,2,Odisha,Berhampur,1755,329,246,21,98,2449
2023,February,2,Assam,Guwahati,1435,269,201,17,80,2002
2023,February,2,Assam,Silchar,1453,272,204,18,81,2028
2023,February,2,Assam,Dibrugarh,1545,289,217,19,86,2156
2023,February,2,Assam,Jorhat,1708,320,240,21,96,2385
2023,February,2,Assam,Nagaon,1291,242,181,16,72,1802
2023,March,3,Maharashtra,Mumbai,2717,509,382,33,152,3793
2023,March,3,Maharashtra,Pune,3109,582,437,38,174,4340
2023,March,3,Maharashtra,Nagpur,3136,588,441,39,176,4380
2023,March,3,Maharashtra,Nashik,3109,582,437,38,174,4340
2023,March,3,Maharashtra,Aurangabad,2831,530,398,35,159,3953
2023,March,3,Karnataka,Bengaluru,3024,567,425,37,170,4223
2023,March,3,Karnataka,Mysuru,3327,623,467,41,187,4645
2023,March,3,Karnataka,Hubballi,2918,547,410,36,164,4075
2023,March,3,Karnataka,Mangaluru,2482,465,349,31,139,3466
2023,March,3,Karnataka,Belagavi,3320,622,466,41,186,4635
2023,March,3,Tamil Nadu,Chennai,3322,622,467,41,186,4638
2023,March,3,Tamil Nadu,Coimbatore,2956,554,415,36,166,4127
2023,March,3,Tamil Nadu,Madurai,2468,462,347,30,138,3445
2023,March,3,Tamil Nadu,Salem,2987,560,420,37,168,4172
2023,March,3,Tamil Nadu,Tiruchirappalli,2910,545,409,36,163,4063
2023,March,3,Telangana,Hyderabad,1700,318,239,21,95,2373
2023,March,3,Telangana,Warangal,1420,266,199,17,79,1981
2023,March,3,Telangana,Karimnagar,1819,341,255,22,102,2539
2023,March,3,Telangana,Nizamabad,1550,290,218,19,87,2164
2023,March,3,Telangana,Khammam,1512,283,212,18,85,2110
2023,March,3,Gujarat,Ahmedabad,1689,316,237,21,95,2358
2023,March,3,Gujarat,Surat,1392,261,195,17,78,1943
2023,March,3,Gujarat,Vadodara,1690,316,237,21,95,2359
2023,March,3,Gujarat,Rajkot,1651,309,232,20,92,2304
2023,March,3,Gujarat,Bhavnagar,1892,354,266,23,106,2641
2023,March,3,Uttar Pradesh,Lucknow,3271,613,459,40,183,4566
2023,March,3,Uttar Pradesh,Kanpur,2495,467,350,31,140,3483
2023,March,3,Uttar Pradesh,Agra,2455,460,345,30,138,3428
2023,March,3,Uttar Pradesh,Varanasi,3312,621,465,41,186,4625
2023,March,3,Uttar Pradesh,Prayagraj,3011,564,423,37,169,4204
2023,March,3,Kerala,Thiruvananthapuram,1751,328,246,21,98,2444
2023,March,3,Kerala,Kochi,1715,321,241,21,96,2394
2023,March,3,Kerala,Kozhikode,1571,294,221,19,88,2193
2023,March,3,Kerala,Thrissur,1695,317,238,21,95,2366
2023,March,3,Kerala,Kollam,1288,241,181,16,72,1798
2023,March,3,Rajasthan,Jaipur,1463,274,205,18,82,2042
2023,March,3,Rajasthan,Jodhpur,1353,253,190,16,76,1888
2023,March,3,Rajasthan,Udaipur,1291,242,181,16,72,1802
2023,March,3,Rajasthan,Kota,1767,331,248,22,99,2467
2023,March,3,Rajasthan,Ajmer,1532,287,215,19,86,2139
2023,March,3,West Bengal,Kolkata,1289,241,181,16,72,1799
2023,March,3,West Bengal,Howrah,1399,262,196,17,78,1952
2023,March,3,West Bengal,Siliguri,1837,344,258,22,103,2564
2023,March,3,West Bengal,Durgapur,1282,240,180,16,72,1790
2023,March,3,West Bengal,Asansol,1598,299,224,19,89,2229
2023,March,3,Andhra Pradesh,Visakhapatnam,1684,315,236,21,94,2350
2023,March,3,Andhra Pradesh,Vijayawada,1533,287,215,19,86,2140
2023,March,3,Andhra Pradesh,Guntur,1671,313,234,20,93,2331
2023,March,3,Andhra Pradesh,Tirupati,1319,247,185,16,74,1841
2023,March,3,Andhra Pradesh,Kurnool,1700,318,239,21,95,2373
2023,March,3,Madhya Pradesh,Bhopal,1684,315,236,21,94,2350
2023,March,3,Madhya Pradesh,Indore,1283,240,180,16,72,1791
2023,March,3,Madhya Pradesh,Jabalpur,1710,320,240,21,96,2387
2023,March,3,Madhya Pradesh,Gwalior,1337,250,188,16,75,1866
2023,March,3,Madhya Pradesh,Ujjain,1884,353,265,23,106,2631
2023,March,3,Punjab,Ludhiana,1843,345,259,23,103,2573
2023,March,3,Punjab,Amritsar,1557,291,218,19,87,2172
2023,March,3,Punjab,Jalandhar,1507,282,211,18,84,2102
2023,March,3,Punjab,Patiala,1323,248,186,16,74,1847
2023,March,3,Punjab,Bathinda,1768,331,248,22,99,2468
2023,March,3,Bihar,Patna,1327,248,186,16,74,1851
2023,March,3,Bihar,Gaya,1786,335,251,22,100,2494
2023,March,3,Bihar,Muzaffarpur,1442,270,202,18,81,2013
2023,March,3,Bihar,Bhagalpur,1726,323,242,21,97,2409
2023,March,3,Bihar,Purnia,1318,247,185,16,74,1840
2023,March,3,Odisha,Bhubaneswar,1661,311,233,20,93,2318
2023,March,3,Odisha,Cuttack,1920,360,270,24,108,2682
2023,March,3,Odisha,Rourkela,1381,258,194,17,77,1927
2023,March,3,Odisha,Sambalpur,1323,248,186,16,74,1847
2023,March,3,Odisha,Berhampur,1732,324,243,21,97,2417
2023,March,3,Assam,Guwahati,1774,332,249,22,99,2476
2023,March,3,Assam,Silchar,1700,318,239,21,95,2373
2023,March,3,Assam,Dibrugarh,1758,329,247,21,98,2453
2023,March,3,Assam,Jorhat,1353,253,190,16,76,1888
2023,March,3,Assam,Nagaon,1541,289,216,19,86,2151
2023,April,4,Maharashtra,Mumbai,3227,605,453,40,181,4506
2023,April,4,Maharashtra,Pune,2572,482,361,32,144,3591
2023,April,4,Maharashtra,Nagpur,2404,450,338,30,135,3357
2023,April,4,Maharashtra,Nashik,3338,625,469,41,187,4660
2023,April,4,Maharashtra,Aurangabad,2533,475,356,31,142,3537
2023,April,4,Karnataka,Bengaluru,2812,527,395,35,158,3927
2023,April,4,Karnataka,Mysuru,2983,559,419,37,167,4165
2023,April,4,Karnataka,Hubballi,3112,583,437,38,175,4345
2023,April,4,Karnataka,Mangaluru,2730,511,383,34,153,3811
2023,April,4,Karnataka,Belagavi,2321,435,326,29,130,3241
2023,April,4,Tamil Nadu,Chennai,2720,510,382,34,153,3799
2023,April,4,Tamil Nadu,Coimbatore,3091,579,434,38,173,4315
2023,April,4,Tamil Nadu,Madurai,2752,516,387,34,154,3843
2023,April,4,Tamil Nadu,Salem,2544,477,357,31,143,3552
2023,April,4,Tamil Nadu,Tiruchirappalli,3277,614,460,40,184,4575
2023,April,4,Telangana,Hyderabad,1630,305,229,20,91,2275
2023,April,4,Telangana,Warangal,1800,337,253,22,101,2513
2023,April,4,Telangana,Karimnagar,1818,341,255,22,102,2538
2023,April,4,Telangana,Nizamabad,1303,244,183,16,73,1819
2023,April,4,Telangana,Khammam,1570,294,220,19,88,2191
2023,April,4,Gujarat,Ahmedabad,1764,330,248,22,99,2463
2023,April,4,Gujarat,Surat,1837,344,258,22,103,2564
2023,April,4,Gujarat,Vadodara,1435,269,201,17,80,2002
2023,April,4,Gujarat,Rajkot,1401,262,197,17,78,1955
2023,April,4,Gujarat,Bhavnagar,1469,275,206,18,82,2050
2023,April,4,Uttar Pradesh,Lucknow,2343,439,329,29,131,3271
2023,April,4,Uttar Pradesh,Kanpur,3040,570,427,38,171,4246
2023,April,4,Uttar Pradesh,Agra,2458,460,345,30,138,3431
2023,April,4,Uttar Pradesh,Varanasi,3158,592,444,39,177,4410
2023,April,4,Uttar Pradesh,Prayagraj,2932,549,412,36,164,4093
2023,April,4,Kerala,Thiruvananthapuram,1496,280,210,18,84,2088
2023,April,4,Kerala,Kochi,1473,276,207,18,82,2056
2023,April,4,Kerala,Kozhikode,1878,352,264,23,105,2622
2023,April,4,Kerala,Thrissur,1511,283,212,18,85,2109
2023,April,4,Kerala,Kollam,1868,350,262,23,105,2608
2023,April,4,Rajasthan,Jaipur,1713,321,240,21,96,2391
2023,April,4,Rajasthan,Jodhpur,1854,347,260,23,104,2588
2023,April,4,Rajasthan,Udaipur,1307,245,183,16,73,1824
2023,April,4,Rajasthan,Kota,1334,250,187,16,75,1862
2023,April,4,Rajasthan,Ajmer,1811,339,254,22,101,2527
2023,April,4,West Bengal,Kolkata,1365,256,192,17,76,1906
2023,April,4,West Bengal,Howrah,1888,354,265,23,106,2636
2023,April,4,West Bengal,Siliguri,1362,255,191,17,76,1901
2023,April,4,West Bengal,Durgapur,1607,301,226,20,90,2244
2023,April,4,West Bengal,Asansol,1887,353,265,23,106,2634
2023,April,4,Andhra Pradesh,Visakhapatnam,1492,279,209,18,83,2081
2023,April,4,Andhra Pradesh,Vijayawada,1838,344,258,22,103,2565
2023,April,4,Andhra Pradesh,Guntur,1763,330,247,22,99,2461
2023,April,4,Andhra Pradesh,Tirupati,1482,277,208,18,83,2068
2023,April,4,Andhra Pradesh,Kurnool,1765,331,248,22,99,2465
2023,April,4,Madhya Pradesh,Bhopal,1559,292,219,19,87,2176
2023,April,4,Madhya Pradesh,Indore,1832,343,257,22,103,2557
2023,April,4,Madhya Pradesh,Jabalpur,1308,245,184,16,73,1826
2023,April,4,Madhya Pradesh,Gwalior,1413,264,198,17,79,1971
2023,April,4,Madhya Pradesh,Ujjain,1537,288,216,19,86,2146
2023,April,4,Punjab,Ludhiana,1373,257,193,17,77,1917
2023,April,4,Punjab,Amritsar,1618,303,227,20,91,2259
2023,April,4,Punjab,Jalandhar,1411,264,198,17,79,1969
2023,April,4,Punjab,Patiala,1304,244,183,16,73,1820
2023,April,4,Punjab,Bathinda,1299,243,182,16,73,1813
2023,April,4,Bihar,Patna,1708,320,240,21,96,2385
2023,April,4,Bihar,Gaya,1503,281,211,18,84,2097
2023,April,4,Bihar,Muzaffarpur,1837,344,258,22,103,2564
2023,April,4,Bihar,Bhagalpur,1735,325,244,21,97,2422
2023,April,4,Bihar,Purnia,1554,291,218,19,87,2169
2023,April,4,Odisha,Bhubaneswar,1459,273,205,18,82,2037
2023,April,4,Odisha,Cuttack,1298,243,182,16,73,1812
2023,April,4,Odisha,Rourkela,1400,262,196,17,78,1953
2023,April,4,Odisha,Sambalpur,1758,329,247,21,98,2453
2023,April,4,Odisha,Berhampur,1505,282,211,18,84,2100
2023,April,4,Assam,Guwahati,1352,253,190,16,76,1887
2023,April,4,Assam,Silchar,1523,285,214,19,85,2126
2023,April,4,Assam,Dibrugarh,1537,288,216,19,86,2146
2023,April,4,Assam,Jorhat,1620,303,227,20,91,2261
2023,April,4,Assam,Nagaon,1899,356,267,23,106,2651
2023,May,5,Maharashtra,Mumbai,2275,426,319,28,127,3175
2023,May,5,Maharashtra,Pune,3341,626,469,41,187,4664
2023,May,5,Maharashtra,Nagpur,2975,557,418,37,167,4154
2023,May,5,Maharashtra,Nashik,2976,558,418,37,167,4156
2023,May,5,Maharashtra,Aurangabad,2419,453,340,30,136,3378
2023,May,5,Karnataka,Bengaluru,2601,487,365,32,146,3631
2023,May,5,Karnataka,Mysuru,3227,605,453,40,181,4506
2023,May,5,Karnataka,Hubballi,3384,634,475,42,190,4725
2023,May,5,Karnataka,Mangaluru,2726,511,383,34,153,3807
2023,May,5,Karnataka,Belagavi,3301,618,464,41,185,4609
2023,May,5,Tamil Nadu,Chennai,3039,569,427,37,170,4242
2023,May,5,Tamil Nadu,Coimbatore,2474,463,347,30,139,3453
2023,May,5,Tamil Nadu,Madurai,2718,509,382,33,152,3794
2023,May,5,Tamil Nadu,Salem,2395,449,336,29,134,3343
2023,May,5,Tamil Nadu,Tiruchirappalli,2522,472,354,31,141,3520
2023,May,5,Telangana,Hyderabad,1523,285,214,19,85,2126
2023,May,5,Telangana,Warangal,1390,260,195,17,78,1940
2023,May,5,Telangana,Karimnagar,1669,313,234,20,93,2329
2023,May,5,Telangana,Nizamabad,1795,336,252,22,100,2505
2023,May,5,Telangana,Khammam,1492,279,209,18,83,2081
2023,May,5,Gujarat,Ahmedabad,1870,350,263,23,105,2611
2023,May,5,Gujarat,Surat,1317,247,185,16,74,1839
2023,May,5,Gujarat,Vadodara,1633,306,229,20,91,2279
2023,May,5,Gujarat,Rajkot,1609,301,226,20,90,2246
2023,May,5,Gujarat,Bhavnagar,1426,267,200,17,80,1990
2023,May,5,Uttar Pradesh,Lucknow,2418,453,340,30,136,3377
2023,May,5,Uttar Pradesh,Kanpur,3128,586,439,39,175,4367
2023,May,5,Uttar Pradesh,Agra,3153,591,443,39,177,4403
2023,May,5,Uttar Pradesh,Varanasi,3089,579,434,38,173,4313
2023,May,5,Uttar Pradesh,Prayagraj,2758,517,387,34,155,3851
2023,May,5,Kerala,Thiruvananthapuram,1840,345,258,23,103,2569
2023,May,5,Kerala,Kochi,1696,318,238,21,95,2368
2023,May,5,Kerala,Kozhikode,1497,280,210,18,84,2089
2023,May,5,Kerala,Thrissur,1601,300,225,20,90,2236
2023,May,5,Kerala,Kollam,1753,328,246,21,98,2446
2023,May,5,Rajasthan,Jaipur,1409,264,198,17,79,1967
2023,May,5,Rajasthan,Jodhpur,1554,291,218,19,87,2169
2023,May,5,Rajasthan,Udaipur,1767,331,248,22,99,2467
2023,May,5,Rajasthan,Kota,1389,260,195,17,78,1939
2023,May,5,Rajasthan,Ajmer,1699,318,239,21,95,2372
2023,May,5,West Bengal,Kolkata,1373,257,193,17,77,1917
2023,May,5,West Bengal,Howrah,1871,350,263,23,105,2612
2023,May,5,West Bengal,Siliguri,1514,283,212,18,85,2112
2023,May,5,West Bengal,Durgapur,1664,312,234,20,93,2323
2023,May,5,West Bengal,Asansol,1285,240,180,16,72,1793
2023,May,5,Andhra Pradesh,Visakhapatnam,1292,242,181,16,72,1803
2023,May,5,Andhra Pradesh,Vijayawada,1590,298,223,19,89,2219
2023,May,5,Andhra Pradesh,Guntur,1631,305,229,20,91,2276
2023,May,5,Andhra Pradesh,Tirupati,1349,253,189,16,75,1882
2023,May,5,Andhra Pradesh,Kurnool,1821,341,256,22,102,2542
2023,May,5,Madhya Pradesh,Bhopal,1906,357,268,23,107,2661
2023,May,5,Madhya Pradesh,Indore,1776,333,249,22,99,2479
2023,May,5,Madhya Pradesh,Jabalpur,1347,252,189,16,75,1879
2023,May,5,Madhya Pradesh,Gwalior,1702,319,239,21,95,2376
2023,May,5,Madhya Pradesh,Ujjain,1663,311,233,20,93,2320
2023,May,5,Punjab,Ludhiana,1709,320,240,21,96,2386
2023,May,5,Punjab,Amritsar,1593,298,224,19,89,2223
2023,May,5,Punjab,Jalandhar,1355,254,190,16,76,1891
2023,May,5,Punjab,Patiala,1339,251,188,16,75,1869
2023,May,5,Punjab,Bathinda,1685,316,237,21,94,2353
2023,May,5,Bihar,Patna,1390,260,195,17,78,1940
2023,May,5,Bihar,Gaya,1727,323,242,21,97,2410
2023,May,5,Bihar,Muzaffarpur,1460,273,205,18,82,2038
2023,May,5,Bihar,Bhagalpur,1911,358,268,23,107,2667
2023,May,5,Bihar,Purnia,1743,326,245,21,98,2433
2023,May,5,Odisha,Bhubaneswar,1318,247,185,16,74,1840
2023,May,5,Odisha,Cuttack,1548,290,217,19,87,2161
2023,May,5,Odisha,Rourkela,1357,254,190,16,76,1893
2023,May,5,Odisha,Sambalpur,1766,331,248,22,99,2466
2023,May,5,Odisha,Berhampur,1421,266,199,17,79,1982
2023,May,5,Assam,Guwahati,1435,269,201,17,80,2002
2023,May,5,Assam,Silchar,1870,350,263,23,105,2611
2023,May,5,Assam,Dibrugarh,1684,315,236,21,94,2350
2023,May,5,Assam,Jorhat,1462,274,205,18,82,2041
2023,May,5,Assam,Nagaon,1834,344,258,22,103,2561
2023,June,6,Maharashtra,Mumbai,3281,615,461,41,184,4582
2023,June,6,Maharashtra,Pune,2457,460,345,30,138,3430
2023,June,6,Maharashtra,Nagpur,2758,517,387,34,155,3851
2023,June,6,Maharashtra,Nashik,2886,541,405,36,162,4030
2023,June,6,Maharashtra,Aurangabad,2846,533,400,35,160,3974
2023,June,6,Karnataka,Bengaluru,2670,500,375,33,150,3728
2023,June,6,Karnataka,Mysuru,3194,599,449,39,179,4460
2023,June,6,Karnataka,Hubballi,3032,568,426,37,170,4233
2023,June,6,Karnataka,Mangaluru,3266,612,459,40,183,4560
2023,June,6,Karnataka,Belagavi,2417,453,339,30,135,3374
2023,June,6,Tamil Nadu,Chennai,2362,442,332,29,132,3297
2023,June,6,Tamil Nadu,Coimbatore,3215,602,452,40,180,4489
2023,June,6,Tamil Nadu,Madurai,2771,519,389,34,155,3868
2023,June,6,Tamil Nadu,Salem,3374,632,474,42,189,4711
2023,June,6,Tamil Nadu,Tiruchirappalli,2646,496,372,33,148,3695
2023,June,6,Telangana,Hyderabad,1444,270,203,18,81,2016
2023,June,6,Telangana,Warangal,1367,256,192,17,76,1908
2023,June,6,Telangana,Karimnagar,1391,260,195,17,78,1941
2023,June,6,Telangana,Nizamabad,1673,313,235,20,94,2335
2023,June,6,Telangana,Khammam,1361,255,191,17,76,1900
2023,June,6,Gujarat,Ahmedabad,1883,353,264,23,105,2628
2023,June,6,Gujarat,Surat,1764,330,248,22,99,2463
2023,June,6,Gujarat,Vadodara,1300,243,182,16,73,1814
2023,June,6,Gujarat,Rajkot,1502,281,211,18,84,2096
2023,June,6,Gujarat,Bhavnagar,1516,284,213,18,85,2116
2023,June,6,Uttar Pradesh,Lucknow,2940,551,413,36,165,4105
2023,June,6,Uttar Pradesh,Kanpur,3373,632,474,42,189,4710
2023,June,6,Uttar Pradesh,Agra,3053,572,429,38,171,4263
2023,June,6,Uttar Pradesh,Varanasi,3309,620,465,41,186,4621
2023,June,6,Uttar Pradesh,Prayagraj,3168,594,445,39,178,4424
2023,June,6,Kerala,Thiruvananthapuram,1582,296,222,19,89,2208
2023,June,6,Kerala,Kochi,1662,311,233,20,93,2319
2023,June,6,Kerala,Kozhikode,1855,347,260,23,104,2589
2023,June,6,Kerala,Thrissur,1674,314,235,20,94,2337
2023,June,6,Kerala,Kollam,1747,327,245,21,98,2438
2023,June,6,Rajasthan,Jaipur,1329,249,187,16,74,1855
2023,June,6,Rajasthan,Jodhpur,1691,317,237,21,95,2361
2023,June,6,Rajasthan,Udaipur,1781,334,250,22,100,2487
2023,June,6,Rajasthan,Kota,1784,334,250,22,100,2490
2023,June,6,Rajasthan,Ajmer,1817,340,255,22,102,2536
2023,June,6,West Bengal,Kolkata,1471,275,206,18,82,2052
2023,June,6,West Bengal,Howrah,1416,265,199,17,79,1976
2023,June,6,West Bengal,Siliguri,1795,336,252,22,100,2505
2023,June,6,West Bengal,Durgapur,1491,279,209,18,83,2080
2023,June,6,West Bengal,Asansol,1829,343,257,22,102,2553
2023,June,6,Andhra Pradesh,Visakhapatnam,1858,348,261,23,104,2594
2023,June,6,Andhra Pradesh,Vijayawada,1829,342,257,22,102,2552
2023,June,6,Andhra Pradesh,Guntur,1820,341,255,22,102,2540
2023,June,6,Andhra Pradesh,Tirupati,1618,303,227,20,91,2259
2023,June,6,Andhra Pradesh,Kurnool,1765,331,248,22,99,2465
2023,June,6,Madhya Pradesh,Bhopal,1331,249,187,16,74,1857
2023,June,6,Madhya Pradesh,Indore,1425,267,200,17,80,1989
2023,June,6,Madhya Pradesh,Jabalpur,1469,275,206,18,82,2050
2023,June,6,Madhya Pradesh,Gwalior,1816,340,255,22,102,2535
2023,June,6,Madhya Pradesh,Ujjain,1916,359,269,23,107,2674
2023,June,6,Punjab,Ludhiana,1616,303,227,20,90,2256
2023,June,6,Punjab,Amritsar,1478,277,207,18,83,2063
2023,June,6,Punjab,Jalandhar,1492,279,209,18,83,2081
2023,June,6,Punjab,Patiala,1890,354,265,23,106,2638
2023,June,6,Punjab,Bathinda,1412,264,198,17,79,1970
2023,June,6,Bihar,Patna,1675,314,235,20,94,2338
2023,June,6,Bihar,Gaya,1583,296,222,19,89,2209
2023,June,6,Bihar,Muzaffarpur,1537,288,216,19,86,2146
2023,June,6,Bihar,Bhagalpur,1476,276,207,18,83,2060
2023,June,6,Bihar,Purnia,1813,340,255,22,102,2532
2023,June,6,Odisha,Bhubaneswar,1316,246,185,16,74,1837
2023,June,6,Odisha,Cuttack,1523,285,214,19,85,2126
2023,June,6,Odisha,Rourkela,1811,339,254,22,101,2527
2023,June,6,Odisha,Sambalpur,1656,310,232,20,93,2311
2023,June,6,Odisha,Berhampur,1806,338,253,22,101,2520
2023,June,6,Assam,Guwahati,1334,250,187,16,75,1862
2023,June,6,Assam,Silchar,1492,279,209,18,83,2081
2023,June,6,Assam,Dibrugarh,1634,306,229,20,91,2280
2023,June,6,Assam,Jorhat,1750,328,246,21,98,2443
2023,June,6,Assam,Nagaon,1569,294,220,19,88,2190
2023,July,7,Maharashtra,Mumbai,2893,542,406,36,162,4039
2023,July,7,Maharashtra,Pune,3143,589,442,39,176,4389
2023,July,7,Maharashtra,Nagpur,2651,497,372,33,149,3702
2023,July,7,Maharashtra,Nashik,3241,607,455,40,182,4525
2023,July,7,Maharashtra,Aurangabad,3381,634,475,42,190,4722
2023,July,7,Karnataka,Bengaluru,2434,456,342,30,136,3398
2023,July,7,Karnataka,Mysuru,2910,545,409,36,163,4063
2023,July,7,Karnataka,Hubballi,2673,501,375,33,150,3732
2023,July,7,Karnataka,Mangaluru,2356,441,331,29,132,3289
2023,July,7,Karnataka,Belagavi,2295,430,322,28,129,3204
2023,July,7,Tamil Nadu,Chennai,3396,636,477,42,191,4742
2023,July,7,Tamil Nadu,Coimbatore,3366,631,473,42,189,4701
2023,July,7,Tamil Nadu,Madurai,2834,531,398,35,159,3957
2023,July,7,Tamil Nadu,Salem,3181,596,447,39,178,4441
2023,July,7,Tamil Nadu,Tiruchirappalli,2930,549,412,36,164,4091
2023,July,7,Telangana,Hyderabad,1698,318,238,21,95,2370
2023,July,7,Telangana,Warangal,1458,273,205,18,82,2036
2023,July,7,Telangana,Karimnagar,1316,246,185,16,74,1837
2023,July,7,Telangana,Nizamabad,1805,338,253,22,101,2519
2023,July,7,Telangana,Khammam,1559,292,219,19,87,2176
2023,July,7,Gujarat,Ahmedabad,1792,336,252,22,100,2502
2023,July,7,Gujarat,Surat,1820,341,255,22,102,2540
2023,July,7,Gujarat,Vadodara,1352,253,190,16,76,1887
2023,July,7,Gujarat,Rajkot,1848,346,259,23,103,2579
2023,July,7,Gujarat,Bhavnagar,1644,308,231,20,92,2295
2023,July,7,Uttar Pradesh,Lucknow,2777,520,390,34,156,3877
2023,July,7,Uttar Pradesh,Kanpur,2792,523,392,34,157,3898
2023,July,7,Uttar Pradesh,Agra,3246,608,456,40,182,4532
2023,July,7,Uttar Pradesh,Varanasi,2370,444,333,29,133,3309
2023,July,7,Uttar Pradesh,Prayagraj,3144,589,442,39,176,4390
2023,July,7,Kerala,Thiruvananthapuram,1651,309,232,20,92,2304
2023,July,7,Kerala,Kochi,1315,246,185,16,74,1836
2023,July,7,Kerala,Kozhikode,1444,270,203,18,81,2016
2023,July,7,Kerala,Thrissur,1568,294,220,19,88,2189
2023,July,7,Kerala,Kollam,1667,312,234,20,93,2326
2023,July,7,Rajasthan,Jaipur,1523,285,214,19,85,2126
2023,July,7,Rajasthan,Jodhpur,1733,325,243,21,97,2419
2023,July,7,Rajasthan,Udaipur,1304,244,183,16,73,1820
2023,July,7,Rajasthan,Kota,1608,301,226,20,90,2245
2023,July,7,Rajasthan,Ajmer,1563,293,219,19,87,2181
2023,July,7,West Bengal,Kolkata,1383,259,194,17,77,1930
2023,July,7,West Bengal,Howrah,1472,276,207,18,82,2055
2023,July,7,West Bengal,Siliguri,1504,282,211,18,84,2099
2023,July,7,West Bengal,Durgapur,1301,244,183,16,73,1817
2023,July,7,West Bengal,Asansol,1598,299,224,19,89,2229
2023,July,7,Andhra Pradesh,Visakhapatnam,1813,339,254,22,101,2529
2023,July,7,Andhra Pradesh,Vijayawada,1821,341,256,22,102,2542
2023,July,7,Andhra Pradesh,Guntur,1601,300,225,20,90,2236
2023,July,7,Andhra Pradesh,Tirupati,1760,330,247,22,99,2458
2023,July,7,Andhra Pradesh,Kurnool,1676,314,235,20,94,2339
2023,July,7,Madhya Pradesh,Bhopal,1550,290,217,19,87,2163
2023,July,7,Madhya Pradesh,Indore,1853,347,260,23,104,2587
2023,July,7,Madhya Pradesh,Jabalpur,1427,267,200,17,80,1991
2023,July,7,Madhya Pradesh,Gwalior,1620,303,227,20,91,2261
2023,July,7,Madhya Pradesh,Ujjain,1866,350,262,23,105,2606
2023,July,7,Punjab,Ludhiana,1787,335,251,22,100,2495
2023,July,7,Punjab,Amritsar,1632,306,229,20,91,2278
2023,July,7,Punjab,Jalandhar,1496,280,210,18,84,2088
2023,July,7,Punjab,Patiala,1801,337,253,22,101,2514
2023,July,7,Punjab,Bathinda,1603,300,225,20,90,2238
2023,July,7,Bihar,Patna,1794,336,252,22,100,2504
2023,July,7,Bihar,Gaya,1450,272,204,18,81,2025
2023,July,7,Bihar,Muzaffarpur,1406,263,197,17,79,1962
2023,July,7,Bihar,Bhagalpur,1612,302,226,20,90,2250
2023,July,7,Bihar,Purnia,1758,329,247,21,98,2453
2023,July,7,Odisha,Bhubaneswar,1488,279,209,18,83,2077
2023,July,7,Odisha,Cuttack,1396,261,196,17,78,1948
2023,July,7,Odisha,Rourkela,1816,340,255,22,102,2535
2023,July,7,Odisha,Sambalpur,1459,273,205,18,82,2037
2023,July,7,Odisha,Berhampur,1396,261,196,17,78,1948
2023,July,7,Assam,Guwahati,1638,307,230,20,92,2287
2023,July,7,Assam,Silchar,1285,241,180,16,72,1794
2023,July,7,Assam,Dibrugarh,1647,308,231,20,92,2298
2023,July,7,Assam,Jorhat,1451,272,204,18,81,2026
2023,July,7,Assam,Nagaon,1392,261,195,17,78,1943
2023,August,8,Maharashtra,Mumbai,2821,529,396,35,158,3939
2023,August,8,Maharashtra,Pune,3070,575,431,38,172,4286
2023,August,8,Maharashtra,Nagpur,3249,609,456,40,182,4536
2023,August,8,Maharashtra,Nashik,2582,484,363,32,145,3606
2023,August,8,Maharashtra,Aurangabad,2306,432,324,28,129,3219
2023,August,8,Karnataka,Bengaluru,2784,522,391,34,156,3887
2023,August,8,Karnataka,Mysuru,3075,576,432,38,172,4293
2023,August,8,Karnataka,Hubballi,2894,542,406,36,162,4040
2023,August,8,Karnataka,Mangaluru,3064,574,430,38,172,4278
2023,August,8,Karnataka,Belagavi,3067,575,431,38,172,4283
2023,August,8,Tamil Nadu,Chennai,3362,630,472,42,189,4695
2023,August,8,Tamil Nadu,Coimbatore,2552,478,358,31,143,3562
2023,August,8,Tamil Nadu,Madurai,2373,445,333,29,133,3313
2023,August,8,Tamil Nadu,Salem,2896,543,407,36,162,4044
2023,August,8,Tamil Nadu,Tiruchirappalli,2628,492,369,32,147,3668
2023,August,8,Telangana,Hyderabad,1595,299,224,19,89,2226
2023,August,8,Telangana,Warangal,1377,258,193,17,77,1922
2023,August,8,Telangana,Karimnagar,1504,282,211,18,84,2099
2023,August,8,Telangana,Nizamabad,1415,265,199,17,79,1975
2023,August,8,Telangana,Khammam,1796,336,252,22,101,2507
2023,August,8,Gujarat,Ahmedabad,1678,314,236,20,94,2342
2023,August,8,Gujarat,Surat,1862,349,261,23,104,2599
2023,August,8,Gujarat,Vadodara,1477,277,207,18,83,2062
2023,August,8,Gujarat,Rajkot,1453,272,204,18,81,2028
2023,August,8,Gujarat,Bhavnagar,1659,311,233,20,93,2316
2023,August,8,Uttar Pradesh,Lucknow,2688,504,378,33,151,3754
2023,August,8,Uttar Pradesh,Kanpur,2874,538,404,35,161,4012
2023,August,8,Uttar Pradesh,Agra,3316,621,466,41,186,4630
2023,August,8,Uttar Pradesh,Varanasi,2385,447,335,29,134,3330
2023,August,8,Uttar Pradesh,Prayagraj,2294,430,322,28,129,3203
2023,August,8,Kerala,Thiruvananthapuram,1477,276,207,18,83,2061
2023,August,8,Kerala,Kochi,1574,295,221,19,88,2197
2023,August,8,Kerala,Kozhikode,1517,284,213,18,85,2117
2023,August,8,Kerala,Thrissur,1397,262,196,17,78,1950
2023,August,8,Kerala,Kollam,1323,248,186,16,74,1847
2023,August,8,Rajasthan,Jaipur,1519,284,213,18,85,2119
2023,August,8,Rajasthan,Jodhpur,1766,331,248,22,99,2466
2023,August,8,Rajasthan,Udaipur,1425,267,200,17,80,1989
2023,August,8,Rajasthan,Kota,1459,273,205,18,82,2037
2023,August,8,Rajasthan,Ajmer,1837,344,258,22,103,2564
2023,August,8,West Bengal,Kolkata,1523,285,214,19,85,2126
2023,August,8,West Bengal,Howrah,1830,343,257,22,102,2554
2023,August,8,West Bengal,Siliguri,1468,275,206,18,82,2049
2023,August,8,West Bengal,Durgapur,1544,289,217,19,86,2155
2023,August,8,West Bengal,Asansol,1878,352,264,23,105,2622
2023,August,8,Andhra Pradesh,Visakhapatnam,1835,344,258,22,103,2562
2023,August,8,Andhra Pradesh,Vijayawada,1688,316,237,21,94,2356
2023,August,8,Andhra Pradesh,Guntur,1755,329,246,21,98,2449
2023,August,8,Andhra Pradesh,Tirupati,1702,319,239,21,95,2376
2023,August,8,Andhra Pradesh,Kurnool,1497,280,210,18,84,2089
2023,August,8,Madhya Pradesh,Bhopal,1630,305,229,20,91,2275
2023,August,8,Madhya Pradesh,Indore,1624,304,228,20,91,2267
2023,August,8,Madhya Pradesh,Jabalpur,1723,323,242,21,96,2405
2023,August,8,Madhya Pradesh,Gwalior,1766,331,248,22,99,2466
2023,August,8,Madhya Pradesh,Ujjain,1378,258,193,17,77,1923
2023,August,8,Punjab,Ludhiana,1294,242,182,16,72,1806
2023,August,8,Punjab,Amritsar,1613,302,226,20,90,2251
2023,August,8,Punjab,Jalandhar,1845,345,259,23,103,2575
2023,August,8,Punjab,Patiala,1677,314,235,20,94,2340
2023,August,8,Punjab,Bathinda,1753,328,246,21,98,2446
2023,August,8,Bihar,Patna,1500,281,210,18,84,2093
2023,August,8,Bihar,Gaya,1391,260,195,17,78,1941
2023,August,8,Bihar,Muzaffarpur,1596,299,224,19,89,2227
2023,August,8,Bihar,Bhagalpur,1395,261,196,17,78,1947
2023,August,8,Bihar,Purnia,1488,279,209,18,83,2077
2023,August,8,Odisha,Bhubaneswar,1298,243,182,16,73,1812
2023,August,8,Odisha,Cuttack,1605,301,225,20,90,2241
2023,August,8,Odisha,Rourkela,1435,269,201,17,80,2002
2023,August,8,Odisha,Sambalpur,1872,351,263,23,105,2614
2023,August,8,Odisha,Berhampur,1823,341,256,22,102,2544
2023,August,8,Assam,Guwahati,1725,323,242,21,97,2408
2023,August,8,Assam,Silchar,1767,331,248,22,99,2467
2023,August,8,Assam,Dibrugarh,1555,291,218,19,87,2170
2023,August,8,Assam,Jorhat,1624,304,228,20,91,2267
2023,August,8,Assam,Nagaon,1319,247,185,16,74,1841
2023,September,9,Maharashtra,Mumbai,2324,435,326,29,130,3244
2023,September,9,Maharashtra,Pune,3271,613,460,40,184,4568
2023,September,9,Maharashtra,Nagpur,3101,581,436,38,174,4330
2023,September,9,Maharashtra,Nashik,3218,603,452,40,181,4494
2023,September,9,Maharashtra,Aurangabad,2377,445,334,29,133,3318
2023,September,9,Karnataka,Bengaluru,2519,472,354,31,141,3517
2023,September,9,Karnataka,Mysuru,2822,529,396,35,158,3940
2023,September,9,Karnataka,Hubballi,3047,571,428,38,171,4255
2023,September,9,Karnataka,Mangaluru,3176,595,446,39,178,4434
2023,September,9,Karnataka,Belagavi,2767,518,389,34,155,3863
2023,September,9,Tamil Nadu,Chennai,2819,528,396,35,158,3936
2023,September,9,Tamil Nadu,Coimbatore,2963,555,416,37,166,4137
2023,September,9,Tamil Nadu,Madurai,3308,620,465,41,186,4620
2023,September,9,Tamil Nadu,Salem,3257,610,458,40,183,4548
2023,September,9,Tamil Nadu,Tiruchirappalli,2714,509,381,33,152,3789
2023,September,9,Telangana,Hyderabad,1353,253,190,16,76,1888
2023,September,9,Telangana,Warangal,1532,287,215,19,86,2139
2023,September,9,Telangana,Karimnagar,1683,315,236,21,94,2349
2023,September,9,Telangana,Nizamabad,1908,357,268,23,107,2663
2023,September,9,Telangana,Khammam,1282,240,180,16,72,1790
2023,September,9,Gujarat,Ahmedabad,1859,348,261,23,104,2595
2023,September,9,Gujarat,Surat,1784,334,250,22,100,2490
2023,September,9,Gujarat,Vadodara,1550,290,218,19,87,2164
2023,September,9,Gujarat,Rajkot,1630,305,229,20,91,2275
2023,September,9,Gujarat,Bhavnagar,1736,325,244,21,97,2423
2023,September,9,Uttar Pradesh,Lucknow,2330,436,327,29,131,3253
2023,September,9,Uttar Pradesh,Kanpur,2759,517,388,34,155,3853
2023,September,9,Uttar Pradesh,Agra,2985,559,419,37,167,4167
2023,September,9,Uttar Pradesh,Varanasi,2519,472,354,31,141,3517
2023,September,9,Uttar Pradesh,Prayagraj,3313,621,465,41,186,4626
2023,September,9,Kerala,Thiruvananthapuram,1344,252,189,16,75,1876
2023,September,9,Kerala,Kochi,1399,262,196,17,78,1952
2023,September,9,Kerala,Kozhikode,1712,321,240,21,96,2390
2023,September,9,Kerala,Thrissur,1840,345,258,23,103,2569
2023,September,9,Kerala,Kollam,1720,322,241,21,96,2400
2023,September,9,Rajasthan,Jaipur,1825,342,256,22,102,2547
2023,September,9,Rajasthan,Jodhpur,1342,251,188,16,75,1872
2023,September,9,Rajasthan,Udaipur,1774,332,249,22,99,2476
2023,September,9,Rajasthan,Kota,1676,314,235,20,94,2339
2023,September,9,Rajasthan,Ajmer,1725,323,242,21,97,2408
2023,September,9,West Bengal,Kolkata,1332,249,187,16,74,1858
2023,September,9,West Bengal,Howrah,1292,242,181,16,72,1803
2023,September,9,West Bengal,Siliguri,1587,297,223,19,89,2215
2023,September,9,West Bengal,Durgapur,1777,333,249,22,99,2480
2023,September,9,West Bengal,Asansol,1482,278,208,18,83,2069
2023,September,9,Andhra Pradesh,Visakhapatnam,1520,285,213,19,85,2122
2023,September,9,Andhra Pradesh,Vijayawada,1671,313,235,20,94,2333
2023,September,9,Andhra Pradesh,Guntur,1627,305,228,20,91,2271
2023,September,9,Andhra Pradesh,Tirupati,1843,345,259,23,103,2573
2023,September,9,Andhra Pradesh,Kurnool,1412,264,198,17,79,1970
2023,September,9,Madhya Pradesh,Bhopal,1597,299,224,19,89,2228
2023,September,9,Madhya Pradesh,Indore,1533,287,215,19,86,2140
2023,September,9,Madhya Pradesh,Jabalpur,1635,306,229,20,91,2281
2023,September,9,Madhya Pradesh,Gwalior,1569,294,220,19,88,2190
2023,September,9,Madhya Pradesh,Ujjain,1482,278,208,18,83,2069
2023,September,9,Punjab,Ludhiana,1843,345,259,23,103,2573
2023,September,9,Punjab,Amritsar,1467,275,206,18,82,2048
2023,September,9,Punjab,Jalandhar,1546,289,217,19,86,2157
2023,September,9,Punjab,Patiala,1505,282,211,18,84,2100
2023,September,9,Punjab,Bathinda,1676,314,235,20,94,2339
2023,September,9,Bihar,Patna,1294,242,182,16,72,1806
2023,September,9,Bihar,Gaya,1439,269,202,17,80,2007
2023,September,9,Bihar,Muzaffarpur,1560,292,219,19,87,2177
2023,September,9,Bihar,Bhagalpur,1321,247,185,16,74,1843
2023,September,9,Bihar,Purnia,1876,351,263,23,105,2618
2023,September,9,Odisha,Bhubaneswar,1734,325,243,21,97,2420
2023,September,9,Odisha,Cuttack,1471,275,206,18,82,2052
2023,September,9,Odisha,Rourkela,1549,290,217,19,87,2162
2023,September,9,Odisha,Sambalpur,1458,273,205,18,82,2036
2023,September,9,Odisha,Berhampur,1298,243,182,16,73,1812
2023,September,9,Assam,Guwahati,1896,355,266,23,106,2646
2023,September,9,Assam,Silchar,1523,285,214,19,85,2126
2023,September,9,Assam,Dibrugarh,1716,321,241,21,96,2395
2023,September,9,Assam,Jorhat,1815,340,255,22,102,2534
2023,September,9,Assam,Nagaon,1722,323,242,21,96,2404
2023,October,10,Maharashtra,Mumbai,2917,546,410,36,164,4073
2023,October,10,Maharashtra,Pune,3737,700,525,46,210,5218
2023,October,10,Maharashtra,Nagpur,4060,761,571,50,228,5670
2023,October,10,Maharashtra,Nashik,3696,693,519,46,207,5161
2023,October,10,Maharashtra,Aurangabad,3979,746,559,49,223,5556
2023,October,10,Karnataka,Bengaluru,3153,591,443,39,177,4403
2023,October,10,Karnataka,Mysuru,2920,547,410,36,164,4077
2023,October,10,Karnataka,Hubballi,3672,688,516,45,206,5127
2023,October,10,Karnataka,Mangaluru,3044,570,428,38,171,4251
2023,October,10,Karnataka,Belagavi,3253,609,457,40,182,4541
2023,October,10,Tamil Nadu,Chennai,2930,549,412,36,164,4091
2023,October,10,Tamil Nadu,Coimbatore,2993,561,421,37,168,4180
2023,October,10,Tamil Nadu,Madurai,3097,580,435,38,174,4324
2023,October,10,Tamil Nadu,Salem,3512,658,493,43,197,4903
2023,October,10,Tamil Nadu,Tiruchirappalli,3951,740,555,49,222,5517
2023,October,10,Telangana,Hyderabad,2229,418,313,27,125,3112
2023,October,10,Telangana,Warangal,1996,374,280,24,112,2786
2023,October,10,Telangana,Karimnagar,1707,320,240,21,96,2384
2023,October,10,Telangana,Nizamabad,1598,299,224,19,89,2229
2023,October,10,Telangana,Khammam,2095,392,294,26,117,2924
2023,October,10,Gujarat,Ahmedabad,2036,381,286,25,114,2842
2023,October,10,Gujarat,Surat,1991,373,280,24,112,2780
2023,October,10,Gujarat,Vadodara,2005,376,282,25,112,2800
2023,October,10,Gujarat,Rajkot,1565,293,220,19,88,2185
2023,October,10,Gujarat,Bhavnagar,1723,323,242,21,96,2405
2023,October,10,Uttar Pradesh,Lucknow,2924,548,411,36,164,4083
2023,October,10,Uttar Pradesh,Kanpur,3614,677,508,45,203,5047
2023,October,10,Uttar Pradesh,Agra,3112,583,437,38,175,4345
2023,October,10,Uttar Pradesh,Varanasi,2854,535,401,35,160,3985
2023,October,10,Uttar Pradesh,Prayagraj,3296,618,463,41,185,4603
2023,October,10,Kerala,Thiruvananthapuram,2035,381,286,25,114,2841
2023,October,10,Kerala,Kochi,1760,330,247,22,99,2458
2023,October,10,Kerala,Kozhikode,2297,430,323,28,129,3207
2023,October,10,Kerala,Thrissur,2258,423,317,28,127,3153
2023,October,10,Kerala,Kollam,1664,312,234,20,93,2323
2023,October,10,Rajasthan,Jaipur,1565,293,220,19,88,2185
2023,October,10,Rajasthan,Jodhpur,1750,328,246,21,98,2443
2023,October,10,Rajasthan,Udaipur,2009,376,282,25,113,2805
2023,October,10,Rajasthan,Kota,1783,334,250,22,100,2489
2023,October,10,Rajasthan,Ajmer,1696,318,238,21,95,2368
2023,October,10,West Bengal,Kolkata,2109,395,296,26,118,2944
2023,October,10,West Bengal,Howrah,1618,303,227,20,91,2259
2023,October,10,West Bengal,Siliguri,2219,416,312,27,124,3098
2023,October,10,West Bengal,Durgapur,1841,345,259,23,103,2571
2023,October,10,West Bengal,Asansol,1882,352,264,23,105,2626
2023,October,10,Andhra Pradesh,Visakhapatnam,1893,355,266,23,106,2643
2023,October,10,Andhra Pradesh,Vijayawada,1624,304,228,20,91,2267
2023,October,10,Andhra Pradesh,Guntur,1843,345,259,23,103,2573
2023,October,10,Andhra Pradesh,Tirupati,2039,382,286,25,114,2846
2023,October,10,Andhra Pradesh,Kurnool,2206,413,310,27,124,3080
2023,October,10,Madhya Pradesh,Bhopal,2002,375,281,25,112,2795
2023,October,10,Madhya Pradesh,Indore,1547,290,217,19,87,2160
2023,October,10,Madhya Pradesh,Jabalpur,2269,425,319,28,127,3168
2023,October,10,Madhya Pradesh,Gwalior,1595,299,224,19,89,2226
2023,October,10,Madhya Pradesh,Ujjain,2056,385,289,25,115,2870
2023,October,10,Punjab,Ludhiana,1948,365,273,24,109,2719
2023,October,10,Punjab,Amritsar,2138,400,300,26,120,2984
2023,October,10,Punjab,Jalandhar,2281,427,320,28,128,3184
2023,October,10,Punjab,Patiala,2297,430,323,28,129,3207
2023,October,10,Punjab,Bathinda,1797,337,252,22,101,2509
2023,October,10,Bihar,Patna,2260,423,317,28,127,3155
2023,October,10,Bihar,Gaya,1995,374,280,24,112,2785
2023,October,10,Bihar,Muzaffarpur,1872,351,263,23,105,2614
2023,October,10,Bihar,Bhagalpur,2210,414,310,27,124,3085
2023,October,10,Bihar,Purnia,2159,404,303,26,121,3013
2023,October,10,Odisha,Bhubaneswar,1865,349,262,23,104,2603
2023,October,10,Odisha,Cuttack,1715,321,241,21,96,2394
2023,October,10,Odisha,Rourkela,2098,393,295,26,118,2930
2023,October,10,Odisha,Sambalpur,2168,406,304,27,121,3026
2023,October,10,Odisha,Berhampur,1888,354,265,23,106,2636
2023,October,10,Assam,Guwahati,1931,362,271,24,108,2696
2023,October,10,Assam,Silchar,2079,389,292,25,116,2901
2023,October,10,Assam,Dibrugarh,1840,345,258,23,103,2569
2023,October,10,Assam,Jorhat,1802,338,253,22,101,2516
2023,October,10,Assam,Nagaon,1677,314,235,20,94,2340
2023,November,11,Maharashtra,Mumbai,2927,548,411,36,164,4086
2023,November,11,Maharashtra,Pune,2751,515,386,34,154,3840
2023,November,11,Maharashtra,Nagpur,3470,650,488,43,195,4846
2023,November,11,Maharashtra,Nashik,3865,724,543,48,217,5397
2023,November,11,Maharashtra,Aurangabad,3468,650,487,43,195,4843
2023,November,11,Karnataka,Bengaluru,2967,556,417,37,166,4143
2023,November,11,Karnataka,Mysuru,2778,520,390,34,156,3878
2023,November,11,Karnataka,Hubballi,2809,526,395,35,158,3923
2023,November,11,Karnataka,Mangaluru,3227,605,453,40,181,4506
2023,November,11,Karnataka,Belagavi,4065,762,571,50,228,5676
2023,November,11,Tamil Nadu,Chennai,3548,665,498,44,199,4954
2023,November,11,Tamil Nadu,Coimbatore,2834,531,398,35,159,3957
2023,November,11,Tamil Nadu,Madurai,3481,652,489,43,195,4860
2023,November,11,Tamil Nadu,Salem,3493,655,491,43,196,4878
2023,November,11,Tamil Nadu,Tiruchirappalli,2979,558,418,37,167,4159
2023,November,11,Telangana,Hyderabad,1813,339,254,22,101,2529
2023,November,11,Telangana,Warangal,2138,400,300,26,120,2984
2023,November,11,Telangana,Karimnagar,1910,358,268,23,107,2666
2023,November,11,Telangana,Nizamabad,1787,335,251,22,100,2495
2023,November,11,Telangana,Khammam,1594,299,224,19,89,2225
2023,November,11,Gujarat,Ahmedabad,2005,376,282,25,112,2800
2023,November,11,Gujarat,Surat,1961,367,275,24,110,2737
2023,November,11,Gujarat,Vadodara,2248,421,316,28,126,3139
2023,November,11,Gujarat,Rajkot,1953,366,274,24,109,2726
2023,November,11,Gujarat,Bhavnagar,1549,290,217,19,87,2162
2023,November,11,Uttar Pradesh,Lucknow,3953,741,556,49,222,5521
2023,November,11,Uttar Pradesh,Kanpur,3348,627,470,41,188,4674
2023,November,11,Uttar Pradesh,Agra,3982,746,560,49,224,5561
2023,November,11,Uttar Pradesh,Varanasi,4000,750,562,50,225,5587
2023,November,11,Uttar Pradesh,Prayagraj,3438,644,483,42,193,4800
2023,November,11,Kerala,Thiruvananthapuram,1836,344,258,22,103,2563
2023,November,11,Kerala,Kochi,2236,419,314,27,125,3121
2023,November,11,Kerala,Kozhikode,1715,321,241,21,96,2394
2023,November,11,Kerala,Thrissur,2259,423,317,28,127,3154
2023,November,11,Kerala,Kollam,1768,331,248,22,99,2468
2023,November,11,Rajasthan,Jaipur,2073,388,291,25,116,2893
2023,November,11,Rajasthan,Jodhpur,2092,392,294,26,117,2921
2023,November,11,Rajasthan,Udaipur,1871,350,263,23,105,2612
2023,November,11,Rajasthan,Kota,1725,323,242,21,97,2408
2023,November,11,Rajasthan,Ajmer,2062,386,290,25,116,2879
2023,November,11,West Bengal,Kolkata,2216,415,311,27,124,3093
2023,November,11,West Bengal,Howrah,1681,315,236,21,94,2347
2023,November,11,West Bengal,Siliguri,2146,402,301,26,120,2995
2023,November,11,West Bengal,Durgapur,1729,324,243,21,97,2414
2023,November,11,West Bengal,Asansol,1964,368,276,24,110,2742
2023,November,11,Andhra Pradesh,Visakhapatnam,1580,296,222,19,88,2205
2023,November,11,Andhra Pradesh,Vijayawada,2063,386,290,25,116,2880
2023,November,11,Andhra Pradesh,Guntur,1997,374,280,24,112,2787
2023,November,11,Andhra Pradesh,Tirupati,2002,375,281,25,112,2795
2023,November,11,Andhra Pradesh,Kurnool,2152,403,302,26,121,3004
2023,November,11,Madhya Pradesh,Bhopal,1985,372,279,24,111,2771
2023,November,11,Madhya Pradesh,Indore,1950,365,274,24,109,2722
2023,November,11,Madhya Pradesh,Jabalpur,1680,315,236,21,94,2346
2023,November,11,Madhya Pradesh,Gwalior,2247,421,316,28,126,3138
2023,November,11,Madhya Pradesh,Ujjain,2171,407,305,27,122,3032
2023,November,11,Punjab,Ludhiana,1902,356,267,23,107,2655
2023,November,11,Punjab,Amritsar,2234,418,314,27,125,3118
2023,November,11,Punjab,Jalandhar,1878,352,264,23,105,2622
2023,November,11,Punjab,Patiala,1537,288,216,19,86,2146
2023,November,11,Punjab,Bathinda,1726,323,242,21,97,2409
2023,November,11,Bihar,Patna,1861,349,261,23,104,2598
2023,November,11,Bihar,Gaya,2278,427,320,28,128,3181
2023,November,11,Bihar,Muzaffarpur,1770,331,248,22,99,2470
2023,November,11,Bihar,Bhagalpur,1757,329,247,21,98,2452
2023,November,11,Bihar,Purnia,2000,375,281,25,112,2793
2023,November,11,Odisha,Bhubaneswar,2129,399,299,26,119,2972
2023,November,11,Odisha,Cuttack,1795,336,252,22,100,2505
2023,November,11,Odisha,Rourkela,1964,368,276,24,110,2742
2023,November,11,Odisha,Sambalpur,2068,387,290,25,116,2886
2023,November,11,Odisha,Berhampur,1809,339,254,22,101,2525
2023,November,11,Assam,Guwahati,2200,412,309,27,123,3071
2023,November,11,Assam,Silchar,1571,294,221,19,88,2193
2023,November,11,Assam,Dibrugarh,1865,349,262,23,104,2603
2023,November,11,Assam,Jorhat,2090,391,293,26,117,2917
2023,November,11,Assam,Nagaon,2230,418,313,27,125,3113
2023,December,12,Maharashtra,Mumbai,3128,586,439,39,175,4367
2023,December,12,Maharashtra,Pune,3653,684,513,45,205,5100
2023,December,12,Maharashtra,Nagpur,3024,567,425,37,170,4223
2023,December,12,Maharashtra,Nashik,3100,581,435,38,174,4328
2023,December,12,Maharashtra,Aurangabad,3802,712,534,47,213,5308
2023,December,12,Karnataka,Bengaluru,3171,594,446,39,178,4428
2023,December,12,Karnataka,Mysuru,3115,584,438,38,175,4350
2023,December,12,Karnataka,Hubballi,2812,527,395,35,158,3927
2023,December,12,Karnataka,Mangaluru,3187,597,448,39,179,4450
2023,December,12,Karnataka,Belagavi,3324,623,467,41,187,4642
2023,December,12,Tamil Nadu,Chennai,3811,714,535,47,214,5321
2023,December,12,Tamil Nadu,Coimbatore,3546,664,498,44,199,4951
2023,December,12,Tamil Nadu,Madurai,2859,536,402,35,160,3992
2023,December,12,Tamil Nadu,Salem,3324,623,467,41,186,4641
2023,December,12,Tamil Nadu,Tiruchirappalli,3894,730,547,48,219,5438
2023,December,12,Telangana,Hyderabad,2062,386,290,25,116,2879
2023,December,12,Telangana,Warangal,1619,303,227,20,91,2260
2023,December,12,Telangana,Karimnagar,1985,372,279,24,111,2771
2023,December,12,Telangana,Nizamabad,2049,384,288,25,115,2861
2023,December,12,Telangana,Khammam,1960,367,275,24,110,2736
2023,December,12,Gujarat,Ahmedabad,1601,300,225,20,90,2236
2023,December,12,Gujarat,Surat,2146,402,301,26,120,2995
2023,December,12,Gujarat,Vadodara,1692,317,238,21,95,2363
2023,December,12,Gujarat,Rajkot,2056,385,289,25,115,2870
2023,December,12,Gujarat,Bhavnagar,1916,359,269,23,107,2674
2023,December,12,Uttar Pradesh,Lucknow,3515,659,494,43,197,4908
2023,December,12,Uttar Pradesh,Kanpur,3091,579,434,38,173,4315
2023,December,12,Uttar Pradesh,Agra,3942,739,554,49,221,5505
2023,December,12,Uttar Pradesh,Varanasi,3919,734,551,48,220,5472
2023,December,12,Uttar Pradesh,Prayagraj,3560,667,500,44,200,4971
2023,December,12,Kerala,Thiruvananthapuram,1816,340,255,22,102,2535
2023,December,12,Kerala,Kochi,2177,408,306,27,122,3040
2023,December,12,Kerala,Kozhikode,1710,320,240,21,96,2387
2023,December,12,Kerala,Thrissur,1873,351,263,23,105,2615
2023,December,12,Kerala,Kollam,1553,291,218,19,87,2168
2023,December,12,Rajasthan,Jaipur,2224,417,312,27,125,3105
2023,December,12,Rajasthan,Jodhpur,1612,302,226,20,90,2250
2023,December,12,Rajasthan,Udaipur,1773,332,249,22,99,2475
2023,December,12,Rajasthan,Kota,2253,422,316,28,126,3145
2023,December,12,Rajasthan,Ajmer,1653,309,232,20,92,2306
2023,December,12,West Bengal,Kolkata,2248,421,316,28,126,3139
2023,December,12,West Bengal,Howrah,2102,394,295,26,118,2935
2023,December,12,West Bengal,Siliguri,2205,413,310,27,124,3079
2023,December,12,West Bengal,Durgapur,1740,326,244,21,97,2428
2023,December,12,West Bengal,Asansol,1927,361,270,24,108,2690
2023,December,12,Andhra Pradesh,Visakhapatnam,2202,413,309,27,123,3074
2023,December,12,Andhra Pradesh,Vijayawada,2213,415,311,27,124,3090
2023,December,12,Andhra Pradesh,Guntur,2147,402,301,26,120,2996
2023,December,12,Andhra Pradesh,Tirupati,2133,400,300,26,120,2979
2023,December,12,Andhra Pradesh,Kurnool,1987,372,279,24,111,2773
2023,December,12,Madhya Pradesh,Bhopal,1901,356,267,23,106,2653
2023,December,12,Madhya Pradesh,Indore,1964,368,276,24,110,2742
2023,December,12,Madhya Pradesh,Jabalpur,2013,377,283,25,113,2811
2023,December,12,Madhya Pradesh,Gwalior,1910,358,268,23,107,2666
2023,December,12,Madhya Pradesh,Ujjain,1694,317,238,21,95,2365
2023,December,12,Punjab,Ludhiana,2189,410,307,27,123,3056
2023,December,12,Punjab,Amritsar,2292,429,322,28,128,3199
2023,December,12,Punjab,Jalandhar,2229,417,313,27,125,3111
2023,December,12,Punjab,Patiala,1936,363,272,24,108,2703
2023,December,12,Punjab,Bathinda,1830,343,257,22,102,2554
2023,December,12,Bihar,Patna,2300,431,323,28,129,3211
2023,December,12,Bihar,Gaya,1818,340,255,22,102,2537
2023,December,12,Bihar,Muzaffarpur,2173,407,305,27,122,3034
2023,December,12,Bihar,Bhagalpur,2007,376,282,25,112,2802
2023,December,12,Bihar,Purnia,2059,386,289,25,115,2874
2023,December,12,Odisha,Bhubaneswar,2100,393,295,26,118,2932
2023,December,12,Odisha,Cuttack,2020,378,284,25,113,2820
2023,December,12,Odisha,Rourkela,2008,376,282,25,112,2803
2023,December,12,Odisha,Sambalpur,1588,297,223,19,89,2216
2023,December,12,Odisha,Berhampur,1631,305,229,20,91,2276
2023,December,12,Assam,Guwahati,2255,422,317,28,126,3148
2023,December,12,Assam,Silchar,1688,316,237,21,94,2356
2023,December,12,Assam,Dibrugarh,1668,312,234,20,93,2327
2023,December,12,Assam,Jorhat,2180,408,306,27,122,3043
2023,December,12,Assam,Nagaon,1798,337,252,22,101,2510
2024,January,1,Maharashtra,Mumbai,3840,720,540,48,216,5364
2024,January,1,Maharashtra,Pune,2800,525,393,35,157,3910
2024,January,1,Maharashtra,Nagpur,2848,534,400,35,160,3977
2024,January,1,Maharashtra,Nashik,3793,711,533,47,213,5297
2024,January,1,Maharashtra,Aurangabad,2967,556,417,37,166,4143
2024,January,1,Karnataka,Bengaluru,3404,638,478,42,191,4753
2024,January,1,Karnataka,Mysuru,3365,631,473,42,189,4700
2024,January,1,Karnataka,Hubballi,3108,582,437,38,174,4339
2024,January,1,Karnataka,Mangaluru,2669,500,375,33,150,3727
2024,January,1,Karnataka,Belagavi,3064,574,430,38,172,4278
2024,January,1,Tamil Nadu,Chennai,2731,512,384,34,153,3814
2024,January,1,Tamil Nadu,Coimbatore,3429,643,482,42,192,4788
2024,January,1,Tamil Nadu,Madurai,3871,725,544,48,217,5405
2024,January,1,Tamil Nadu,Salem,3539,663,497,44,199,4942
2024,January,1,Tamil Nadu,Tiruchirappalli,2824,529,397,35,158,3943
2024,January,1,Telangana,Hyderabad,1766,331,248,22,99,2466
2024,January,1,Telangana,Warangal,1912,358,268,23,107,2668
2024,January,1,Telangana,Karimnagar,1747,327,245,21,98,2438
2024,January,1,Telangana,Nizamabad,2086,391,293,26,117,2913
2024,January,1,Telangana,Khammam,1640,307,230,20,92,2289
2024,January,1,Gujarat,Ahmedabad,1923,360,270,24,108,2685
2024,January,1,Gujarat,Surat,1744,327,245,21,98,2435
2024,January,1,Gujarat,Vadodara,2085,391,293,26,117,2912
2024,January,1,Gujarat,Rajkot,1966,368,276,24,110,2744
2024,January,1,Gujarat,Bhavnagar,2238,419,314,27,125,3123
2024,January,1,Uttar Pradesh,Lucknow,3387,635,476,42,190,4730
2024,January,1,Uttar Pradesh,Kanpur,3642,682,512,45,204,5085
2024,January,1,Uttar Pradesh,Agra,3031,568,426,37,170,4232
2024,January,1,Uttar Pradesh,Varanasi,2738,513,385,34,154,3824
2024,January,1,Uttar Pradesh,Prayagraj,2762,518,388,34,155,3857
2024,January,1,Kerala,Thiruvananthapuram,2229,418,313,27,125,3112
2024,January,1,Kerala,Kochi,1968,369,276,24,110,2747
2024,January,1,Kerala,Kozhikode,1655,310,232,20,93,2310
2024,January,1,Kerala,Thrissur,2169,406,305,27,122,3029
2024,January,1,Kerala,Kollam,1905,357,267,23,107,2659
2024,January,1,Rajasthan,Jaipur,1636,306,230,20,92,2284
2024,January,1,Rajasthan,Jodhpur,1813,340,255,22,102,2532
2024,January,1,Rajasthan,Udaipur,2081,390,292,26,117,2906
2024,January,1,Rajasthan,Kota,1515,284,213,18,85,2115
2024,January,1,Rajasthan,Ajmer,1733,324,243,21,97,2418
2024,January,1,West Bengal,Kolkata,2085,391,293,26,117,2912
2024,January,1,West Bengal,Howrah,1672,313,235,20,94,2334
2024,January,1,West Bengal,Siliguri,1678,314,236,20,94,2342
2024,January,1,West Bengal,Durgapur,1575,295,221,19,88,2198
2024,January,1,West Bengal,Asansol,1990,373,279,24,111,2777
2024,January,1,Andhra Pradesh,Visakhapatnam,1984,372,279,24,111,2770
2024,January,1,Andhra Pradesh,Vijayawada,1574,295,221,19,88,2197
2024,January,1,Andhra Pradesh,Guntur,1871,350,263,23,105,2612
2024,January,1,Andhra Pradesh,Tirupati,1578,295,221,19,88,2201
2024,January,1,Andhra Pradesh,Kurnool,1894,355,266,23,106,2644
2024,January,1,Madhya Pradesh,Bhopal,1791,335,251,22,100,2499
2024,January,1,Madhya Pradesh,Indore,1793,336,252,22,100,2503
2024,January,1,Madhya Pradesh,Jabalpur,1545,289,217,19,86,2156
2024,January,1,Madhya Pradesh,Gwalior,1886,353,265,23,106,2633
2024,January,1,Madhya Pradesh,Ujjain,2101,394,295,26,118,2934
2024,January,1,Punjab,Ludhiana,1740,326,244,21,97,2428
2024,January,1,Punjab,Amritsar,1658,310,233,20,93,2314
2024,January,1,Punjab,Jalandhar,1563,293,219,19,87,2181
2024,January,1,Punjab,Patiala,2235,419,314,27,125,3120
2024,January,1,Punjab,Bathinda,1515,284,213,18,85,2115
2024,January,1,Bihar,Patna,2239,419,314,27,125,3124
2024,January,1,Bihar,Gaya,1508,282,212,18,84,2104
2024,January,1,Bihar,Muzaffarpur,1688,316,237,21,94,2356
2024,January,1,Bihar,Bhagalpur,2231,418,313,27,125,3114
2024,January,1,Bihar,Purnia,1756,329,247,21,98,2451
2024,January,1,Odisha,Bhubaneswar,1623,304,228,20,91,2266
2024,January,1,Odisha,Cuttack,1573,295,221,19,88,2196
2024,January,1,Odisha,Rourkela,1792,336,252,22,100,2502
2024,January,1,Odisha,Sambalpur,1939,363,272,24,109,2707
2024,January,1,Odisha,Berhampur,2026,379,284,25,113,2827
2024,January,1,Assam,Guwahati,2155,404,303,26,121,3009
2024,January,1,Assam,Silchar,2120,397,298,26,119,2960
2024,January,1,Assam,Dibrugarh,1642,307,230,20,92,2291
2024,January,1,Assam,Jorhat,2148,402,302,26,120,2998
2024,January,1,Assam,Nagaon,1671,313,235,20,94,2333
2024,February,2,Maharashtra,Mumbai,3947,740,555,49,222,5513
2024,February,2,Maharashtra,Pune,3229,605,454,40,181,4509
2024,February,2,Maharashtra,Nagpur,3478,652,489,43,195,4857
2024,February,2,Maharashtra,Nashik,3141,588,441,39,176,4385
2024,February,2,Maharashtra,Aurangabad,3542,664,498,44,199,4947
2024,February,2,Karnataka,Bengaluru,3296,618,463,41,185,4603
2024,February,2,Karnataka,Mysuru,3136,588,441,39,176,4380
2024,February,2,Karnataka,Hubballi,3062,574,430,38,172,4276
2024,February,2,Karnataka,Mangaluru,3173,595,446,39,178,4431
2024,February,2,Karnataka,Belagavi,3878,727,545,48,218,5416
2024,February,2,Tamil Nadu,Chennai,3747,702,527,46,210,5232
2024,February,2,Tamil Nadu,Coimbatore,3320,622,466,41,186,4635
2024,February,2,Tamil Nadu,Madurai,3022,566,425,37,170,4220
2024,February,2,Tamil Nadu,Salem,3756,704,528,46,211,5245
2024,February,2,Tamil Nadu,Tiruchirappalli,3920,735,551,49,220,5475
2024,February,2,Telangana,Hyderabad,1974,370,277,24,111,2756
2024,February,2,Telangana,Warangal,2188,410,307,27,123,3055
2024,February,2,Telangana,Karimnagar,1905,357,267,23,107,2659
2024,February,2,Telangana,Nizamabad,2117,397,297,26,119,2956
2024,February,2,Telangana,Khammam,1977,370,278,24,111,2760
2024,February,2,Gujarat,Ahmedabad,2228,417,313,27,125,3110
2024,February,2,Gujarat,Surat,1955,366,275,24,110,2730
2024,February,2,Gujarat,Vadodara,2040,382,286,25,114,2847
2024,February,2,Gujarat,Rajkot,1813,340,255,22,102,2532
2024,February,2,Gujarat,Bhavnagar,2058,385,289,25,115,2872
2024,February,2,Uttar Pradesh,Lucknow,3411,639,479,42,191,4762
2024,February,2,Uttar Pradesh,Kanpur,2897,543,407,36,162,4045
2024,February,2,Uttar Pradesh,Agra,3156,591,443,39,177,4406
2024,February,2,Uttar Pradesh,Varanasi,3396,636,477,42,191,4742
2024,February,2,Uttar Pradesh,Prayagraj,2761,517,388,34,155,3855
2024,February,2,Kerala,Thiruvananthapuram,2100,393,295,26,118,2932
2024,February,2,Kerala,Kochi,1772,332,249,22,99,2474
2024,February,2,Kerala,Kozhikode,1861,349,261,23,104,2598
2024,February,2,Kerala,Thrissur,1709,320,240,21,96,2386
2024,February,2,Kerala,Kollam,2133,399,299,26,119,2976
2024,February,2,Rajasthan,Jaipur,1606,301,225,20,90,2242
2024,February,2,Rajasthan,Jodhpur,1655,310,232,20,93,2310
2024,February,2,Rajasthan,Udaipur,1800,337,253,22,101,2513
2024,February,2,Rajasthan,Kota,1780,333,250,22,100,2485
2024,February,2,Rajasthan,Ajmer,2240,420,315,28,126,3129
2024,February,2,West Bengal,Kolkata,1564,293,220,19,88,2184
2024,February,2,West Bengal,Howrah,1676,314,235,20,94,2339
2024,February,2,West Bengal,Siliguri,1545,289,217,19,86,2156
2024,February,2,West Bengal,Durgapur,1857,348,261,23,104,2593
2024,February,2,West Bengal,Asansol,1587,297,223,19,89,2215
2024,February,2,Andhra Pradesh,Visakhapatnam,1717,321,241,21,96,2396
2024,February,2,Andhra Pradesh,Vijayawada,1564,293,220,19,88,2184
2024,February,2,Andhra Pradesh,Guntur,1508,282,212,18,84,2104
2024,February,2,Andhra Pradesh,Tirupati,1798,337,252,22,101,2510
2024,February,2,Andhra Pradesh,Kurnool,2257,423,317,28,126,3151
2024,February,2,Madhya Pradesh,Bhopal,2253,422,316,28,126,3145
2024,February,2,Madhya Pradesh,Indore,1902,356,267,23,107,2655
2024,February,2,Madhya Pradesh,Jabalpur,2244,420,315,28,126,3133
2024,February,2,Madhya Pradesh,Gwalior,1917,359,269,23,107,2675
2024,February,2,Madhya Pradesh,Ujjain,1600,300,225,20,90,2235
2024,February,2,Punjab,Ludhiana,1865,349,262,23,104,2603
2024,February,2,Punjab,Amritsar,1809,339,254,22,101,2525
2024,February,2,Punjab,Jalandhar,1593,298,224,19,89,2223
2024,February,2,Punjab,Patiala,1999,374,281,24,112,2790
2024,February,2,Punjab,Bathinda,1749,328,246,21,98,2442
2024,February,2,Bihar,Patna,1683,315,236,21,94,2349
2024,February,2,Bihar,Gaya,2106,394,296,26,118,2940
2024,February,2,Bihar,Muzaffarpur,1744,327,245,21,98,2435
2024,February,2,Bihar,Bhagalpur,1836,344,258,22,103,2563
2024,February,2,Bihar,Purnia,1637,307,230,20,92,2286
2024,February,2,Odisha,Bhubaneswar,1762,330,247,22,99,2460
2024,February,2,Odisha,Cuttack,1553,291,218,19,87,2168
2024,February,2,Odisha,Rourkela,2159,404,303,26,121,3013
2024,February,2,Odisha,Sambalpur,1730,324,243,21,97,2415
2024,February,2,Odisha,Berhampur,2220,416,312,27,124,3099
2024,February,2,Assam,Guwahati,1832,343,257,22,103,2557
2024,February,2,Assam,Silchar,1641,307,230,20,92,2290
2024,February,2,Assam,Dibrugarh,1697,318,238,21,95,2369
2024,February,2,Assam,Jorhat,1526,286,214,19,85,2130
2024,February,2,Assam,Nagaon,2024,379,284,25,113,2825
2024,March,3,Maharashtra,Mumbai,3987,747,560,49,224,5567
2024,March,3,Maharashtra,Pune,3724,698,523,46,209,5200
2024,March,3,Maharashtra,Nagpur,3184,597,447,39,179,4446
2024,March,3,Maharashtra,Nashik,3556,666,500,44,200,4966
2024,March,3,Maharashtra,Aurangabad,3800,712,534,47,213,5306
2024,March,3,Karnataka,Bengaluru,2879,539,404,35,161,4018
2024,March,3,Karnataka,Mysuru,3512,658,493,43,197,4903
2024,March,3,Karnataka,Hubballi,2738,513,385,34,154,3824
2024,March,3,Karnataka,Mangaluru,2834,531,398,35,159,3957
2024,March,3,Karnataka,Belagavi,3233,606,454,40,181,4514
2024,March,3,Tamil Nadu,Chennai,3721,697,523,46,209,5196
2024,March,3,Tamil Nadu,Coimbatore,3552,666,499,44,199,4960
2024,March,3,Tamil Nadu,Madurai,3283,615,461,41,184,4584
2024,March,3,Tamil Nadu,Salem,3380,633,475,42,190,4720
2024,March,3,Tamil Nadu,Tiruchirappalli,3865,724,543,48,217,5397
2024,March,3,Telangana,Hyderabad,2112,396,297,26,118,2949
2024,March,3,Telangana,Warangal,2076,389,291,25,116,2897
2024,March,3,Telangana,Karimnagar,1572,294,221,19,88,2194
2024,March,3,Telangana,Nizamabad,1922,360,270,24,108,2684
2024,March,3,Telangana,Khammam,1628,305,229,20,91,2273
2024,March,3,Gujarat,Ahmedabad,1891,354,265,23,106,2639
2024,March,3,Gujarat,Surat,2231,418,313,27,125,3114
2024,March,3,Gujarat,Vadodara,1727,323,242,21,97,2410
2024,March,3,Gujarat,Rajkot,1986,372,279,24,111,2772
2024,March,3,Gujarat,Bhavnagar,1522,285,214,19,85,2125
2024,March,3,Uttar Pradesh,Lucknow,3717,697,522,46,209,5191
2024,March,3,Uttar Pradesh,Kanpur,2690,504,378,33,151,3756
2024,March,3,Uttar Pradesh,Agra,2819,528,396,35,158,3936
2024,March,3,Uttar Pradesh,Varanasi,2693,505,378,33,151,3760
2024,March,3,Uttar Pradesh,Prayagraj,3486,653,490,43,196,4868
2024,March,3,Kerala,Thiruvananthapuram,2010,376,282,25,113,2806
2024,March,3,Kerala,Kochi,2231,418,313,27,125,3114
2024,March,3,Kerala,Kozhikode,2190,410,308,27,123,3058
2024,March,3,Kerala,Thrissur,1657,310,233,20,93,2313
2024,March,3,Kerala,Kollam,1884,353,264,23,105,2629
2024,March,3,Rajasthan,Jaipur,1731,324,243,21,97,2416
2024,March,3,Rajasthan,Jodhpur,1935,362,272,24,108,2701
2024,March,3,Rajasthan,Udaipur,1951,365,274,24,109,2723
2024,March,3,Rajasthan,Kota,1998,374,281,24,112,2789
2024,March,3,Rajasthan,Ajmer,1580,296,222,19,88,2205
2024,March,3,West Bengal,Kolkata,1891,354,265,23,106,2639
2024,March,3,West Bengal,Howrah,2242,420,315,28,126,3131
2024,March,3,West Bengal,Siliguri,2258,423,317,28,127,3153
2024,March,3,West Bengal,Durgapur,1963,368,276,24,110,2741
2024,March,3,West Bengal,Asansol,1804,338,253,22,101,2518
2024,March,3,Andhra Pradesh,Visakhapatnam,1807,338,254,22,101,2522
2024,March,3,Andhra Pradesh,Vijayawada,1539,288,216,19,86,2148
2024,March,3,Andhra Pradesh,Guntur,1529,286,215,19,86,2135
2024,March,3,Andhra Pradesh,Tirupati,1631,305,229,20,91,2276
2024,March,3,Andhra Pradesh,Kurnool,2238,419,314,27,125,3123
2024,March,3,Madhya Pradesh,Bhopal,1579,296,222,19,88,2204
2024,March,3,Madhya Pradesh,Indore,2246,421,315,28,126,3136
2024,March,3,Madhya Pradesh,Jabalpur,1574,295,221,19,88,2197
2024,March,3,Madhya Pradesh,Gwalior,2258,423,317,28,127,3153
2024,March,3,Madhya Pradesh,Ujjain,1884,353,265,23,106,2631
2024,March,3,Punjab,Ludhiana,1530,286,215,19,86,2136
2024,March,3,Punjab,Amritsar,1781,334,250,22,100,2487
2024,March,3,Punjab,Jalandhar,1776,333,249,22,99,2479
2024,March,3,Punjab,Patiala,1547,290,217,19,87,2160
2024,March,3,Punjab,Bathinda,1759,329,247,21,98,2454
2024,March,3,Bihar,Patna,2251,422,316,28,126,3143
2024,March,3,Bihar,Gaya,1647,308,231,20,92,2298
2024,March,3,Bihar,Muzaffarpur,1910,358,268,23,107,2666
2024,March,3,Bihar,Bhagalpur,1944,364,273,24,109,2714
2024,March,3,Bihar,Purnia,2244,420,315,28,126,3133
2024,March,3,Odisha,Bhubaneswar,2234,418,314,27,125,3118
2024,March,3,Odisha,Cuttack,1671,313,235,20,94,2333
2024,March,3,Odisha,Rourkela,2007,376,282,25,112,2802
2024,March,3,Odisha,Sambalpur,2238,419,314,27,125,3123
2024,March,3,Odisha,Berhampur,1832,343,257,22,103,2557
2024,March,3,Assam,Guwahati,1748,327,245,21,98,2439
2024,March,3,Assam,Silchar,1620,303,227,20,91,2261
2024,March,3,Assam,Dibrugarh,2053,384,288,25,115,2865
2024,March,3,Assam,Jorhat,1732,324,243,21,97,2417
2024,March,3,Assam,Nagaon,1625,304,228,20,91,2268
2024,April,4,Maharashtra,Mumbai,2937,550,413,36,165,4101
2024,April,4,Maharashtra,Pune,3575,670,502,44,201,4992
2024,April,4,Maharashtra,Nagpur,2964,555,416,37,166,4138
2024,April,4,Maharashtra,Nashik,2793,523,392,34,157,3899
2024,April,4,Maharashtra,Aurangabad,3669,688,516,45,206,5124
2024,April,4,Karnataka,Bengaluru,2826,529,397,35,158,3945
2024,April,4,Karnataka,Mysuru,3934,737,553,49,221,5494
2024,April,4,Karnataka,Hubballi,3149,590,442,39,177,4397
2024,April,4,Karnataka,Mangaluru,3634,681,511,45,204,5075
2024,April,4,Karnataka,Belagavi,3351,628,471,41,188,4679
2024,April,4,Tamil Nadu,Chennai,3382,634,475,42,190,4723
2024,April,4,Tamil Nadu,Coimbatore,3422,641,481,42,192,4778
2024,April,4,Tamil Nadu,Madurai,3655,685,514,45,205,5104
2024,April,4,Tamil Nadu,Salem,2679,502,376,33,150,3740
2024,April,4,Tamil Nadu,Tiruchirappalli,3766,706,529,47,211,5259
2024,April,4,Telangana,Hyderabad,1699,318,239,21,95,2372
2024,April,4,Telangana,Warangal,1562,292,219,19,87,2179
2024,April,4,Telangana,Karimnagar,1547,290,217,19,87,2160
2024,April,4,Telangana,Nizamabad,1968,369,276,24,110,2747
2024,April,4,Telangana,Khammam,2218,415,311,27,124,3095
2024,April,4,Gujarat,Ahmedabad,1540,288,216,19,86,2149
2024,April,4,Gujarat,Surat,1698,318,238,21,95,2370
2024,April,4,Gujarat,Vadodara,1873,351,263,23,105,2615
2024,April,4,Gujarat,Rajkot,1546,289,217,19,86,2157
2024,April,4,Gujarat,Bhavnagar,2169,406,305,27,122,3029
2024,April,4,Uttar Pradesh,Lucknow,3752,703,527,46,211,5239
2024,April,4,Uttar Pradesh,Kanpur,2806,526,394,35,157,3918
2024,April,4,Uttar Pradesh,Agra,2748,515,386,34,154,3837
2024,April,4,Uttar Pradesh,Varanasi,3299,618,464,41,185,4607
2024,April,4,Uttar Pradesh,Prayagraj,2736,513,384,34,153,3820
2024,April,4,Kerala,Thiruvananthapuram,1744,327,245,21,98,2435
2024,April,4,Kerala,Kochi,2257,423,317,28,126,3151
2024,April,4,Kerala,Kozhikode,1543,289,216,19,86,2153
2024,April,4,Kerala,Thrissur,1900,356,267,23,106,2652
2024,April,4,Kerala,Kollam,1528,286,214,19,85,2132
2024,April,4,Rajasthan,Jaipur,1813,339,254,22,101,2529
2024,April,4,Rajasthan,Jodhpur,1627,305,228,20,91,2271
2024,April,4,Rajasthan,Udaipur,1518,284,213,18,85,2118
2024,April,4,Rajasthan,Kota,2238,419,314,27,125,3123
2024,April,4,Rajasthan,Ajmer,1860,348,261,23,104,2596
2024,April,4,West Bengal,Kolkata,1564,293,219,19,87,2182
2024,April,4,West Bengal,Howrah,1875,351,263,23,105,2617
2024,April,4,West Bengal,Siliguri,2020,378,284,25,113,2820
2024,April,4,West Bengal,Durgapur,1746,327,245,21,98,2437
2024,April,4,West Bengal,Asansol,1720,322,241,21,96,2400
2024,April,4,Andhra Pradesh,Visakhapatnam,1981,371,278,24,111,2765
2024,April,4,Andhra Pradesh,Vijayawada,1554,291,218,19,87,2169
2024,April,4,Andhra Pradesh,Guntur,1659,311,233,20,93,2316
2024,April,4,Andhra Pradesh,Tirupati,1815,340,255,22,102,2534
2024,April,4,Andhra Pradesh,Kurnool,1969,369,276,24,110,2748
2024,April,4,Madhya Pradesh,Bhopal,2243,420,315,28,126,3132
2024,April,4,Madhya Pradesh,Indore,1793,336,252,22,100,2503
2024,April,4,Madhya Pradesh,Jabalpur,1876,351,263,23,105,2618
2024,April,4,Madhya Pradesh,Gwalior,1707,320,240,21,96,2384
2024,April,4,Madhya Pradesh,Ujjain,2148,402,302,26,120,2998
2024,April,4,Punjab,Ludhiana,1755,329,246,21,98,2449
2024,April,4,Punjab,Amritsar,1909,358,268,23,107,2665
2024,April,4,Punjab,Jalandhar,2144,402,301,26,120,2993
2024,April,4,Punjab,Patiala,1521,285,213,19,85,2123
2024,April,4,Punjab,Bathinda,2180,408,306,27,122,3043
2024,April,4,Bihar,Patna,1601,300,225,20,90,2236
2024,April,4,Bihar,Gaya,2246,421,315,28,126,3136
2024,April,4,Bihar,Muzaffarpur,2019,378,283,25,113,2818
2024,April,4,Bihar,Bhagalpur,1920,360,270,24,108,2682
2024,April,4,Bihar,Purnia,1551,290,218,19,87,2165
2024,April,4,Odisha,Bhubaneswar,1617,303,227,20,91,2258
2024,April,4,Odisha,Cuttack,1610,302,226,20,90,2248
2024,April,4,Odisha,Rourkela,2024,379,284,25,113,2825
2024,April,4,Odisha,Sambalpur,2137,400,300,26,120,2983
2024,April,4,Odisha,Berhampur,1917,359,269,23,107,2675
2024,April,4,Assam,Guwahati,1939,363,272,24,109,2707
2024,April,4,Assam,Silchar,1808,339,254,22,101,2524
2024,April,4,Assam,Dibrugarh,2252,422,316,28,126,3144
2024,April,4,Assam,Jorhat,1903,356,267,23,107,2656
2024,April,4,Assam,Nagaon,1921,360,270,24,108,2683
2024,May,5,Maharashtra,Mumbai,3798,712,534,47,213,5304
2024,May,5,Maharashtra,Pune,2994,561,421,37,168,4181
2024,May,5,Maharashtra,Nagpur,3590,673,504,44,201,5012
2024,May,5,Maharashtra,Nashik,3292,617,462,41,185,4597
2024,May,5,Maharashtra,Aurangabad,2710,508,381,33,152,3784
2024,May,5,Karnataka,Bengaluru,3644,683,512,45,205,5089
2024,May,5,Karnataka,Mysuru,3972,744,558,49,223,5546
2024,May,5,Karnataka,Hubballi,3052,572,429,38,171,4262
2024,May,5,Karnataka,Mangaluru,3345,627,470,41,188,4671
2024,May,5,Karnataka,Belagavi,3754,703,527,46,211,5241
2024,May,5,Tamil Nadu,Chennai,3347,627,470,41,188,4673
2024,May,5,Tamil Nadu,Coimbatore,2987,560,420,37,168,4172
2024,May,5,Tamil Nadu,Madurai,3633,681,510,45,204,5073
2024,May,5,Tamil Nadu,Salem,3352,628,471,41,188,4680
2024,May,5,Tamil Nadu,Tiruchirappalli,3282,615,461,41,184,4583
2024,May,5,Telangana,Hyderabad,1932,362,271,24,108,2697
2024,May,5,Telangana,Warangal,1814,340,255,22,102,2533
2024,May,5,Telangana,Karimnagar,2057,385,289,25,115,2871
2024,May,5,Telangana,Nizamabad,1739,326,244,21,97,2427
2024,May,5,Telangana,Khammam,1868,350,262,23,105,2608
2024,May,5,Gujarat,Ahmedabad,1668,312,234,20,93,2327
2024,May,5,Gujarat,Surat,1591,298,223,19,89,2220
2024,May,5,Gujarat,Vadodara,1960,367,275,24,110,2736
2024,May,5,Gujarat,Rajkot,2126,398,299,26,119,2968
2024,May,5,Gujarat,Bhavnagar,1909,357,268,23,107,2664
2024,May,5,Uttar Pradesh,Lucknow,3842,720,540,48,216,5366
2024,May,5,Uttar Pradesh,Kanpur,3963,743,557,49,222,5534
2024,May,5,Uttar Pradesh,Agra,3289,616,462,41,185,4593
2024,May,5,Uttar Pradesh,Varanasi,2945,552,414,36,165,4112
2024,May,5,Uttar Pradesh,Prayagraj,3924,735,551,49,220,5479
2024,May,5,Kerala,Thiruvananthapuram,2253,422,316,28,126,3145
2024,May,5,Kerala,Kochi,1563,293,219,19,87,2181
2024,May,5,Kerala,Kozhikode,1853,347,260,23,104,2587
2024,May,5,Kerala,Thrissur,2249,421,316,28,126,3140
2024,May,5,Kerala,Kollam,1694,317,238,21,95,2365
2024,May,5,Rajasthan,Jaipur,1839,344,258,22,103,2566
2024,May,5,Rajasthan,Jodhpur,2060,386,289,25,115,2875
2024,May,5,Rajasthan,Udaipur,2136,400,300,26,120,2982
2024,May,5,Rajasthan,Kota,2113,396,297,26,118,2950
2024,May,5,Rajasthan,Ajmer,1705,319,239,21,95,2379
2024,May,5,West Bengal,Kolkata,1706,319,239,21,95,2380
2024,May,5,West Bengal,Howrah,1671,313,235,20,94,2333
2024,May,5,West Bengal,Siliguri,1684,315,236,21,94,2350
2024,May,5,West Bengal,Durgapur,1797,337,252,22,101,2509
2024,May,5,West Bengal,Asansol,1547,290,217,19,87,2160
2024,May,5,Andhra Pradesh,Visakhapatnam,1567,293,220,19,88,2187
2024,May,5,Andhra Pradesh,Vijayawada,1983,371,278,24,111,2767
2024,May,5,Andhra Pradesh,Guntur,1997,374,280,24,112,2787
2024,May,5,Andhra Pradesh,Tirupati,2085,391,293,26,117,2912
2024,May,5,Andhra Pradesh,Kurnool,2161,405,304,27,121,3018
2024,May,5,Madhya Pradesh,Bhopal,2183,409,306,27,122,3047
2024,May,5,Madhya Pradesh,Indore,1617,303,227,20,90,2257
2024,May,5,Madhya Pradesh,Jabalpur,1991,373,280,24,112,2780
2024,May,5,Madhya Pradesh,Gwalior,1924,360,270,24,108,2686
2024,May,5,Madhya Pradesh,Ujjain,2239,419,314,27,125,3124
2024,May,5,Punjab,Ludhiana,2179,408,306,27,122,3042
2024,May,5,Punjab,Amritsar,1913,358,269,23,107,2670
2024,May,5,Punjab,Jalandhar,2056,385,289,25,115,2870
2024,May,5,Punjab,Patiala,1992,373,280,24,112,2781
2024,May,5,Punjab,Bathinda,2090,391,293,26,117,2917
2024,May,5,Bihar,Patna,2087,391,293,26,117,2914
2024,May,5,Bihar,Gaya,1912,358,268,23,107,2668
2024,May,5,Bihar,Muzaffarpur,2117,396,297,26,119,2955
2024,May,5,Bihar,Bhagalpur,2202,413,309,27,123,3074
2024,May,5,Bihar,Purnia,1678,314,235,20,94,2341
2024,May,5,Odisha,Bhubaneswar,2034,381,286,25,114,2840
2024,May,5,Odisha,Cuttack,2154,403,302,26,121,3006
2024,May,5,Odisha,Rourkela,1708,320,240,21,96,2385
2024,May,5,Odisha,Sambalpur,1670,313,234,20,93,2330
2024,May,5,Odisha,Berhampur,1515,284,213,18,85,2115
2024,May,5,Assam,Guwahati,2127,398,299,26,119,2969
2024,May,5,Assam,Silchar,1754,328,246,21,98,2447
2024,May,5,Assam,Dibrugarh,1580,296,222,19,88,2205
2024,May,5,Assam,Jorhat,1683,315,236,21,94,2349
2024,May,5,Assam,Nagaon,1596,299,224,19,89,2227
2024,June,6,Maharashtra,Mumbai,3207,601,451,40,180,4479
2024,June,6,Maharashtra,Pune,3043,570,428,38,171,4250
2024,June,6,Maharashtra,Nagpur,3102,581,436,38,174,4331
2024,June,6,Maharashtra,Nashik,2782,521,391,34,156,3884
2024,June,6,Maharashtra,Aurangabad,3555,666,500,44,200,4965
2024,June,6,Karnataka,Bengaluru,2672,501,375,33,150,3731
2024,June,6,Karnataka,Mysuru,3313,621,465,41,186,4626
2024,June,6,Karnataka,Hubballi,2830,530,398,35,159,3952
2024,June,6,Karnataka,Mangaluru,3933,737,553,49,221,5493
2024,June,6,Karnataka,Belagavi,3244,608,456,40,182,4530
2024,June,6,Tamil Nadu,Chennai,3326,623,467,41,187,4644
2024,June,6,Tamil Nadu,Coimbatore,3181,596,447,39,178,4441
2024,June,6,Tamil Nadu,Madurai,3400,637,478,42,191,4748
2024,June,6,Tamil Nadu,Salem,3486,653,490,43,196,4868
2024,June,6,Tamil Nadu,Tiruchirappalli,2927,548,411,36,164,4086
2024,June,6,Telangana,Hyderabad,1520,285,213,19,85,2122
2024,June,6,Telangana,Warangal,2203,413,309,27,123,3075
2024,June,6,Telangana,Karimnagar,1950,365,274,24,109,2722
2024,June,6,Telangana,Nizamabad,1888,354,265,23,106,2636
2024,June,6,Telangana,Khammam,2001,375,281,25,112,2794
2024,June,6,Gujarat,Ahmedabad,2103,394,295,26,118,2936
2024,June,6,Gujarat,Surat,2178,408,306,27,122,3041
2024,June,6,Gujarat,Vadodara,2237,419,314,27,125,3122
2024,June,6,Gujarat,Rajkot,1711,320,240,21,96,2388
2024,June,6,Gujarat,Bhavnagar,2065,387,290,25,116,2883
2024,June,6,Uttar Pradesh,Lucknow,3474,651,488,43,195,4851
2024,June,6,Uttar Pradesh,Kanpur,3196,599,449,39,179,4462
2024,June,6,Uttar Pradesh,Agra,3784,709,532,47,212,5284
2024,June,6,Uttar Pradesh,Varanasi,3616,678,508,45,203,5050
2024,June,6,Uttar Pradesh,Prayagraj,2871,538,403,35,161,4008
2024,June,6,Kerala,Thiruvananthapuram,1645,308,231,20,92,2296
2024,June,6,Kerala,Kochi,1696,318,238,21,95,2368
2024,June,6,Kerala,Kozhikode,1893,355,266,23,106,2643
2024,June,6,Kerala,Thrissur,1550,290,217,19,87,2163
2024,June,6,Kerala,Kollam,1843,345,259,23,103,2573
2024,June,6,Rajasthan,Jaipur,1658,310,233,20,93,2314
2024,June,6,Rajasthan,Jodhpur,1966,368,276,24,110,2744
2024,June,6,Rajasthan,Udaipur,2043,383,287,25,114,2852
2024,June,6,Rajasthan,Kota,1884,353,265,23,106,2631
2024,June,6,Rajasthan,Ajmer,1678,314,236,20,94,2342
2024,June,6,West Bengal,Kolkata,1803,338,253,22,101,2517
2024,June,6,West Bengal,Howrah,1628,305,228,20,91,2272
2024,June,6,West Bengal,Siliguri,2187,410,307,27,123,3054
2024,June,6,West Bengal,Durgapur,2121,397,298,26,119,2961
2024,June,6,West Bengal,Asansol,1816,340,255,22,102,2535
2024,June,6,Andhra Pradesh,Visakhapatnam,1808,339,254,22,101,2524
2024,June,6,Andhra Pradesh,Vijayawada,1597,299,224,19,89,2228
2024,June,6,Andhra Pradesh,Guntur,1662,311,233,20,93,2319
2024,June,6,Andhra Pradesh,Tirupati,2029,380,285,25,114,2833
2024,June,6,Andhra Pradesh,Kurnool,1743,326,245,21,98,2433
2024,June,6,Madhya Pradesh,Bhopal,2060,386,289,25,115,2875
2024,June,6,Madhya Pradesh,Indore,1835,344,258,22,103,2562
2024,June,6,Madhya Pradesh,Jabalpur,1867,350,262,23,105,2607
2024,June,6,Madhya Pradesh,Gwalior,1956,366,275,24,110,2731
2024,June,6,Madhya Pradesh,Ujjain,2136,400,300,26,120,2982
2024,June,6,Punjab,Ludhiana,1658,311,233,20,93,2315
2024,June,6,Punjab,Amritsar,1731,324,243,21,97,2416
2024,June,6,Punjab,Jalandhar,2028,380,285,25,114,2832
2024,June,6,Punjab,Patiala,2079,389,292,25,116,2901
2024,June,6,Punjab,Bathinda,1832,343,257,22,103,2557
2024,June,6,Bihar,Patna,2009,376,282,25,113,2805
2024,June,6,Bihar,Gaya,2077,389,292,25,116,2899
2024,June,6,Bihar,Muzaffarpur,2124,398,298,26,119,2965
2024,June,6,Bihar,Bhagalpur,1819,341,255,22,102,2539
2024,June,6,Bihar,Purnia,1609,301,226,20,90,2246
2024,June,6,Odisha,Bhubaneswar,2194,411,308,27,123,3063
2024,June,6,Odisha,Cuttack,1950,365,274,24,109,2722
2024,June,6,Odisha,Rourkela,1955,366,274,24,109,2728
2024,June,6,Odisha,Sambalpur,1812,339,254,22,101,2528
2024,June,6,Odisha,Berhampur,1793,336,252,22,100,2503
2024,June,6,Assam,Guwahati,1506,282,211,18,84,2101
2024,June,6,Assam,Silchar,1970,369,277,24,110,2750
2024,June,6,Assam,Dibrugarh,2159,404,303,26,121,3013
2024,June,6,Assam,Jorhat,1961,367,275,24,110,2737
2024,June,6,Assam,Nagaon,1680,315,236,21,94,2346
2024,July,7,Maharashtra,Mumbai,2891,542,406,36,162,4037
2024,July,7,Maharashtra,Pune,3874,726,544,48,217,5409
2024,July,7,Maharashtra,Nagpur,3648,684,513,45,205,5095
2024,July,7,Maharashtra,Nashik,3566,668,501,44,200,4979
2024,July,7,Maharashtra,Aurangabad,3463,649,487,43,194,4836
2024,July,7,Karnataka,Bengaluru,3686,691,518,46,207,5148
2024,July,7,Karnataka,Mysuru,3961,742,557,49,222,5531
2024,July,7,Karnataka,Hubballi,2876,539,404,35,161,4015
2024,July,7,Karnataka,Mangaluru,2683,503,377,33,150,3746
2024,July,7,Karnataka,Belagavi,3412,639,479,42,191,4763
2024,July,7,Tamil Nadu,Chennai,2701,506,379,33,151,3770
2024,July,7,Tamil Nadu,Coimbatore,2666,499,374,33,149,3721
2024,July,7,Tamil Nadu,Madurai,2699,506,379,33,151,3768
2024,July,7,Tamil Nadu,Salem,3664,687,515,45,206,5117
2024,July,7,Tamil Nadu,Tiruchirappalli,2812,527,395,35,158,3927
2024,July,7,Telangana,Hyderabad,2174,407,305,27,122,3035
2024,July,7,Telangana,Warangal,2118,397,297,26,119,2957
2024,July,7,Telangana,Karimnagar,1636,306,230,20,92,2284
2024,July,7,Telangana,Nizamabad,1694,317,238,21,95,2365
2024,July,7,Telangana,Khammam,1783,334,250,22,100,2489
2024,July,7,Gujarat,Ahmedabad,1709,320,240,21,96,2386
2024,July,7,Gujarat,Surat,1787,335,251,22,100,2495
2024,July,7,Gujarat,Vadodara,1838,344,258,22,103,2565
2024,July,7,Gujarat,Rajkot,1680,315,236,21,94,2346
2024,July,7,Gujarat,Bhavnagar,2064,387,290,25,116,2882
2024,July,7,Uttar Pradesh,Lucknow,2903,544,408,36,163,4054
2024,July,7,Uttar Pradesh,Kanpur,3788,710,532,47,213,5290
2024,July,7,Uttar Pradesh,Agra,2912,546,409,36,163,4066
2024,July,7,Uttar Pradesh,Varanasi,3087,578,434,38,173,4310
2024,July,7,Uttar Pradesh,Prayagraj,2733,512,384,34,153,3816
2024,July,7,Kerala,Thiruvananthapuram,1878,352,264,23,105,2622
2024,July,7,Kerala,Kochi,1582,296,222,19,89,2208
2024,July,7,Kerala,Kozhikode,1595,299,224,19,89,2226
2024,July,7,Kerala,Thrissur,1736,325,244,21,97,2423
2024,July,7,Kerala,Kollam,2179,408,306,27,122,3042
2024,July,7,Rajasthan,Jaipur,1556,291,218,19,87,2171
2024,July,7,Rajasthan,Jodhpur,1811,339,254,22,101,2527
2024,July,7,Rajasthan,Udaipur,2222,416,312,27,125,3102
2024,July,7,Rajasthan,Kota,1883,353,264,23,105,2628
2024,July,7,Rajasthan,Ajmer,1816,340,255,22,102,2535
2024,July,7,West Bengal,Kolkata,2207,413,310,27,124,3081
2024,July,7,West Bengal,Howrah,2048,384,288,25,115,2860
2024,July,7,West Bengal,Siliguri,1968,369,276,24,110,2747
2024,July,7,West Bengal,Durgapur,2016,378,283,25,113,2815
2024,July,7,West Bengal,Asansol,1566,293,220,19,88,2186
2024,July,7,Andhra Pradesh,Visakhapatnam,1839,344,258,22,103,2566
2024,July,7,Andhra Pradesh,Vijayawada,1970,369,277,24,110,2750
2024,July,7,Andhra Pradesh,Guntur,1610,301,226,20,90,2247
2024,July,7,Andhra Pradesh,Tirupati,2237,419,314,27,125,3122
2024,July,7,Andhra Pradesh,Kurnool,1902,356,267,23,107,2655
2024,July,7,Madhya Pradesh,Bhopal,2071,388,291,25,116,2891
2024,July,7,Madhya Pradesh,Indore,1568,294,220,19,88,2189
2024,July,7,Madhya Pradesh,Jabalpur,1713,321,240,21,96,2391
2024,July,7,Madhya Pradesh,Gwalior,1967,368,276,24,110,2745
2024,July,7,Madhya Pradesh,Ujjain,1554,291,218,19,87,2169
2024,July,7,Punjab,Ludhiana,1589,298,223,19,89,2218
2024,July,7,Punjab,Amritsar,1595,299,224,19,89,2226
2024,July,7,Punjab,Jalandhar,1580,296,222,19,88,2205
2024,July,7,Punjab,Patiala,1767,331,248,22,99,2467
2024,July,7,Punjab,Bathinda,2256,423,317,28,126,3150
2024,July,7,Bihar,Patna,2129,399,299,26,119,2972
2024,July,7,Bihar,Gaya,1911,358,268,23,107,2667
2024,July,7,Bihar,Muzaffarpur,1792,336,252,22,100,2502
2024,July,7,Bihar,Bhagalpur,1597,299,224,19,89,2228
2024,July,7,Bihar,Purnia,1796,336,252,22,101,2507
2024,July,7,Odisha,Bhubaneswar,2126,398,299,26,119,2968
2024,July,7,Odisha,Cuttack,1511,283,212,18,85,2109
2024,July,7,Odisha,Rourkela,2080,390,292,26,117,2905
2024,July,7,Odisha,Sambalpur,1691,317,237,21,95,2361
2024,July,7,Odisha,Berhampur,2222,416,312,27,124,3101
2024,July,7,Assam,Guwahati,1934,362,272,24,108,2700
2024,July,7,Assam,Silchar,1847,346,259,23,103,2578
2024,July,7,Assam,Dibrugarh,2061,386,289,25,115,2876
2024,July,7,Assam,Jorhat,1689,316,237,21,95,2358
2024,July,7,Assam,Nagaon,1688,316,237,21,94,2356
2024,August,8,Maharashtra,Mumbai,3160,592,444,39,177,4412
2024,August,8,Maharashtra,Pune,3595,674,505,44,202,5020
2024,August,8,Maharashtra,Nagpur,3723,698,523,46,209,5199
2024,August,8,Maharashtra,Nashik,3522,660,495,44,198,4919
2024,August,8,Maharashtra,Aurangabad,2822,529,396,35,158,3940
2024,August,8,Karnataka,Bengaluru,2812,527,395,35,158,3927
2024,August,8,Karnataka,Mysuru,2719,509,382,33,152,3795
2024,August,8,Karnataka,Hubballi,3982,746,560,49,224,5561
2024,August,8,Karnataka,Mangaluru,3579,671,503,44,201,4998
2024,August,8,Karnataka,Belagavi,3444,645,484,43,193,4809
2024,August,8,Tamil Nadu,Chennai,3558,667,500,44,200,4969
2024,August,8,Tamil Nadu,Coimbatore,3758,704,528,46,211,5247
2024,August,8,Tamil Nadu,Madurai,2899,543,407,36,163,4048
2024,August,8,Tamil Nadu,Salem,2844,533,399,35,159,3970
2024,August,8,Tamil Nadu,Tiruchirappalli,3635,681,511,45,204,5076
2024,August,8,Telangana,Hyderabad,1629,305,229,20,91,2274
2024,August,8,Telangana,Warangal,2192,411,308,27,123,3061
2024,August,8,Telangana,Karimnagar,1606,301,225,20,90,2242
2024,August,8,Telangana,Nizamabad,2145,402,301,26,120,2994
2024,August,8,Telangana,Khammam,2109,395,296,26,118,2944
2024,August,8,Gujarat,Ahmedabad,1551,290,218,19,87,2165
2024,August,8,Gujarat,Surat,1849,346,260,23,104,2582
2024,August,8,Gujarat,Vadodara,1805,338,253,22,101,2519
2024,August,8,Gujarat,Rajkot,1873,351,263,23,105,2615
2024,August,8,Gujarat,Bhavnagar,2114,396,297,26,118,2951
2024,August,8,Uttar Pradesh,Lucknow,3668,687,515,45,206,5121
2024,August,8,Uttar Pradesh,Kanpur,3549,665,499,44,199,4956
2024,August,8,Uttar Pradesh,Agra,3949,740,555,49,222,5515
2024,August,8,Uttar Pradesh,Varanasi,3387,635,476,42,190,4730
2024,August,8,Uttar Pradesh,Prayagraj,3920,735,551,49,220,5475
2024,August,8,Kerala,Thiruvananthapuram,2210,414,310,27,124,3085
2024,August,8,Kerala,Kochi,1733,324,243,21,97,2418
2024,August,8,Kerala,Kozhikode,2069,388,291,25,116,2889
2024,August,8,Kerala,Thrissur,1877,352,264,23,105,2621
2024,August,8,Kerala,Kollam,2098,393,295,26,118,2930
2024,August,8,Rajasthan,Jaipur,1675,314,235,20,94,2338
2024,August,8,Rajasthan,Jodhpur,2111,395,296,26,118,2946
2024,August,8,Rajasthan,Udaipur,1791,335,251,22,100,2499
2024,August,8,Rajasthan,Kota,1635,306,229,20,91,2281
2024,August,8,Rajasthan,Ajmer,2064,387,290,25,116,2882
2024,August,8,West Bengal,Kolkata,2041,382,287,25,114,2849
2024,August,8,West Bengal,Howrah,1954,366,274,24,109,2727
2024,August,8,West Bengal,Siliguri,2258,423,317,28,127,3153
2024,August,8,West Bengal,Durgapur,1594,298,224,19,89,2224
2024,August,8,West Bengal,Asansol,1758,329,247,21,98,2453
2024,August,8,Andhra Pradesh,Visakhapatnam,1902,356,267,23,107,2655
2024,August,8,Andhra Pradesh,Vijayawada,1599,299,224,19,89,2230
2024,August,8,Andhra Pradesh,Guntur,2129,399,299,26,119,2972
2024,August,8,Andhra Pradesh,Tirupati,1939,363,272,24,109,2707
2024,August,8,Andhra Pradesh,Kurnool,2014,377,283,25,113,2812
2024,August,8,Madhya Pradesh,Bhopal,1536,288,216,19,86,2145
2024,August,8,Madhya Pradesh,Indore,1826,342,256,22,102,2548
2024,August,8,Madhya Pradesh,Jabalpur,2004,375,281,25,112,2797
2024,August,8,Madhya Pradesh,Gwalior,1739,326,244,21,97,2427
2024,August,8,Madhya Pradesh,Ujjain,1710,320,240,21,96,2387
2024,August,8,Punjab,Ludhiana,2089,391,293,26,117,2916
2024,August,8,Punjab,Amritsar,1889,354,265,23,106,2637
2024,August,8,Punjab,Jalandhar,1824,342,256,22,102,2546
2024,August,8,Punjab,Patiala,1602,300,225,20,90,2237
2024,August,8,Punjab,Bathinda,1942,364,273,24,109,2712
2024,August,8,Bihar,Patna,2152,403,302,26,121,3004
2024,August,8,Bihar,Gaya,1602,300,225,20,90,2237
2024,August,8,Bihar,Muzaffarpur,2036,381,286,25,114,2842
2024,August,8,Bihar,Bhagalpur,2076,389,292,25,116,2898
2024,August,8,Bihar,Purnia,1529,286,215,19,86,2135
2024,August,8,Odisha,Bhubaneswar,1966,368,276,24,110,2744
2024,August,8,Odisha,Cuttack,1929,361,271,24,108,2693
2024,August,8,Odisha,Rourkela,1978,370,278,24,111,2761
2024,August,8,Odisha,Sambalpur,1545,289,217,19,86,2156
2024,August,8,Odisha,Berhampur,1962,367,275,24,110,2738
2024,August,8,Assam,Guwahati,2045,383,287,25,115,2855
2024,August,8,Assam,Silchar,1604,300,225,20,90,2239
2024,August,8,Assam,Dibrugarh,2048,384,288,25,115,2860
2024,August,8,Assam,Jorhat,1838,344,258,22,103,2565
2024,August,8,Assam,Nagaon,1535,287,215,19,86,2142
2024,September,9,Maharashtra,Mumbai,3502,656,492,43,197,4890
2024,September,9,Maharashtra,Pune,2754,516,387,34,154,3845
2024,September,9,Maharashtra,Nagpur,3887,728,546,48,218,5427
2024,September,9,Maharashtra,Nashik,3675,689,516,45,206,5131
2024,September,9,Maharashtra,Aurangabad,3764,705,529,47,211,5256
2024,September,9,Karnataka,Bengaluru,3486,653,490,43,196,4868
2024,September,9,Karnataka,Mysuru,2931,549,412,36,164,4092
2024,September,9,Karnataka,Hubballi,2904,544,408,36,163,4055
2024,September,9,Karnataka,Mangaluru,3303,619,464,41,185,4612
2024,September,9,Karnataka,Belagavi,3471,650,488,43,195,4847
2024,September,9,Tamil Nadu,Chennai,3473,651,488,43,195,4850
2024,September,9,Tamil Nadu,Coimbatore,2678,502,376,33,150,3739
2024,September,9,Tamil Nadu,Madurai,3886,728,546,48,218,5426
2024,September,9,Tamil Nadu,Salem,3038,569,427,37,170,4241
2024,September,9,Tamil Nadu,Tiruchirappalli,3559,667,500,44,200,4970
2024,September,9,Telangana,Hyderabad,2227,417,313,27,125,3109
2024,September,9,Telangana,Warangal,1814,340,255,22,102,2533
2024,September,9,Telangana,Karimnagar,1560,292,219,19,87,2177
2024,September,9,Telangana,Nizamabad,1779,333,250,22,100,2484
2024,September,9,Telangana,Khammam,1879,352,264,23,105,2623
2024,September,9,Gujarat,Ahmedabad,2012,377,282,25,113,2809
2024,September,9,Gujarat,Surat,2110,395,296,26,118,2945
2024,September,9,Gujarat,Vadodara,2164,405,304,27,121,3021
2024,September,9,Gujarat,Rajkot,1691,317,237,21,95,2361
2024,September,9,Gujarat,Bhavnagar,1669,312,234,20,93,2328
2024,September,9,Uttar Pradesh,Lucknow,3441,645,483,43,193,4805
2024,September,9,Uttar Pradesh,Kanpur,3486,653,490,43,196,4868
2024,September,9,Uttar Pradesh,Agra,3515,659,494,43,197,4908
2024,September,9,Uttar Pradesh,Varanasi,2854,535,401,35,160,3985
2024,September,9,Uttar Pradesh,Prayagraj,3640,682,511,45,204,5082
2024,September,9,Kerala,Thiruvananthapuram,1519,284,213,18,85,2119
2024,September,9,Kerala,Kochi,2215,415,311,27,124,3092
2024,September,9,Kerala,Kozhikode,1981,371,278,24,111,2765
2024,September,9,Kerala,Thrissur,1659,311,233,20,93,2316
2024,September,9,Kerala,Kollam,1524,285,214,19,85,2127
2024,September,9,Rajasthan,Jaipur,1509,283,212,18,84,2106
2024,September,9,Rajasthan,Jodhpur,2034,381,286,25,114,2840
2024,September,9,Rajasthan,Udaipur,1992,373,280,24,112,2781
2024,September,9,Rajasthan,Kota,1806,338,254,22,101,2521
2024,September,9,Rajasthan,Ajmer,1649,309,232,20,92,2302
2024,September,9,West Bengal,Kolkata,2117,397,297,26,119,2956
2024,September,9,West Bengal,Howrah,2050,384,288,25,115,2862
2024,September,9,West Bengal,Siliguri,1824,342,256,22,102,2546
2024,September,9,West Bengal,Durgapur,1848,346,259,23,103,2579
2024,September,9,West Bengal,Asansol,1985,372,279,24,111,2771
2024,September,9,Andhra Pradesh,Visakhapatnam,2255,422,317,28,126,3148
2024,September,9,Andhra Pradesh,Vijayawada,1956,366,275,24,110,2731
2024,September,9,Andhra Pradesh,Guntur,2042,383,287,25,114,2851
2024,September,9,Andhra Pradesh,Tirupati,2058,385,289,25,115,2872
2024,September,9,Andhra Pradesh,Kurnool,2047,383,287,25,115,2857
2024,September,9,Madhya Pradesh,Bhopal,1528,286,214,19,85,2132
2024,September,9,Madhya Pradesh,Indore,1696,318,238,21,95,2368
2024,September,9,Madhya Pradesh,Jabalpur,1984,372,279,24,111,2770
2024,September,9,Madhya Pradesh,Gwalior,1809,339,254,22,101,2525
2024,September,9,Madhya Pradesh,Ujjain,1726,323,242,21,97,2409
2024,September,9,Punjab,Ludhiana,2044,383,287,25,115,2854
2024,September,9,Punjab,Amritsar,2129,399,299,26,119,2972
2024,September,9,Punjab,Jalandhar,2145,402,301,26,120,2994
2024,September,9,Punjab,Patiala,1804,338,253,22,101,2518
2024,September,9,Punjab,Bathinda,1744,327,245,21,98,2435
2024,September,9,Bihar,Patna,1835,344,258,22,103,2562
2024,September,9,Bihar,Gaya,1536,288,216,19,86,2145
2024,September,9,Bihar,Muzaffarpur,1747,327,245,21,98,2438
2024,September,9,Bihar,Bhagalpur,2034,381,286,25,114,2840
2024,September,9,Bihar,Purnia,1632,306,229,20,91,2278
2024,September,9,Odisha,Bhubaneswar,1850,346,260,23,104,2583
2024,September,9,Odisha,Cuttack,1654,310,232,20,93,2309
2024,September,9,Odisha,Rourkela,2218,416,312,27,124,3097
2024,September,9,Odisha,Sambalpur,2140,401,300,26,120,2987
2024,September,9,Odisha,Berhampur,1788,335,251,22,100,2496
2024,September,9,Assam,Guwahati,2245,421,315,28,126,3135
2024,September,9,Assam,Silchar,2161,405,303,27,121,3017
2024,September,9,Assam,Dibrugarh,1757,329,247,21,98,2452
2024,September,9,Assam,Jorhat,1708,320,240,21,96,2385
2024,September,9,Assam,Nagaon,1633,306,229,20,91,2279
2024,October,10,Maharashtra,Mumbai,4432,831,623,55,249,6190
2024,October,10,Maharashtra,Pune,4486,841,630,56,252,6265
2024,October,10,Maharashtra,Nagpur,3664,687,515,45,206,5117
2024,October,10,Maharashtra,Nashik,4416,828,621,55,248,6168
2024,October,10,Maharashtra,Aurangabad,4183,784,588,52,235,5842
2024,October,10,Karnataka,Bengaluru,4279,802,601,53,240,5975
2024,October,10,Karnataka,Mysuru,4378,820,615,54,246,6113
2024,October,10,Karnataka,Hubballi,4051,759,569,50,227,5656
2024,October,10,Karnataka,Mangaluru,3293,617,463,41,185,4599
2024,October,10,Karnataka,Belagavi,4429,830,622,55,249,6185
2024,October,10,Tamil Nadu,Chennai,3499,656,492,43,196,4886
2024,October,10,Tamil Nadu,Coimbatore,4557,854,640,56,256,6363
2024,October,10,Tamil Nadu,Madurai,3913,733,550,48,220,5464
2024,October,10,Tamil Nadu,Salem,3840,720,540,48,216,5364
2024,October,10,Tamil Nadu,Tiruchirappalli,3717,697,522,46,209,5191
2024,October,10,Telangana,Hyderabad,2156,404,303,26,121,3010
2024,October,10,Telangana,Warangal,2211,414,311,27,124,3087
2024,October,10,Telangana,Karimnagar,1853,347,260,23,104,2587
2024,October,10,Telangana,Nizamabad,2165,405,304,27,121,3022
2024,October,10,Telangana,Khammam,2564,480,360,32,144,3580
2024,October,10,Gujarat,Ahmedabad,2164,405,304,27,121,3021
2024,October,10,Gujarat,Surat,2546,477,358,31,143,3555
2024,October,10,Gujarat,Vadodara,1987,372,279,24,111,2773
2024,October,10,Gujarat,Rajkot,2170,406,305,27,122,3030
2024,October,10,Gujarat,Bhavnagar,2690,504,378,33,151,3756
2024,October,10,Uttar Pradesh,Lucknow,4175,782,587,52,234,5830
2024,October,10,Uttar Pradesh,Kanpur,4321,810,607,54,243,6035
2024,October,10,Uttar Pradesh,Agra,3624,679,509,45,203,5060
2024,October,10,Uttar Pradesh,Varanasi,3211,602,451,40,180,4484
2024,October,10,Uttar Pradesh,Prayagraj,3464,649,487,43,194,4837
2024,October,10,Kerala,Thiruvananthapuram,2042,382,287,25,114,2850
2024,October,10,Kerala,Kochi,2469,462,347,30,138,3446
2024,October,10,Kerala,Kozhikode,2032,381,285,25,114,2837
2024,October,10,Kerala,Thrissur,2319,434,326,28,130,3237
2024,October,10,Kerala,Kollam,2280,427,320,28,128,3183
2024,October,10,Rajasthan,Jaipur,2071,388,291,25,116,2891
2024,October,10,Rajasthan,Jodhpur,2543,476,357,31,143,3550
2024,October,10,Rajasthan,Udaipur,2071,388,291,25,116,2891
2024,October,10,Rajasthan,Kota,2149,403,302,26,120,3000
2024,October,10,Rajasthan,Ajmer,2125,398,298,26,119,2966
2024,October,10,West Bengal,Kolkata,2356,441,331,29,132,3289
2024,October,10,West Bengal,Howrah,2551,478,358,31,143,3561
2024,October,10,West Bengal,Siliguri,2418,453,340,30,136,3377
2024,October,10,West Bengal,Durgapur,1985,372,279,24,111,2771
2024,October,10,West Bengal,Asansol,1983,371,278,24,111,2767
2024,October,10,Andhra Pradesh,Visakhapatnam,2578,483,362,32,145,3600
2024,October,10,Andhra Pradesh,Vijayawada,2309,433,324,28,129,3223
2024,October,10,Andhra Pradesh,Guntur,2515,471,353,31,141,3511
2024,October,10,Andhra Pradesh,Tirupati,1923,360,270,24,108,2685
2024,October,10,Andhra Pradesh,Kurnool,2129,399,299,26,119,2972
2024,October,10,Madhya Pradesh,Bhopal,2655,497,373,33,149,3707
2024,October,10,Madhya Pradesh,Indore,1893,354,266,23,106,2642
2024,October,10,Madhya Pradesh,Jabalpur,2220,416,312,27,124,3099
2024,October,10,Madhya Pradesh,Gwalior,2545,477,357,31,143,3553
2024,October,10,Madhya Pradesh,Ujjain,2228,417,313,27,125,3110
2024,October,10,Punjab,Ludhiana,1960,367,275,24,110,2736
2024,October,10,Punjab,Amritsar,2637,494,370,32,148,3681
2024,October,10,Punjab,Jalandhar,1989,373,279,24,111,2776
2024,October,10,Punjab,Patiala,2257,423,317,28,126,3151
2024,October,10,Punjab,Bathinda,1871,350,263,23,105,2612
2024,October,10,Bihar,Patna,1876,351,263,23,105,2618
2024,October,10,Bihar,Gaya,1881,352,264,23,105,2625
2024,October,10,Bihar,Muzaffarpur,1999,374,281,24,112,2790
2024,October,10,Bihar,Bhagalpur,2252,422,316,28,126,3144
2024,October,10,Bihar,Purnia,2071,388,291,25,116,2891
2024,October,10,Odisha,Bhubaneswar,2173,407,305,27,122,3034
2024,October,10,Odisha,Cuttack,2309,432,324,28,129,3222
2024,October,10,Odisha,Rourkela,2380,446,334,29,133,3322
2024,October,10,Odisha,Sambalpur,2709,508,381,33,152,3783
2024,October,10,Odisha,Berhampur,2420,453,340,30,136,3379
2024,October,10,Assam,Guwahati,2452,459,344,30,137,3422
2024,October,10,Assam,Silchar,1965,368,276,24,110,2743
2024,October,10,Assam,Dibrugarh,2134,400,300,26,120,2980
2024,October,10,Assam,Jorhat,2297,430,323,28,129,3207
2024,October,10,Assam,Nagaon,1944,364,273,24,109,2714
2024,November,11,Maharashtra,Mumbai,4375,820,615,54,246,6110
2024,November,11,Maharashtra,Pune,3953,741,555,49,222,5520
2024,November,11,Maharashtra,Nagpur,4689,879,659,58,263,6548
2024,November,11,Maharashtra,Nashik,3850,721,541,48,216,5376
2024,November,11,Maharashtra,Aurangabad,3454,647,485,43,194,4823
2024,November,11,Karnataka,Bengaluru,3663,686,515,45,206,5115
2024,November,11,Karnataka,Mysuru,4483,840,630,56,252,6261
2024,November,11,Karnataka,Hubballi,4715,884,663,58,265,6585
2024,November,11,Karnataka,Mangaluru,4295,805,604,53,241,5998
2024,November,11,Karnataka,Belagavi,3507,657,493,43,197,4897
2024,November,11,Tamil Nadu,Chennai,3337,625,469,41,187,4659
2024,November,11,Tamil Nadu,Coimbatore,4411,827,620,55,248,6161
2024,November,11,Tamil Nadu,Madurai,3878,727,545,48,218,5416
2024,November,11,Tamil Nadu,Salem,3625,679,509,45,203,5061
2024,November,11,Tamil Nadu,Tiruchirappalli,3530,661,496,44,198,4929
2024,November,11,Telangana,Hyderabad,1836,344,258,22,103,2563
2024,November,11,Telangana,Warangal,2598,487,365,32,146,3628
2024,November,11,Telangana,Karimnagar,2361,442,332,29,132,3296
2024,November,11,Telangana,Nizamabad,2566,481,360,32,144,3583
2024,November,11,Telangana,Khammam,2053,385,288,25,115,2866
2024,November,11,Gujarat,Ahmedabad,2499,468,351,31,140,3489
2024,November,11,Gujarat,Surat,2323,435,326,29,130,3243
2024,November,11,Gujarat,Vadodara,2601,487,365,32,146,3631
2024,November,11,Gujarat,Rajkot,2665,499,374,33,149,3720
2024,November,11,Gujarat,Bhavnagar,2682,502,377,33,150,3744
2024,November,11,Uttar Pradesh,Lucknow,3516,659,494,43,197,4909
2024,November,11,Uttar Pradesh,Kanpur,3640,682,511,45,204,5082
2024,November,11,Uttar Pradesh,Agra,3611,677,507,45,203,5043
2024,November,11,Uttar Pradesh,Varanasi,4302,806,605,53,242,6008
2024,November,11,Uttar Pradesh,Prayagraj,3272,613,460,40,184,4569
2024,November,11,Kerala,Thiruvananthapuram,1986,372,279,24,111,2772
2024,November,11,Kerala,Kochi,1979,371,278,24,111,2763
2024,November,11,Kerala,Kozhikode,2585,484,363,32,145,3609
2024,November,11,Kerala,Thrissur,1859,348,261,23,104,2595
2024,November,11,Kerala,Kollam,1967,368,276,24,110,2745
2024,November,11,Rajasthan,Jaipur,1894,355,266,23,106,2644
2024,November,11,Rajasthan,Jodhpur,1928,361,271,24,108,2692
2024,November,11,Rajasthan,Udaipur,2007,376,282,25,112,2802
2024,November,11,Rajasthan,Kota,2271,425,319,28,127,3170
2024,November,11,Rajasthan,Ajmer,2533,475,356,31,142,3537
2024,November,11,West Bengal,Kolkata,2387,447,335,29,134,3332
2024,November,11,West Bengal,Howrah,2609,489,367,32,146,3643
2024,November,11,West Bengal,Siliguri,2233,418,314,27,125,3117
2024,November,11,West Bengal,Durgapur,1926,361,270,24,108,2689
2024,November,11,West Bengal,Asansol,2457,460,345,30,138,3430
2024,November,11,Andhra Pradesh,Visakhapatnam,1992,373,280,24,112,2781
2024,November,11,Andhra Pradesh,Vijayawada,2568,481,361,32,144,3586
2024,November,11,Andhra Pradesh,Guntur,1855,347,260,23,104,2589
2024,November,11,Andhra Pradesh,Tirupati,2513,471,353,31,141,3509
2024,November,11,Andhra Pradesh,Kurnool,2468,462,347,30,138,3445
2024,November,11,Madhya Pradesh,Bhopal,2161,405,303,27,121,3017
2024,November,11,Madhya Pradesh,Indore,1985,372,279,24,111,2771
2024,November,11,Madhya Pradesh,Jabalpur,1989,373,279,24,111,2776
2024,November,11,Madhya Pradesh,Gwalior,2085,390,293,26,117,2911
2024,November,11,Madhya Pradesh,Ujjain,1989,373,279,24,111,2776
2024,November,11,Punjab,Ludhiana,2690,504,378,33,151,3756
2024,November,11,Punjab,Amritsar,2253,422,316,28,126,3145
2024,November,11,Punjab,Jalandhar,2708,507,380,33,152,3780
2024,November,11,Punjab,Patiala,2481,465,348,31,139,3464
2024,November,11,Punjab,Bathinda,2064,387,290,25,116,2882
2024,November,11,Bihar,Patna,2434,456,342,30,136,3398
2024,November,11,Bihar,Gaya,2613,489,367,32,146,3647
2024,November,11,Bihar,Muzaffarpur,2258,423,317,28,127,3153
2024,November,11,Bihar,Bhagalpur,2132,399,299,26,119,2975
2024,November,11,Bihar,Purnia,2527,473,355,31,142,3528
2024,November,11,Odisha,Bhubaneswar,1925,360,270,24,108,2687
2024,November,11,Odisha,Cuttack,1844,345,259,23,103,2574
2024,November,11,Odisha,Rourkela,2251,422,316,28,126,3143
2024,November,11,Odisha,Sambalpur,2428,455,341,30,136,3390
2024,November,11,Odisha,Berhampur,2060,386,289,25,115,2875
2024,November,11,Assam,Guwahati,1926,361,270,24,108,2689
2024,November,11,Assam,Silchar,1809,339,254,22,101,2525
2024,November,11,Assam,Dibrugarh,2338,438,328,29,131,3264
2024,November,11,Assam,Jorhat,2473,463,347,30,139,3452
2024,November,11,Assam,Nagaon,2370,444,333,29,133,3309
2024,December,12,Maharashtra,Mumbai,3645,683,512,45,205,5090
2024,December,12,Maharashtra,Pune,3756,704,528,46,211,5245
2024,December,12,Maharashtra,Nagpur,3204,600,450,40,180,4474
2024,December,12,Maharashtra,Nashik,4334,812,609,54,243,6052
2024,December,12,Maharashtra,Aurangabad,4401,825,619,55,247,6147
2024,December,12,Karnataka,Bengaluru,4346,814,611,54,244,6069
2024,December,12,Karnataka,Mysuru,3366,631,473,42,189,4701
2024,December,12,Karnataka,Hubballi,3665,687,515,45,206,5118
2024,December,12,Karnataka,Mangaluru,4553,853,640,56,256,6358
2024,December,12,Karnataka,Belagavi,3511,658,493,43,197,4902
2024,December,12,Tamil Nadu,Chennai,3301,618,464,41,185,4609
2024,December,12,Tamil Nadu,Coimbatore,3884,728,546,48,218,5424
2024,December,12,Tamil Nadu,Madurai,3465,649,487,43,194,4838
2024,December,12,Tamil Nadu,Salem,4486,841,630,56,252,6265
2024,December,12,Tamil Nadu,Tiruchirappalli,4024,754,565,50,226,5619
2024,December,12,Telangana,Hyderabad,2166,406,304,27,121,3024
2024,December,12,Telangana,Warangal,2493,467,350,31,140,3481
2024,December,12,Telangana,Karimnagar,2095,392,294,26,117,2924
2024,December,12,Telangana,Nizamabad,2137,400,300,26,120,2983
2024,December,12,Telangana,Khammam,1948,365,274,24,109,2720
2024,December,12,Gujarat,Ahmedabad,2398,449,337,29,134,3347
2024,December,12,Gujarat,Surat,2245,420,315,28,126,3134
2024,December,12,Gujarat,Vadodara,1835,344,258,22,103,2562
2024,December,12,Gujarat,Rajkot,2671,500,375,33,150,3729
2024,December,12,Gujarat,Bhavnagar,2234,418,314,27,125,3118
2024,December,12,Uttar Pradesh,Lucknow,3427,642,481,42,192,4784
2024,December,12,Uttar Pradesh,Kanpur,4488,841,631,56,252,6268
2024,December,12,Uttar Pradesh,Agra,4361,817,613,54,245,6090
2024,December,12,Uttar Pradesh,Varanasi,4440,832,624,55,249,6200
2024,December,12,Uttar Pradesh,Prayagraj,4579,858,644,57,257,6395
2024,December,12,Kerala,Thiruvananthapuram,2321,435,326,29,130,3241
2024,December,12,Kerala,Kochi,2301,431,323,28,129,3212
2024,December,12,Kerala,Kozhikode,2451,459,344,30,137,3421
2024,December,12,Kerala,Thrissur,2247,421,316,28,126,3138
2024,December,12,Kerala,Kollam,1925,361,270,24,108,2688
2024,December,12,Rajasthan,Jaipur,2024,379,284,25,113,2825
2024,December,12,Rajasthan,Jodhpur,2021,379,284,25,113,2822
2024,December,12,Rajasthan,Udaipur,1818,340,255,22,102,2537
2024,December,12,Rajasthan,Kota,1914,358,269,23,107,2671
2024,December,12,Rajasthan,Ajmer,2081,390,292,26,117,2906
2024,December,12,West Bengal,Kolkata,2672,501,375,33,150,3731
2024,December,12,West Bengal,Howrah,2708,507,380,33,152,3780
2024,December,12,West Bengal,Siliguri,2390,448,336,29,134,3337
2024,December,12,West Bengal,Durgapur,1986,372,279,24,111,2772
2024,December,12,West Bengal,Asansol,2410,451,338,30,135,3364
2024,December,12,Andhra Pradesh,Visakhapatnam,2514,471,353,31,141,3510
2024,December,12,Andhra Pradesh,Vijayawada,2659,498,374,33,149,3713
2024,December,12,Andhra Pradesh,Guntur,2359,442,331,29,132,3293
2024,December,12,Andhra Pradesh,Tirupati,2121,397,298,26,119,2961
2024,December,12,Andhra Pradesh,Kurnool,2432,456,342,30,136,3396
2024,December,12,Madhya Pradesh,Bhopal,1937,363,272,24,109,2705
2024,December,12,Madhya Pradesh,Indore,2332,437,327,29,131,3256
2024,December,12,Madhya Pradesh,Jabalpur,1915,359,269,23,107,2673
2024,December,12,Madhya Pradesh,Gwalior,1908,357,268,23,107,2663
2024,December,12,Madhya Pradesh,Ujjain,2635,494,370,32,148,3679
2024,December,12,Punjab,Ludhiana,1854,347,260,23,104,2588
2024,December,12,Punjab,Amritsar,1962,367,275,24,110,2738
2024,December,12,Punjab,Jalandhar,2072,388,291,25,116,2892
2024,December,12,Punjab,Patiala,2362,443,332,29,132,3298
2024,December,12,Punjab,Bathinda,2324,435,326,29,130,3244
2024,December,12,Bihar,Patna,2259,423,317,28,127,3154
2024,December,12,Bihar,Gaya,2558,479,359,31,143,3570
2024,December,12,Bihar,Muzaffarpur,2012,377,282,25,113,2809
2024,December,12,Bihar,Bhagalpur,2379,446,334,29,133,3321
2024,December,12,Bihar,Purnia,2479,464,348,30,139,3460
2024,December,12,Odisha,Bhubaneswar,2644,495,371,33,148,3691
2024,December,12,Odisha,Cuttack,2179,408,306,27,122,3042
2024,December,12,Odisha,Rourkela,1894,355,266,23,106,2644
2024,December,12,Odisha,Sambalpur,2543,476,357,31,143,3550
2024,December,12,Odisha,Berhampur,2090,391,293,26,117,2917
2024,December,12,Assam,Guwahati,2692,504,378,33,151,3758
2024,December,12,Assam,Silchar,2598,487,365,32,146,3628
2024,December,12,Assam,Dibrugarh,2078,389,292,25,116,2900
2024,December,12,Assam,Jorhat,2503,469,352,31,140,3495
2024,December,12,Assam,Nagaon,2686,503,377,33,151,3750
2025,January,1,Maharashtra,Mumbai,3798,712,534,47,213,5304
2025,January,1,Maharashtra,Pune,3615,677,508,45,203,5048
2025,January,1,Maharashtra,Nagpur,3973,744,558,49,223,5547
2025,January,1,Maharashtra,Nashik,4492,842,631,56,252,6273
2025,January,1,Maharashtra,Aurangabad,3108,582,437,38,174,4339
2025,January,1,Karnataka,Bengaluru,3098,581,435,38,174,4326
2025,January,1,Karnataka,Mysuru,3285,615,461,41,184,4586
2025,January,1,Karnataka,Hubballi,3381,633,475,42,190,4721
2025,January,1,Karnataka,Mangaluru,3836,719,539,47,215,5356
2025,January,1,Karnataka,Belagavi,4399,824,618,54,247,6142
2025,January,1,Tamil Nadu,Chennai,4084,765,574,51,229,5703
2025,January,1,Tamil Nadu,Coimbatore,3915,734,550,48,220,5467
2025,January,1,Tamil Nadu,Madurai,4035,756,567,50,226,5634
2025,January,1,Tamil Nadu,Salem,4106,769,577,51,230,5733
2025,January,1,Tamil Nadu,Tiruchirappalli,3157,591,443,39,177,4407
2025,January,1,Telangana,Hyderabad,1800,337,253,22,101,2513
2025,January,1,Telangana,Warangal,1972,369,277,24,110,2752
2025,January,1,Telangana,Karimnagar,2110,395,296,26,118,2945
2025,January,1,Telangana,Nizamabad,2123,398,298,26,119,2964
2025,January,1,Telangana,Khammam,2250,421,316,28,126,3141
2025,January,1,Gujarat,Ahmedabad,2309,433,324,28,129,3223
2025,January,1,Gujarat,Surat,2261,424,318,28,127,3158
2025,January,1,Gujarat,Vadodara,1749,327,245,21,98,2440
2025,January,1,Gujarat,Rajkot,2108,395,296,26,118,2943
2025,January,1,Gujarat,Bhavnagar,2574,482,361,32,144,3593
2025,January,1,Uttar Pradesh,Lucknow,3458,648,486,43,194,4829
2025,January,1,Uttar Pradesh,Kanpur,4129,774,580,51,232,5766
2025,January,1,Uttar Pradesh,Agra,3928,736,552,49,220,5485
2025,January,1,Uttar Pradesh,Varanasi,4175,782,587,52,234,5830
2025,January,1,Uttar Pradesh,Prayagraj,3496,655,491,43,196,4881
2025,January,1,Kerala,Thiruvananthapuram,2089,391,293,26,117,2916
2025,January,1,Kerala,Kochi,2450,459,344,30,137,3420
2025,January,1,Kerala,Kozhikode,2417,453,340,30,136,3376
2025,January,1,Kerala,Thrissur,2132,399,299,26,119,2975
2025,January,1,Kerala,Kollam,1916,359,269,23,107,2674
2025,January,1,Rajasthan,Jaipur,2477,464,348,30,139,3458
2025,January,1,Rajasthan,Jodhpur,1825,342,256,22,102,2547
2025,January,1,Rajasthan,Udaipur,1871,350,263,23,105,2612
2025,January,1,Rajasthan,Kota,2161,405,303,27,121,3017
2025,January,1,Rajasthan,Ajmer,2549,478,358,31,143,3559
2025,January,1,West Bengal,Kolkata,1981,371,278,24,111,2765
2025,January,1,West Bengal,Howrah,2526,473,355,31,142,3527
2025,January,1,West Bengal,Siliguri,2350,440,330,29,132,3281
2025,January,1,West Bengal,Durgapur,2490,466,350,31,140,3477
2025,January,1,West Bengal,Asansol,2476,464,348,30,139,3457
2025,January,1,Andhra Pradesh,Visakhapatnam,2342,439,329,29,131,3270
2025,January,1,Andhra Pradesh,Vijayawada,2359,442,331,29,132,3293
2025,January,1,Andhra Pradesh,Guntur,2414,452,339,30,135,3370
2025,January,1,Andhra Pradesh,Tirupati,1803,338,253,22,101,2517
2025,January,1,Andhra Pradesh,Kurnool,1777,333,249,22,99,2480
2025,January,1,Madhya Pradesh,Bhopal,1733,325,243,21,97,2419
2025,January,1,Madhya Pradesh,Indore,1835,344,258,22,103,2562
2025,January,1,Madhya Pradesh,Jabalpur,2523,473,354,31,141,3522
2025,January,1,Madhya Pradesh,Gwalior,1896,355,266,23,106,2646
2025,January,1,Madhya Pradesh,Ujjain,1952,366,274,24,109,2725
2025,January,1,Punjab,Ludhiana,2354,441,331,29,132,3287
2025,January,1,Punjab,Amritsar,2525,473,355,31,142,3526
2025,January,1,Punjab,Jalandhar,2477,464,348,30,139,3458
2025,January,1,Punjab,Patiala,2565,480,360,32,144,3581
2025,January,1,Punjab,Bathinda,2488,466,349,31,139,3473
2025,January,1,Bihar,Patna,2225,417,312,27,125,3106
2025,January,1,Bihar,Gaya,1947,365,273,24,109,2718
2025,January,1,Bihar,Muzaffarpur,2180,408,306,27,122,3043
2025,January,1,Bihar,Bhagalpur,2020,378,284,25,113,2820
2025,January,1,Bihar,Purnia,2358,442,331,29,132,3292
2025,January,1,Odisha,Bhubaneswar,2569,481,361,32,144,3587
2025,January,1,Odisha,Cuttack,2362,442,332,29,132,3297
2025,January,1,Odisha,Rourkela,1758,329,247,21,98,2453
2025,January,1,Odisha,Sambalpur,2213,414,311,27,124,3089
2025,January,1,Odisha,Berhampur,1782,334,250,22,100,2488
2025,January,1,Assam,Guwahati,2115,396,297,26,119,2953
2025,January,1,Assam,Silchar,2286,428,321,28,128,3191
2025,January,1,Assam,Dibrugarh,2376,445,334,29,133,3317
2025,January,1,Assam,Jorhat,1869,350,262,23,105,2609
2025,January,1,Assam,Nagaon,1829,343,257,22,102,2553
2025,February,2,Maharashtra,Mumbai,3788,710,532,47,213,5290
2025,February,2,Maharashtra,Pune,4014,752,564,50,225,5605
2025,February,2,Maharashtra,Nagpur,4087,766,574,51,229,5707
2025,February,2,Maharashtra,Nashik,3968,744,558,49,223,5542
2025,February,2,Maharashtra,Aurangabad,4541,851,638,56,255,6341
2025,February,2,Karnataka,Bengaluru,4324,810,608,54,243,6039
2025,February,2,Karnataka,Mysuru,4029,755,566,50,226,5626
2025,February,2,Karnataka,Hubballi,3293,617,463,41,185,4599
2025,February,2,Karnataka,Mangaluru,3170,594,445,39,178,4426
2025,February,2,Karnataka,Belagavi,3296,618,463,41,185,4603
2025,February,2,Tamil Nadu,Chennai,3516,659,494,43,197,4909
2025,February,2,Tamil Nadu,Coimbatore,4485,841,630,56,252,6264
2025,February,2,Tamil Nadu,Madurai,4027,755,566,50,226,5624
2025,February,2,Tamil Nadu,Salem,3071,575,431,38,172,4287
2025,February,2,Tamil Nadu,Tiruchirappalli,3262,611,458,40,183,4554
2025,February,2,Telangana,Hyderabad,2594,486,364,32,145,3621
2025,February,2,Telangana,Warangal,1849,346,260,23,104,2582
2025,February,2,Telangana,Karimnagar,2232,418,313,27,125,3115
2025,February,2,Telangana,Nizamabad,2523,473,354,31,141,3522
2025,February,2,Telangana,Khammam,2288,429,321,28,128,3194
2025,February,2,Gujarat,Ahmedabad,2450,459,344,30,137,3420
2025,February,2,Gujarat,Surat,2535,475,356,31,142,3539
2025,February,2,Gujarat,Vadodara,2397,449,337,29,134,3346
2025,February,2,Gujarat,Rajkot,1987,372,279,24,111,2773
2025,February,2,Gujarat,Bhavnagar,2583,484,363,32,145,3607
2025,February,2,Uttar Pradesh,Lucknow,4013,752,564,50,225,5604
2025,February,2,Uttar Pradesh,Kanpur,4306,807,605,53,242,6013
2025,February,2,Uttar Pradesh,Agra,3446,646,484,43,193,4812
2025,February,2,Uttar Pradesh,Varanasi,4154,779,584,51,233,5801
2025,February,2,Uttar Pradesh,Prayagraj,3291,617,462,41,185,4596
2025,February,2,Kerala,Thiruvananthapuram,2404,450,338,30,135,3357
2025,February,2,Kerala,Kochi,1880,352,264,23,105,2624
2025,February,2,Kerala,Kozhikode,1892,354,266,23,106,2641
2025,February,2,Kerala,Thrissur,1990,373,279,24,111,2777
2025,February,2,Kerala,Kollam,2426,454,341,30,136,3387
2025,February,2,Rajasthan,Jaipur,1943,364,273,24,109,2713
2025,February,2,Rajasthan,Jodhpur,2527,473,355,31,142,3528
2025,February,2,Rajasthan,Udaipur,2076,389,292,25,116,2898
2025,February,2,Rajasthan,Kota,1942,364,273,24,109,2712
2025,February,2,Rajasthan,Ajmer,1929,361,271,24,108,2693
2025,February,2,West Bengal,Kolkata,2052,384,288,25,115,2864
2025,February,2,West Bengal,Howrah,2422,454,340,30,136,3382
2025,February,2,West Bengal,Siliguri,2080,390,292,26,117,2905
2025,February,2,West Bengal,Durgapur,2194,411,308,27,123,3063
2025,February,2,West Bengal,Asansol,2116,396,297,26,119,2954
2025,February,2,Andhra Pradesh,Visakhapatnam,1950,365,274,24,109,2722
2025,February,2,Andhra Pradesh,Vijayawada,2312,433,325,28,130,3228
2025,February,2,Andhra Pradesh,Guntur,1999,374,281,24,112,2790
2025,February,2,Andhra Pradesh,Tirupati,1912,358,268,23,107,2668
2025,February,2,Andhra Pradesh,Kurnool,1772,332,249,22,99,2474
2025,February,2,Madhya Pradesh,Bhopal,2295,430,322,28,129,3204
2025,February,2,Madhya Pradesh,Indore,1822,341,256,22,102,2543
2025,February,2,Madhya Pradesh,Jabalpur,1941,364,273,24,109,2711
2025,February,2,Madhya Pradesh,Gwalior,2521,472,354,31,141,3519
2025,February,2,Madhya Pradesh,Ujjain,2449,459,344,30,137,3419
2025,February,2,Punjab,Ludhiana,2066,387,290,25,116,2884
2025,February,2,Punjab,Amritsar,2232,418,314,27,125,3116
2025,February,2,Punjab,Jalandhar,2502,469,351,31,140,3493
2025,February,2,Punjab,Patiala,2239,419,314,27,125,3124
2025,February,2,Punjab,Bathinda,2226,417,313,27,125,3108
2025,February,2,Bihar,Patna,1813,339,254,22,101,2529
2025,February,2,Bihar,Gaya,1778,333,250,22,100,2483
2025,February,2,Bihar,Muzaffarpur,2014,377,283,25,113,2812
2025,February,2,Bihar,Bhagalpur,1985,372,279,24,111,2771
2025,February,2,Bihar,Purnia,2070,388,291,25,116,2890
2025,February,2,Odisha,Bhubaneswar,1880,352,264,23,105,2624
2025,February,2,Odisha,Cuttack,2211,414,311,27,124,3087
2025,February,2,Odisha,Rourkela,2552,478,358,31,143,3562
2025,February,2,Odisha,Sambalpur,2132,399,299,26,119,2975
2025,February,2,Odisha,Berhampur,1821,341,256,22,102,2542
2025,February,2,Assam,Guwahati,2192,411,308,27,123,3061
2025,February,2,Assam,Silchar,2302,431,323,28,129,3213
2025,February,2,Assam,Dibrugarh,2196,411,308,27,123,3065
2025,February,2,Assam,Jorhat,2299,431,323,28,129,3210
2025,February,2,Assam,Nagaon,2475,464,348,30,139,3456
2025,March,3,Maharashtra,Mumbai,3534,662,496,44,198,4934
2025,March,3,Maharashtra,Pune,3715,696,522,46,209,5188
2025,March,3,Maharashtra,Nagpur,3636,681,511,45,204,5077
2025,March,3,Maharashtra,Nashik,3278,614,461,40,184,4577
2025,March,3,Maharashtra,Aurangabad,3205,601,450,40,180,4476
2025,March,3,Karnataka,Bengaluru,3379,633,475,42,190,4719
2025,March,3,Karnataka,Mysuru,4423,829,622,55,248,6177
2025,March,3,Karnataka,Hubballi,3345,627,470,41,188,4671
2025,March,3,Karnataka,Mangaluru,3183,596,447,39,179,4444
2025,March,3,Karnataka,Belagavi,3822,716,537,47,215,5337
2025,March,3,Tamil Nadu,Chennai,3610,676,507,45,203,5041
2025,March,3,Tamil Nadu,Coimbatore,3118,584,438,38,175,4353
2025,March,3,Tamil Nadu,Madurai,3908,732,549,48,219,5456
2025,March,3,Tamil Nadu,Salem,3143,589,442,39,176,4389
2025,March,3,Tamil Nadu,Tiruchirappalli,3851,722,541,48,216,5378
2025,March,3,Telangana,Hyderabad,1859,348,261,23,104,2595
2025,March,3,Telangana,Warangal,1898,355,266,23,106,2648
2025,March,3,Telangana,Karimnagar,2132,399,299,26,119,2975
2025,March,3,Telangana,Nizamabad,2122,398,298,26,119,2963
2025,March,3,Telangana,Khammam,2406,451,338,30,135,3360
2025,March,3,Gujarat,Ahmedabad,2179,408,306,27,122,3042
2025,March,3,Gujarat,Surat,2344,439,329,29,131,3272
2025,March,3,Gujarat,Vadodara,2112,396,297,26,118,2949
2025,March,3,Gujarat,Rajkot,2575,482,362,32,144,3595
2025,March,3,Gujarat,Bhavnagar,1732,324,243,21,97,2417
2025,March,3,Uttar Pradesh,Lucknow,4138,776,582,51,232,5779
2025,March,3,Uttar Pradesh,Kanpur,4157,779,584,51,233,5804
2025,March,3,Uttar Pradesh,Agra,4067,762,571,50,228,5678
2025,March,3,Uttar Pradesh,Varanasi,4097,768,576,51,230,5722
2025,March,3,Uttar Pradesh,Prayagraj,4169,781,586,52,234,5822
2025,March,3,Kerala,Thiruvananthapuram,2144,402,301,26,120,2993
2025,March,3,Kerala,Kochi,2406,451,338,30,135,3360
2025,March,3,Kerala,Kozhikode,1931,362,271,24,108,2696
2025,March,3,Kerala,Thrissur,1963,368,276,24,110,2741
2025,March,3,Kerala,Kollam,2568,481,361,32,144,3586
2025,March,3,Rajasthan,Jaipur,2317,434,325,28,130,3234
2025,March,3,Rajasthan,Jodhpur,2520,472,354,31,141,3518
2025,March,3,Rajasthan,Udaipur,1886,353,265,23,106,2633
2025,March,3,Rajasthan,Kota,2306,432,324,28,129,3219
2025,March,3,Rajasthan,Ajmer,1949,365,274,24,109,2721
2025,March,3,West Bengal,Kolkata,2365,443,332,29,133,3302
2025,March,3,West Bengal,Howrah,2474,463,347,30,139,3453
2025,March,3,West Bengal,Siliguri,1867,350,262,23,105,2607
2025,March,3,West Bengal,Durgapur,2481,465,348,31,139,3464
2025,March,3,West Bengal,Asansol,2158,404,303,26,121,3012
2025,March,3,Andhra Pradesh,Visakhapatnam,1755,329,246,21,98,2449
2025,March,3,Andhra Pradesh,Vijayawada,2104,394,295,26,118,2937
2025,March,3,Andhra Pradesh,Guntur,1746,327,245,21,98,2437
2025,March,3,Andhra Pradesh,Tirupati,2492,467,350,31,140,3480
2025,March,3,Andhra Pradesh,Kurnool,2011,377,282,25,113,2808
2025,March,3,Madhya Pradesh,Bhopal,2497,468,351,31,140,3487
2025,March,3,Madhya Pradesh,Indore,2091,392,294,26,117,2920
2025,March,3,Madhya Pradesh,Jabalpur,2419,453,340,30,136,3378
2025,March,3,Madhya Pradesh,Gwalior,2569,481,361,32,144,3587
2025,March,3,Madhya Pradesh,Ujjain,2106,394,296,26,118,2940
2025,March,3,Punjab,Ludhiana,2084,390,293,26,117,2910
2025,March,3,Punjab,Amritsar,2198,412,309,27,123,3069
2025,March,3,Punjab,Jalandhar,2048,384,288,25,115,2860
2025,March,3,Punjab,Patiala,2402,450,337,30,135,3354
2025,March,3,Punjab,Bathinda,2053,385,288,25,115,2866
2025,March,3,Bihar,Patna,2428,455,341,30,136,3390
2025,March,3,Bihar,Gaya,2289,429,322,28,128,3196
2025,March,3,Bihar,Muzaffarpur,1994,373,280,24,112,2783
2025,March,3,Bihar,Bhagalpur,1758,329,247,21,98,2453
2025,March,3,Bihar,Purnia,2414,452,339,30,135,3370
2025,March,3,Odisha,Bhubaneswar,1856,348,261,23,104,2592
2025,March,3,Odisha,Cuttack,1778,333,250,22,100,2483
2025,March,3,Odisha,Rourkela,2595,486,365,32,146,3624
2025,March,3,Odisha,Sambalpur,2232,418,313,27,125,3115
2025,March,3,Odisha,Berhampur,1931,362,271,24,108,2696
2025,March,3,Assam,Guwahati,2222,416,312,27,125,3102
2025,March,3,Assam,Silchar,1928,361,271,24,108,2692
2025,March,3,Assam,Dibrugarh,2339,438,328,29,131,3265
2025,March,3,Assam,Jorhat,2387,447,335,29,134,3332
2025,March,3,Assam,Nagaon,2313,433,325,28,130,3229
2025,April,4,Maharashtra,Mumbai,3807,713,535,47,214,5316
2025,April,4,Maharashtra,Pune,4201,787,590,52,236,5866
2025,April,4,Maharashtra,Nagpur,3262,611,458,40,183,4554
2025,April,4,Maharashtra,Nashik,3604,675,506,45,202,5032
2025,April,4,Maharashtra,Aurangabad,3152,591,443,39,177,4402
2025,April,4,Karnataka,Bengaluru,3450,646,485,43,194,4818
2025,April,4,Karnataka,Mysuru,3490,654,490,43,196,4873
2025,April,4,Karnataka,Hubballi,3553,666,499,44,199,4961
2025,April,4,Karnataka,Mangaluru,4134,775,581,51,232,5773
2025,April,4,Karnataka,Belagavi,3785,709,532,47,212,5285
2025,April,4,Tamil Nadu,Chennai,4152,778,583,51,233,5797
2025,April,4,Tamil Nadu,Coimbatore,3605,676,507,45,202,5035
2025,April,4,Tamil Nadu,Madurai,4349,815,611,54,244,6073
2025,April,4,Tamil Nadu,Salem,3817,715,536,47,214,5329
2025,April,4,Tamil Nadu,Tiruchirappalli,3089,579,434,38,173,4313
2025,April,4,Telangana,Hyderabad,2067,387,290,25,116,2885
2025,April,4,Telangana,Warangal,2434,456,342,30,136,3398
2025,April,4,Telangana,Karimnagar,1971,369,277,24,110,2751
2025,April,4,Telangana,Nizamabad,2284,428,321,28,128,3189
2025,April,4,Telangana,Khammam,2089,391,293,26,117,2916
2025,April,4,Gujarat,Ahmedabad,1765,331,248,22,99,2465
2025,April,4,Gujarat,Surat,1914,358,269,23,107,2671
2025,April,4,Gujarat,Vadodara,1745,327,245,21,98,2436
2025,April,4,Gujarat,Rajkot,2252,422,316,28,126,3144
2025,April,4,Gujarat,Bhavnagar,2121,397,298,26,119,2961
2025,April,4,Uttar Pradesh,Lucknow,3872,726,544,48,217,5407
2025,April,4,Uttar Pradesh,Kanpur,3346,627,470,41,188,4672
2025,April,4,Uttar Pradesh,Agra,4297,805,604,53,241,6000
2025,April,4,Uttar Pradesh,Varanasi,3312,621,465,41,186,4625
2025,April,4,Uttar Pradesh,Prayagraj,3155,591,443,39,177,4405
2025,April,4,Kerala,Thiruvananthapuram,2135,400,300,26,120,2981
2025,April,4,Kerala,Kochi,2124,398,298,26,119,2965
2025,April,4,Kerala,Kozhikode,2004,375,281,25,112,2797
2025,April,4,Kerala,Thrissur,2088,391,293,26,117,2915
2025,April,4,Kerala,Kollam,2043,383,287,25,114,2852
2025,April,4,Rajasthan,Jaipur,2460,461,345,30,138,3434
2025,April,4,Rajasthan,Jodhpur,2146,402,301,26,120,2995
2025,April,4,Rajasthan,Udaipur,1765,331,248,22,99,2465
2025,April,4,Rajasthan,Kota,1927,361,271,24,108,2691
2025,April,4,Rajasthan,Ajmer,2094,392,294,26,117,2923
2025,April,4,West Bengal,Kolkata,2347,440,330,29,132,3278
2025,April,4,West Bengal,Howrah,2545,477,357,31,143,3553
2025,April,4,West Bengal,Siliguri,2050,384,288,25,115,2862
2025,April,4,West Bengal,Durgapur,1901,356,267,23,106,2653
2025,April,4,West Bengal,Asansol,1757,329,247,21,98,2452
2025,April,4,Andhra Pradesh,Visakhapatnam,1802,337,253,22,101,2515
2025,April,4,Andhra Pradesh,Vijayawada,1787,335,251,22,100,2495
2025,April,4,Andhra Pradesh,Guntur,2526,473,355,31,142,3527
2025,April,4,Andhra Pradesh,Tirupati,2269,425,319,28,127,3168
2025,April,4,Andhra Pradesh,Kurnool,1942,364,273,24,109,2712
2025,April,4,Madhya Pradesh,Bhopal,2367,443,332,29,133,3304
2025,April,4,Madhya Pradesh,Indore,2003,375,281,25,112,2796
2025,April,4,Madhya Pradesh,Jabalpur,2171,407,305,27,122,3032
2025,April,4,Madhya Pradesh,Gwalior,2563,480,360,32,144,3579
2025,April,4,Madhya Pradesh,Ujjain,1984,372,279,24,111,2770
2025,April,4,Punjab,Ludhiana,2331,437,327,29,131,3255
2025,April,4,Punjab,Amritsar,2448,459,344,30,137,3418
2025,April,4,Punjab,Jalandhar,2145,402,301,26,120,2994
2025,April,4,Punjab,Patiala,2229,418,313,27,125,3112
2025,April,4,Punjab,Bathinda,1732,324,243,21,97,2417
2025,April,4,Bihar,Patna,1759,329,247,21,98,2454
2025,April,4,Bihar,Gaya,2593,486,364,32,145,3620
2025,April,4,Bihar,Muzaffarpur,1864,349,262,23,104,2602
2025,April,4,Bihar,Bhagalpur,2043,383,287,25,114,2852
2025,April,4,Bihar,Purnia,2344,439,329,29,131,3272
2025,April,4,Odisha,Bhubaneswar,2002,375,281,25,112,2795
2025,April,4,Odisha,Cuttack,2256,423,317,28,126,3150
2025,April,4,Odisha,Rourkela,2178,408,306,27,122,3041
2025,April,4,Odisha,Sambalpur,1966,368,276,24,110,2744
2025,April,4,Odisha,Berhampur,1986,372,279,24,111,2772
2025,April,4,Assam,Guwahati,2439,457,343,30,137,3406
2025,April,4,Assam,Silchar,2360,442,332,29,132,3295
2025,April,4,Assam,Dibrugarh,2594,486,364,32,145,3621
2025,April,4,Assam,Jorhat,1808,339,254,22,101,2524
2025,April,4,Assam,Nagaon,2135,400,300,26,120,2981
2025,May,5,Maharashtra,Mumbai,4055,760,570,50,228,5663
2025,May,5,Maharashtra,Pune,4513,846,634,56,253,6302
2025,May,5,Maharashtra,Nagpur,4556,854,640,56,256,6362
2025,May,5,Maharashtra,Nashik,3110,583,437,38,174,4342
2025,May,5,Maharashtra,Aurangabad,3760,705,528,47,211,5251
2025,May,5,Karnataka,Bengaluru,4243,795,596,53,238,5925
2025,May,5,Karnataka,Mysuru,4466,837,628,55,251,6237
2025,May,5,Karnataka,Hubballi,4173,782,586,52,234,5827
2025,May,5,Karnataka,Mangaluru,3713,696,522,46,208,5185
2025,May,5,Karnataka,Belagavi,4139,776,582,51,232,5780
2025,May,5,Tamil Nadu,Chennai,3614,677,508,45,203,5047
2025,May,5,Tamil Nadu,Coimbatore,3596,674,505,44,202,5021
2025,May,5,Tamil Nadu,Madurai,3958,742,556,49,222,5527
2025,May,5,Tamil Nadu,Salem,3808,714,535,47,214,5318
2025,May,5,Tamil Nadu,Tiruchirappalli,3956,741,556,49,222,5524
2025,May,5,Telangana,Hyderabad,2570,481,361,32,144,3588
2025,May,5,Telangana,Warangal,2575,482,362,32,144,3595
2025,May,5,Telangana,Karimnagar,2183,409,307,27,122,3048
2025,May,5,Telangana,Nizamabad,2063,386,290,25,116,2880
2025,May,5,Telangana,Khammam,2493,467,350,31,140,3481
2025,May,5,Gujarat,Ahmedabad,1945,364,273,24,109,2715
2025,May,5,Gujarat,Surat,2304,432,324,28,129,3217
2025,May,5,Gujarat,Vadodara,2290,429,322,28,128,3197
2025,May,5,Gujarat,Rajkot,1999,374,281,24,112,2790
2025,May,5,Gujarat,Bhavnagar,2488,466,349,31,139,3473
2025,May,5,Uttar Pradesh,Lucknow,3646,683,512,45,205,5091
2025,May,5,Uttar Pradesh,Kanpur,4293,805,603,53,241,5995
2025,May,5,Uttar Pradesh,Agra,3349,628,471,41,188,4677
2025,May,5,Uttar Pradesh,Varanasi,3611,677,507,45,203,5043
2025,May,5,Uttar Pradesh,Prayagraj,3672,688,516,45,206,5127
2025,May,5,Kerala,Thiruvananthapuram,2308,432,324,28,129,3221
2025,May,5,Kerala,Kochi,1917,359,269,23,107,2675
2025,May,5,Kerala,Kozhikode,2144,402,301,26,120,2993
2025,May,5,Kerala,Thrissur,1732,324,243,21,97,2417
2025,May,5,Kerala,Kollam,2544,477,357,31,143,3552
2025,May,5,Rajasthan,Jaipur,1786,335,251,22,100,2494
2025,May,5,Rajasthan,Jodhpur,2451,459,344,30,137,3421
2025,May,5,Rajasthan,Udaipur,2219,416,312,27,124,3098
2025,May,5,Rajasthan,Kota,2165,406,304,27,121,3023
2025,May,5,Rajasthan,Ajmer,2319,434,326,28,130,3237
2025,May,5,West Bengal,Kolkata,1973,370,277,24,111,2755
2025,May,5,West Bengal,Howrah,2565,481,360,32,144,3582
2025,May,5,West Bengal,Siliguri,2121,397,298,26,119,2961
2025,May,5,West Bengal,Durgapur,2426,455,341,30,136,3388
2025,May,5,West Bengal,Asansol,2371,444,333,29,133,3310
2025,May,5,Andhra Pradesh,Visakhapatnam,1877,352,264,23,105,2621
2025,May,5,Andhra Pradesh,Vijayawada,2338,438,328,29,131,3264
2025,May,5,Andhra Pradesh,Guntur,2047,383,287,25,115,2857
2025,May,5,Andhra Pradesh,Tirupati,2376,445,334,29,133,3317
2025,May,5,Andhra Pradesh,Kurnool,2545,477,357,31,143,3553
2025,May,5,Madhya Pradesh,Bhopal,2248,421,316,28,126,3139
2025,May,5,Madhya Pradesh,Indore,1930,362,271,24,108,2695
2025,May,5,Madhya Pradesh,Jabalpur,2490,466,350,31,140,3477
2025,May,5,Madhya Pradesh,Gwalior,2515,471,353,31,141,3511
2025,May,5,Madhya Pradesh,Ujjain,2144,402,301,26,120,2993
2025,May,5,Punjab,Ludhiana,1924,360,270,24,108,2686
2025,May,5,Punjab,Amritsar,2482,465,349,31,139,3466
2025,May,5,Punjab,Jalandhar,2443,458,343,30,137,3411
2025,May,5,Punjab,Patiala,2469,463,347,30,138,3447
2025,May,5,Punjab,Bathinda,2567,481,361,32,144,3585
2025,May,5,Bihar,Patna,2367,443,332,29,133,3304
2025,May,5,Bihar,Gaya,2322,435,326,29,130,3242
2025,May,5,Bihar,Muzaffarpur,2229,418,313,27,125,3112
2025,May,5,Bihar,Bhagalpur,2299,431,323,28,129,3210
2025,May,5,Bihar,Purnia,1940,363,272,24,109,2708
2025,May,5,Odisha,Bhubaneswar,2277,427,320,28,128,3180
2025,May,5,Odisha,Cuttack,2310,433,324,28,129,3224
2025,May,5,Odisha,Rourkela,2313,433,325,28,130,3229
2025,May,5,Odisha,Sambalpur,2445,458,343,30,137,3413
2025,May,5,Odisha,Berhampur,2362,443,332,29,132,3298
2025,May,5,Assam,Guwahati,2261,423,317,28,127,3156
2025,May,5,Assam,Silchar,2074,389,291,25,116,2895
2025,May,5,Assam,Dibrugarh,2122,398,298,26,119,2963
2025,May,5,Assam,Jorhat,2026,380,285,25,114,2830
2025,May,5,Assam,Nagaon,2427,455,341,30,136,3389
2025,June,6,Maharashtra,Mumbai,4333,812,609,54,243,6051
2025,June,6,Maharashtra,Pune,4305,807,605,53,242,6012
2025,June,6,Maharashtra,Nagpur,3508,657,493,43,197,4898
2025,June,6,Maharashtra,Nashik,3817,715,536,47,214,5329
2025,June,6,Maharashtra,Aurangabad,3552,666,499,44,199,4960
2025,June,6,Karnataka,Bengaluru,3174,595,446,39,178,4432
2025,June,6,Karnataka,Mysuru,4495,842,632,56,252,6277
2025,June,6,Karnataka,Hubballi,3390,635,476,42,190,4733
2025,June,6,Karnataka,Mangaluru,4176,783,587,52,234,5832
2025,June,6,Karnataka,Belagavi,3498,656,492,43,196,4885
2025,June,6,Tamil Nadu,Chennai,3532,662,496,44,198,4932
2025,June,6,Tamil Nadu,Coimbatore,3237,606,455,40,182,4520
2025,June,6,Tamil Nadu,Madurai,3989,748,561,49,224,5571
2025,June,6,Tamil Nadu,Salem,3683,690,518,46,207,5144
2025,June,6,Tamil Nadu,Tiruchirappalli,3452,647,485,43,194,4821
2025,June,6,Telangana,Hyderabad,2224,417,312,27,125,3105
2025,June,6,Telangana,Warangal,2153,403,302,26,121,3005
2025,June,6,Telangana,Karimnagar,2326,436,327,29,130,3248
2025,June,6,Telangana,Nizamabad,2586,485,363,32,145,3611
2025,June,6,Telangana,Khammam,2435,456,342,30,137,3400
2025,June,6,Gujarat,Ahmedabad,1827,342,257,22,102,2550
2025,June,6,Gujarat,Surat,2077,389,292,25,116,2899
2025,June,6,Gujarat,Vadodara,2104,394,296,26,118,2938
2025,June,6,Gujarat,Rajkot,2482,465,349,31,139,3466
2025,June,6,Gujarat,Bhavnagar,2524,473,355,31,142,3525
2025,June,6,Uttar Pradesh,Lucknow,3080,577,433,38,173,4301
2025,June,6,Uttar Pradesh,Kanpur,4104,769,577,51,230,5731
2025,June,6,Uttar Pradesh,Agra,4039,757,568,50,227,5641
2025,June,6,Uttar Pradesh,Varanasi,3484,653,489,43,195,4864
2025,June,6,Uttar Pradesh,Prayagraj,4150,778,583,51,233,5795
2025,June,6,Kerala,Thiruvananthapuram,2401,450,337,30,135,3353
2025,June,6,Kerala,Kochi,1884,353,265,23,106,2631
2025,June,6,Kerala,Kozhikode,2232,418,313,27,125,3115
2025,June,6,Kerala,Thrissur,2052,384,288,25,115,2864
2025,June,6,Kerala,Kollam,1769,331,248,22,99,2469
2025,June,6,Rajasthan,Jaipur,2387,447,335,29,134,3332
2025,June,6,Rajasthan,Jodhpur,2506,470,352,31,141,3500
2025,June,6,Rajasthan,Udaipur,2540,476,357,31,142,3546
2025,June,6,Rajasthan,Kota,2470,463,347,30,138,3448
2025,June,6,Rajasthan,Ajmer,1976,370,278,24,111,2759
2025,June,6,West Bengal,Kolkata,2092,392,294,26,117,2921
2025,June,6,West Bengal,Howrah,2063,386,290,25,116,2880
2025,June,6,West Bengal,Siliguri,2110,395,296,26,118,2945
2025,June,6,West Bengal,Durgapur,2526,473,355,31,142,3527
2025,June,6,West Bengal,Asansol,1991,373,280,24,112,2780
2025,June,6,Andhra Pradesh,Visakhapatnam,1870,350,263,23,105,2611
2025,June,6,Andhra Pradesh,Vijayawada,2407,451,338,30,135,3361
2025,June,6,Andhra Pradesh,Guntur,2301,431,323,28,129,3212
2025,June,6,Andhra Pradesh,Tirupati,1915,359,269,23,107,2673
2025,June,6,Andhra Pradesh,Kurnool,2001,375,281,25,112,2794
2025,June,6,Madhya Pradesh,Bhopal,2458,460,345,30,138,3431
2025,June,6,Madhya Pradesh,Indore,2351,440,330,29,132,3282
2025,June,6,Madhya Pradesh,Jabalpur,2017,378,283,25,113,2816
2025,June,6,Madhya Pradesh,Gwalior,2546,477,358,31,143,3555
2025,June,6,Madhya Pradesh,Ujjain,2592,486,364,32,145,3619
2025,June,6,Punjab,Ludhiana,2494,467,350,31,140,3482
2025,June,6,Punjab,Amritsar,2309,433,324,28,129,3223
2025,June,6,Punjab,Jalandhar,1902,356,267,23,106,2654
2025,June,6,Punjab,Patiala,2019,378,283,25,113,2818
2025,June,6,Punjab,Bathinda,2397,449,337,29,134,3346
2025,June,6,Bihar,Patna,1944,364,273,24,109,2714
2025,June,6,Bihar,Gaya,2426,455,341,30,136,3388
2025,June,6,Bihar,Muzaffarpur,2125,398,298,26,119,2966
2025,June,6,Bihar,Bhagalpur,2334,437,328,29,131,3259
2025,June,6,Bihar,Purnia,1882,352,264,23,105,2626
2025,June,6,Odisha,Bhubaneswar,2584,484,363,32,145,3608
2025,June,6,Odisha,Cuttack,2015,377,283,25,113,2813
2025,June,6,Odisha,Rourkela,1879,352,264,23,105,2623
2025,June,6,Odisha,Sambalpur,2383,446,335,29,134,3327
2025,June,6,Odisha,Berhampur,1733,325,243,21,97,2419
2025,June,6,Assam,Guwahati,2078,389,292,25,116,2900
2025,June,6,Assam,Silchar,2045,383,287,25,115,2855
2025,June,6,Assam,Dibrugarh,1888,354,265,23,106,2636
2025,June,6,Assam,Jorhat,1981,371,278,24,111,2765
2025,June,6,Assam,Nagaon,2300,431,323,28,129,3211
2025,July,7,Maharashtra,Mumbai,4172,782,586,52,234,5826
2025,July,7,Maharashtra,Pune,4334,812,609,54,243,6052
2025,July,7,Maharashtra,Nagpur,3857,723,542,48,216,5386
2025,July,7,Maharashtra,Nashik,4381,821,616,54,246,6118
2025,July,7,Maharashtra,Aurangabad,4491,842,631,56,252,6272
2025,July,7,Karnataka,Bengaluru,4265,799,599,53,239,5955
2025,July,7,Karnataka,Mysuru,3182,596,447,39,178,4442
2025,July,7,Karnataka,Hubballi,4267,800,600,53,240,5960
2025,July,7,Karnataka,Mangaluru,3768,706,529,47,211,5261
2025,July,7,Karnataka,Belagavi,4279,802,601,53,240,5975
2025,July,7,Tamil Nadu,Chennai,4430,830,622,55,249,6186
2025,July,7,Tamil Nadu,Coimbatore,3334,625,468,41,187,4655
2025,July,7,Tamil Nadu,Madurai,4134,775,581,51,232,5773
2025,July,7,Tamil Nadu,Salem,4078,764,573,50,229,5694
2025,July,7,Tamil Nadu,Tiruchirappalli,4003,750,563,50,225,5591
2025,July,7,Telangana,Hyderabad,2179,408,306,27,122,3042
2025,July,7,Telangana,Warangal,2277,427,320,28,128,3180
2025,July,7,Telangana,Karimnagar,2334,437,328,29,131,3259
2025,July,7,Telangana,Nizamabad,2552,478,358,31,143,3562
2025,July,7,Telangana,Khammam,2108,395,296,26,118,2943
2025,July,7,Gujarat,Ahmedabad,1772,332,249,22,99,2474
2025,July,7,Gujarat,Surat,1914,358,269,23,107,2671
2025,July,7,Gujarat,Vadodara,2401,450,337,30,135,3353
2025,July,7,Gujarat,Rajkot,1985,372,279,24,111,2771
2025,July,7,Gujarat,Bhavnagar,2260,423,317,28,127,3155
2025,July,7,Uttar Pradesh,Lucknow,4065,762,571,50,228,5676
2025,July,7,Uttar Pradesh,Kanpur,3220,603,452,40,181,4496
2025,July,7,Uttar Pradesh,Agra,3588,672,504,44,201,5009
2025,July,7,Uttar Pradesh,Varanasi,4518,847,635,56,254,6310
2025,July,7,Uttar Pradesh,Prayagraj,3579,671,503,44,201,4998
2025,July,7,Kerala,Thiruvananthapuram,1738,326,244,21,97,2426
2025,July,7,Kerala,Kochi,2366,443,332,29,133,3303
2025,July,7,Kerala,Kozhikode,2146,402,301,26,120,2995
2025,July,7,Kerala,Thrissur,2031,380,285,25,114,2835
2025,July,7,Kerala,Kollam,2002,375,281,25,112,2795
2025,July,7,Rajasthan,Jaipur,2482,465,349,31,139,3466
2025,July,7,Rajasthan,Jodhpur,1922,360,270,24,108,2684
2025,July,7,Rajasthan,Udaipur,2088,391,293,26,117,2915
2025,July,7,Rajasthan,Kota,2164,405,304,27,121,3021
2025,July,7,Rajasthan,Ajmer,2366,443,332,29,133,3303
2025,July,7,West Bengal,Kolkata,1853,347,260,23,104,2587
2025,July,7,West Bengal,Howrah,2354,441,331,29,132,3287
2025,July,7,West Bengal,Siliguri,2098,393,295,26,118,2930
2025,July,7,West Bengal,Durgapur,1802,337,253,22,101,2515
2025,July,7,West Bengal,Asansol,1804,338,253,22,101,2518
2025,July,7,Andhra Pradesh,Visakhapatnam,2428,455,341,30,136,3390
2025,July,7,Andhra Pradesh,Vijayawada,1895,355,266,23,106,2645
2025,July,7,Andhra Pradesh,Guntur,2392,448,336,29,134,3339
2025,July,7,Andhra Pradesh,Tirupati,2593,486,364,32,145,3620
2025,July,7,Andhra Pradesh,Kurnool,2563,480,360,32,144,3579
2025,July,7,Madhya Pradesh,Bhopal,1795,336,252,22,101,2506
2025,July,7,Madhya Pradesh,Indore,2152,403,302,26,121,3004
2025,July,7,Madhya Pradesh,Jabalpur,2329,436,327,29,131,3252
2025,July,7,Madhya Pradesh,Gwalior,2039,382,286,25,114,2846
2025,July,7,Madhya Pradesh,Ujjain,2519,472,354,31,141,3517
2025,July,7,Punjab,Ludhiana,2539,476,357,31,142,3545
2025,July,7,Punjab,Amritsar,2312,433,325,28,130,3228
2025,July,7,Punjab,Jalandhar,1862,349,261,23,104,2599
2025,July,7,Punjab,Patiala,1982,371,278,24,111,2766
2025,July,7,Punjab,Bathinda,1784,334,250,22,100,2490
2025,July,7,Bihar,Patna,2052,384,288,25,115,2864
2025,July,7,Bihar,Gaya,1747,327,245,21,98,2438
2025,July,7,Bihar,Muzaffarpur,2579,483,362,32,145,3601
2025,July,7,Bihar,Bhagalpur,1896,355,266,23,106,2646
2025,July,7,Bihar,Purnia,2007,376,282,25,112,2802
2025,July,7,Odisha,Bhubaneswar,2363,443,332,29,132,3299
2025,July,7,Odisha,Cuttack,1822,341,256,22,102,2543
2025,July,7,Odisha,Rourkela,2093,392,294,26,117,2922
2025,July,7,Odisha,Sambalpur,2585,484,363,32,145,3609
2025,July,7,Odisha,Berhampur,1959,367,275,24,110,2735
2025,July,7,Assam,Guwahati,1755,329,246,21,98,2449
2025,July,7,Assam,Silchar,2098,393,295,26,118,2930
2025,July,7,Assam,Dibrugarh,1751,328,246,21,98,2444
2025,July,7,Assam,Jorhat,2353,441,330,29,132,3285
2025,July,7,Assam,Nagaon,1971,369,277,24,110,2751
2025,August,8,Maharashtra,Mumbai,3825,717,537,47,215,5341
2025,August,8,Maharashtra,Pune,3636,681,511,45,204,5077
2025,August,8,Maharashtra,Nagpur,4118,772,579,51,231,5751
2025,August,8,Maharashtra,Nashik,3272,613,460,40,184,4569
2025,August,8,Maharashtra,Aurangabad,3496,655,491,43,196,4881
2025,August,8,Karnataka,Bengaluru,3670,688,516,45,206,5125
2025,August,8,Karnataka,Mysuru,3243,608,456,40,182,4529
2025,August,8,Karnataka,Hubballi,3910,733,549,48,219,5459
2025,August,8,Karnataka,Mangaluru,3344,627,470,41,188,4670
2025,August,8,Karnataka,Belagavi,4414,827,620,55,248,6164
2025,August,8,Tamil Nadu,Chennai,3884,728,546,48,218,5424
2025,August,8,Tamil Nadu,Coimbatore,3969,744,558,49,223,5543
2025,August,8,Tamil Nadu,Madurai,3249,609,456,40,182,4536
2025,August,8,Tamil Nadu,Salem,4466,837,628,55,251,6237
2025,August,8,Tamil Nadu,Tiruchirappalli,3267,612,459,40,183,4561
2025,August,8,Telangana,Hyderabad,2468,462,347,30,138,3445
2025,August,8,Telangana,Warangal,2165,406,304,27,121,3023
2025,August,8,Telangana,Karimnagar,1973,370,277,24,111,2755
2025,August,8,Telangana,Nizamabad,2458,460,345,30,138,3431
2025,August,8,Telangana,Khammam,1856,348,261,23,104,2592
2025,August,8,Gujarat,Ahmedabad,2002,375,281,25,112,2795
2025,August,8,Gujarat,Surat,2306,432,324,28,129,3219
2025,August,8,Gujarat,Vadodara,1892,354,266,23,106,2641
2025,August,8,Gujarat,Rajkot,2325,436,327,29,130,3247
2025,August,8,Gujarat,Bhavnagar,2121,397,298,26,119,2961
2025,August,8,Uttar Pradesh,Lucknow,3268,612,459,40,183,4562
2025,August,8,Uttar Pradesh,Kanpur,4220,791,593,52,237,5893
2025,August,8,Uttar Pradesh,Agra,3241,607,455,40,182,4525
2025,August,8,Uttar Pradesh,Varanasi,3795,711,533,47,213,5299
2025,August,8,Uttar Pradesh,Prayagraj,4059,761,570,50,228,5668
2025,August,8,Kerala,Thiruvananthapuram,2052,384,288,25,115,2864
2025,August,8,Kerala,Kochi,2230,418,313,27,125,3113
2025,August,8,Kerala,Kozhikode,2207,413,310,27,124,3081
2025,August,8,Kerala,Thrissur,2233,418,314,27,125,3117
2025,August,8,Kerala,Kollam,1975,370,277,24,111,2757
2025,August,8,Rajasthan,Jaipur,2285,428,321,28,128,3190
2025,August,8,Rajasthan,Jodhpur,2074,388,291,25,116,2894
2025,August,8,Rajasthan,Udaipur,2558,479,359,31,143,3570
2025,August,8,Rajasthan,Kota,1842,345,259,23,103,2572
2025,August,8,Rajasthan,Ajmer,2254,422,317,28,126,3147
2025,August,8,West Bengal,Kolkata,2467,462,346,30,138,3443
2025,August,8,West Bengal,Howrah,1918,359,269,23,107,2676
2025,August,8,West Bengal,Siliguri,1838,344,258,22,103,2565
2025,August,8,West Bengal,Durgapur,2053,385,288,25,115,2866
2025,August,8,West Bengal,Asansol,2553,478,359,31,143,3564
2025,August,8,Andhra Pradesh,Visakhapatnam,1942,364,273,24,109,2712
2025,August,8,Andhra Pradesh,Vijayawada,2416,453,339,30,135,3373
2025,August,8,Andhra Pradesh,Guntur,2336,438,328,29,131,3262
2025,August,8,Andhra Pradesh,Tirupati,2010,376,282,25,113,2806
2025,August,8,Andhra Pradesh,Kurnool,2234,418,314,27,125,3118
2025,August,8,Madhya Pradesh,Bhopal,2033,381,285,25,114,2838
2025,August,8,Madhya Pradesh,Indore,2477,464,348,30,139,3458
2025,August,8,Madhya Pradesh,Jabalpur,2081,390,292,26,117,2906
2025,August,8,Madhya Pradesh,Gwalior,2362,442,332,29,132,3297
2025,August,8,Madhya Pradesh,Ujjain,2460,461,346,30,138,3435
2025,August,8,Punjab,Ludhiana,2008,376,282,25,112,2803
2025,August,8,Punjab,Amritsar,2295,430,322,28,129,3204
2025,August,8,Punjab,Jalandhar,1740,326,244,21,97,2428
2025,August,8,Punjab,Patiala,2211,414,310,27,124,3086
2025,August,8,Punjab,Bathinda,2518,472,354,31,141,3516
2025,August,8,Bihar,Patna,2049,384,288,25,115,2861
2025,August,8,Bihar,Gaya,1972,369,277,24,110,2752
2025,August,8,Bihar,Muzaffarpur,1905,357,268,23,107,2660
2025,August,8,Bihar,Bhagalpur,1964,368,276,24,110,2742
2025,August,8,Bihar,Purnia,2571,482,361,32,144,3590
2025,August,8,Odisha,Bhubaneswar,2564,480,360,32,144,3580
2025,August,8,Odisha,Cuttack,2381,446,334,29,133,3323
2025,August,8,Odisha,Rourkela,1779,333,250,22,100,2484
2025,August,8,Odisha,Sambalpur,2363,443,332,29,132,3299
2025,August,8,Odisha,Berhampur,2044,383,287,25,114,2853
2025,August,8,Assam,Guwahati,2567,481,361,32,144,3585
2025,August,8,Assam,Silchar,2072,388,291,25,116,2892
2025,August,8,Assam,Dibrugarh,2008,376,282,25,112,2803
2025,August,8,Assam,Jorhat,1941,363,272,24,109,2709
2025,August,8,Assam,Nagaon,2284,428,321,28,128,3189
2025,September,9,Maharashtra,Mumbai,3538,663,497,44,199,4941
2025,September,9,Maharashtra,Pune,3961,742,557,49,222,5531
2025,September,9,Maharashtra,Nagpur,3830,718,538,47,215,5348
2025,September,9,Maharashtra,Nashik,4283,803,602,53,240,5981
2025,September,9,Maharashtra,Aurangabad,4224,792,594,52,237,5899
2025,September,9,Karnataka,Bengaluru,4504,844,633,56,253,6290
2025,September,9,Karnataka,Mysuru,3628,680,510,45,204,5067
2025,September,9,Karnataka,Hubballi,3542,664,498,44,199,4947
2025,September,9,Karnataka,Mangaluru,3404,638,478,42,191,4753
2025,September,9,Karnataka,Belagavi,4295,805,604,53,241,5998
2025,September,9,Tamil Nadu,Chennai,3102,581,436,38,174,4331
2025,September,9,Tamil Nadu,Coimbatore,3092,579,434,38,173,4316
2025,September,9,Tamil Nadu,Madurai,4478,839,629,55,251,6252
2025,September,9,Tamil Nadu,Salem,3663,686,515,45,206,5115
2025,September,9,Tamil Nadu,Tiruchirappalli,4028,755,566,50,226,5625
2025,September,9,Telangana,Hyderabad,2373,444,333,29,133,3312
2025,September,9,Telangana,Warangal,1918,359,269,23,107,2676
2025,September,9,Telangana,Karimnagar,2304,432,324,28,129,3217
2025,September,9,Telangana,Nizamabad,2103,394,295,26,118,2936
2025,September,9,Telangana,Khammam,2485,466,349,31,139,3470
2025,September,9,Gujarat,Ahmedabad,2319,434,326,28,130,3237
2025,September,9,Gujarat,Surat,2167,406,304,27,121,3025
2025,September,9,Gujarat,Vadodara,2143,401,301,26,120,2991
2025,September,9,Gujarat,Rajkot,1905,357,267,23,107,2659
2025,September,9,Gujarat,Bhavnagar,1810,339,254,22,101,2526
2025,September,9,Uttar Pradesh,Lucknow,3407,638,479,42,191,4757
2025,September,9,Uttar Pradesh,Kanpur,4112,771,578,51,231,5743
2025,September,9,Uttar Pradesh,Agra,3996,749,562,49,224,5580
2025,September,9,Uttar Pradesh,Varanasi,4228,792,594,52,237,5903
2025,September,9,Uttar Pradesh,Prayagraj,3500,656,492,43,196,4887
2025,September,9,Kerala,Thiruvananthapuram,2492,467,350,31,140,3480
2025,September,9,Kerala,Kochi,2562,480,360,32,144,3578
2025,September,9,Kerala,Kozhikode,1757,329,247,21,98,2452
2025,September,9,Kerala,Thrissur,1846,346,259,23,103,2577
2025,September,9,Kerala,Kollam,2503,469,352,31,140,3495
2025,September,9,Rajasthan,Jaipur,1953,366,274,24,109,2726
2025,September,9,Rajasthan,Jodhpur,1942,364,273,24,109,2712
2025,September,9,Rajasthan,Udaipur,1893,354,266,23,106,2642
2025,September,9,Rajasthan,Kota,2234,418,314,27,125,3118
2025,September,9,Rajasthan,Ajmer,2404,450,338,30,135,3357
2025,September,9,West Bengal,Kolkata,1968,369,276,24,110,2747
2025,September,9,West Bengal,Howrah,2095,392,294,26,117,2924
2025,September,9,West Bengal,Siliguri,2340,438,329,29,131,3267
2025,September,9,West Bengal,Durgapur,1740,326,244,21,97,2428
2025,September,9,West Bengal,Asansol,2231,418,313,27,125,3114
2025,September,9,Andhra Pradesh,Visakhapatnam,2142,401,301,26,120,2990
2025,September,9,Andhra Pradesh,Vijayawada,2046,383,287,25,115,2856
2025,September,9,Andhra Pradesh,Guntur,2211,414,311,27,124,3087
2025,September,9,Andhra Pradesh,Tirupati,1934,362,271,24,108,2699
2025,September,9,Andhra Pradesh,Kurnool,1983,371,278,24,111,2767
2025,September,9,Madhya Pradesh,Bhopal,2057,385,289,25,115,2871
2025,September,9,Madhya Pradesh,Indore,2365,443,332,29,133,3302
2025,September,9,Madhya Pradesh,Jabalpur,2104,394,295,26,118,2937
2025,September,9,Madhya Pradesh,Gwalior,1919,359,269,23,107,2677
2025,September,9,Madhya Pradesh,Ujjain,2274,426,319,28,127,3174
2025,September,9,Punjab,Ludhiana,1965,368,276,24,110,2743
2025,September,9,Punjab,Amritsar,2227,417,313,27,125,3109
2025,September,9,Punjab,Jalandhar,1881,352,264,23,105,2625
2025,September,9,Punjab,Patiala,2047,383,287,25,115,2857
2025,September,9,Punjab,Bathinda,2119,397,298,26,119,2959
2025,September,9,Bihar,Patna,1995,374,280,24,112,2785
2025,September,9,Bihar,Gaya,2311,433,325,28,130,3227
2025,September,9,Bihar,Muzaffarpur,2279,427,320,28,128,3182
2025,September,9,Bihar,Bhagalpur,2224,417,312,27,125,3105
2025,September,9,Bihar,Purnia,2349,440,330,29,132,3280
2025,September,9,Odisha,Bhubaneswar,2314,434,325,28,130,3231
2025,September,9,Odisha,Cuttack,2249,421,316,28,126,3140
2025,September,9,Odisha,Rourkela,2373,445,333,29,133,3313
2025,September,9,Odisha,Sambalpur,2484,465,349,31,139,3468
2025,September,9,Odisha,Berhampur,2585,484,363,32,145,3609
2025,September,9,Assam,Guwahati,1794,336,252,22,100,2504
2025,September,9,Assam,Silchar,1737,325,244,21,97,2424
2025,September,9,Assam,Dibrugarh,2505,469,352,31,140,3497
2025,September,9,Assam,Jorhat,1750,328,246,21,98,2443
2025,September,9,Assam,Nagaon,2442,458,343,30,137,3410
2025,October,10,Maharashtra,Mumbai,3852,722,541,48,216,5379
2025,October,10,Maharashtra,Pune,5244,983,737,65,295,7324
2025,October,10,Maharashtra,Nagpur,4918,922,691,61,276,6868
2025,October,10,Maharashtra,Nashik,3923,735,551,49,220,5478
2025,October,10,Maharashtra,Aurangabad,4249,796,597,53,239,5934
2025,October,10,Karnataka,Bengaluru,4399,824,618,54,247,6142
2025,October,10,Karnataka,Mysuru,5416,1015,761,67,304,7563
2025,October,10,Karnataka,Hubballi,5307,995,746,66,298,7412
2025,October,10,Karnataka,Mangaluru,5002,937,703,62,281,6985
2025,October,10,Karnataka,Belagavi,3693,692,519,46,207,5157
2025,October,10,Tamil Nadu,Chennai,4026,754,566,50,226,5622
2025,October,10,Tamil Nadu,Coimbatore,4208,789,591,52,236,5876
2025,October,10,Tamil Nadu,Madurai,5183,971,728,64,291,7237
2025,October,10,Tamil Nadu,Salem,5290,991,743,66,297,7387
2025,October,10,Tamil Nadu,Tiruchirappalli,5094,955,716,63,286,7114
2025,October,10,Telangana,Hyderabad,2458,460,345,30,138,3431
2025,October,10,Telangana,Warangal,2612,489,367,32,146,3646
2025,October,10,Telangana,Karimnagar,2360,442,331,29,132,3294
2025,October,10,Telangana,Nizamabad,2698,505,379,33,151,3766
2025,October,10,Telangana,Khammam,2210,414,310,27,124,3085
2025,October,10,Gujarat,Ahmedabad,2386,447,335,29,134,3331
2025,October,10,Gujarat,Surat,2515,471,353,31,141,3511
2025,October,10,Gujarat,Vadodara,2736,513,384,34,153,3820
2025,October,10,Gujarat,Rajkot,2565,481,360,32,144,3582
2025,October,10,Gujarat,Bhavnagar,2283,428,321,28,128,3188
2025,October,10,Uttar Pradesh,Lucknow,3843,720,540,48,216,5367
2025,October,10,Uttar Pradesh,Kanpur,5190,973,729,64,291,7247
2025,October,10,Uttar Pradesh,Agra,5464,1024,768,68,307,7631
2025,October,10,Uttar Pradesh,Varanasi,5132,962,721,64,288,7167
2025,October,10,Uttar Pradesh,Prayagraj,4522,847,635,56,254,6314
2025,October,10,Kerala,Thiruvananthapuram,2784,522,391,34,156,3887
2025,October,10,Kerala,Kochi,2972,557,418,37,167,4151
2025,October,10,Kerala,Kozhikode,2594,486,364,32,145,3621
2025,October,10,Kerala,Thrissur,2916,546,410,36,164,4072
2025,October,10,Kerala,Kollam,3063,574,430,38,172,4277
2025,October,10,Rajasthan,Jaipur,2573,482,361,32,144,3592
2025,October,10,Rajasthan,Jodhpur,2756,516,387,34,155,3848
2025,October,10,Rajasthan,Udaipur,2124,398,298,26,119,2965
2025,October,10,Rajasthan,Kota,2901,543,407,36,163,4050
2025,October,10,Rajasthan,Ajmer,2439,457,343,30,137,3406
2025,October,10,West Bengal,Kolkata,2132,399,299,26,119,2975
2025,October,10,West Bengal,Howrah,2096,393,294,26,117,2926
2025,October,10,West Bengal,Siliguri,2500,468,351,31,140,3490
2025,October,10,West Bengal,Durgapur,2536,475,356,31,142,3540
2025,October,10,West Bengal,Asansol,2863,536,402,35,161,3997
2025,October,10,Andhra Pradesh,Visakhapatnam,2645,495,371,33,148,3692
2025,October,10,Andhra Pradesh,Vijayawada,2750,515,386,34,154,3839
2025,October,10,Andhra Pradesh,Guntur,2287,428,321,28,128,3192
2025,October,10,Andhra Pradesh,Tirupati,2628,492,369,32,147,3668
2025,October,10,Andhra Pradesh,Kurnool,2484,465,349,31,139,3468
2025,October,10,Madhya Pradesh,Bhopal,2742,514,385,34,154,3829
2025,October,10,Madhya Pradesh,Indore,3067,575,431,38,172,4283
2025,October,10,Madhya Pradesh,Jabalpur,2263,424,318,28,127,3160
2025,October,10,Madhya Pradesh,Gwalior,2306,432,324,28,129,3219
2025,October,10,Madhya Pradesh,Ujjain,2881,540,405,36,162,4024
2025,October,10,Punjab,Ludhiana,2751,515,386,34,154,3840
2025,October,10,Punjab,Amritsar,2642,495,371,33,148,3689
2025,October,10,Punjab,Jalandhar,3002,562,422,37,168,4191
2025,October,10,Punjab,Patiala,2947,552,414,36,165,4114
2025,October,10,Punjab,Bathinda,3045,571,428,38,171,4253
2025,October,10,Bihar,Patna,2250,421,316,28,126,3141
2025,October,10,Bihar,Gaya,2407,451,338,30,135,3361
2025,October,10,Bihar,Muzaffarpur,2732,512,384,34,153,3815
2025,October,10,Bihar,Bhagalpur,2392,448,336,29,134,3339
2025,October,10,Bihar,Purnia,2439,457,343,30,137,3406
2025,October,10,Odisha,Bhubaneswar,2484,465,349,31,139,3468
2025,October,10,Odisha,Cuttack,2172,407,305,27,122,3033
2025,October,10,Odisha,Rourkela,2368,444,333,29,133,3307
2025,October,10,Odisha,Sambalpur,2336,438,328,29,131,3262
2025,October,10,Odisha,Berhampur,3058,573,430,38,172,4271
2025,October,10,Assam,Guwahati,2262,424,318,28,127,3159
2025,October,10,Assam,Silchar,2492,467,350,31,140,3480
2025,October,10,Assam,Dibrugarh,2786,522,391,34,156,3889
2025,October,10,Assam,Jorhat,2425,454,341,30,136,3386
2025,October,10,Assam,Nagaon,2849,534,400,35,160,3978
2025,November,11,Maharashtra,Mumbai,4879,914,686,60,274,6813
2025,November,11,Maharashtra,Pune,4541,851,638,56,255,6341
2025,November,11,Maharashtra,Nagpur,3826,717,538,47,215,5343
2025,November,11,Maharashtra,Nashik,4982,934,700,62,280,6958
2025,November,11,Maharashtra,Aurangabad,3694,692,519,46,207,5158
2025,November,11,Karnataka,Bengaluru,4064,762,571,50,228,5675
2025,November,11,Karnataka,Mysuru,5494,1030,772,68,309,7673
2025,November,11,Karnataka,Hubballi,4328,811,608,54,243,6044
2025,November,11,Karnataka,Mangaluru,3968,744,558,49,223,5542
2025,November,11,Karnataka,Belagavi,4247,796,597,53,238,5931
2025,November,11,Tamil Nadu,Chennai,5116,959,719,63,287,7144
2025,November,11,Tamil Nadu,Coimbatore,3878,727,545,48,218,5416
2025,November,11,Tamil Nadu,Madurai,4592,861,645,57,258,6413
2025,November,11,Tamil Nadu,Salem,3776,708,531,47,212,5274
2025,November,11,Tamil Nadu,Tiruchirappalli,4918,922,691,61,276,6868
2025,November,11,Telangana,Hyderabad,2722,510,382,34,153,3801
2025,November,11,Telangana,Warangal,2972,557,417,37,167,4150
2025,November,11,Telangana,Karimnagar,2793,523,392,34,157,3899
2025,November,11,Telangana,Nizamabad,2249,421,316,28,126,3140
2025,November,11,Telangana,Khammam,2738,513,385,34,154,3824
2025,November,11,Gujarat,Ahmedabad,2658,498,373,33,149,3711
2025,November,11,Gujarat,Surat,2710,508,381,33,152,3784
2025,November,11,Gujarat,Vadodara,3043,570,427,38,171,4249
2025,November,11,Gujarat,Rajkot,2690,504,378,33,151,3756
2025,November,11,Gujarat,Bhavnagar,2402,450,337,30,135,3354
2025,November,11,Uttar Pradesh,Lucknow,3676,689,517,45,206,5133
2025,November,11,Uttar Pradesh,Kanpur,3728,699,524,46,209,5206
2025,November,11,Uttar Pradesh,Agra,4401,825,619,55,247,6147
2025,November,11,Uttar Pradesh,Varanasi,4022,754,565,50,226,5617
2025,November,11,Uttar Pradesh,Prayagraj,4456,835,626,55,250,6222
2025,November,11,Kerala,Thiruvananthapuram,2289,429,321,28,128,3195
2025,November,11,Kerala,Kochi,2684,503,377,33,150,3747
2025,November,11,Kerala,Kozhikode,2590,485,364,32,145,3616
2025,November,11,Kerala,Thrissur,2116,396,297,26,119,2954
2025,November,11,Kerala,Kollam,2162,405,304,27,121,3019
2025,November,11,Rajasthan,Jaipur,2647,496,372,33,148,3696
2025,November,11,Rajasthan,Jodhpur,2422,454,340,30,136,3382
2025,November,11,Rajasthan,Udaipur,2235,419,314,27,125,3120
2025,November,11,Rajasthan,Kota,2460,461,346,30,138,3435
2025,November,11,Rajasthan,Ajmer,2210,414,310,27,124,3085
2025,November,11,West Bengal,Kolkata,2347,440,330,29,132,3278
2025,November,11,West Bengal,Howrah,2648,496,372,33,149,3698
2025,November,11,West Bengal,Siliguri,3077,576,432,38,173,4296
2025,November,11,West Bengal,Durgapur,2110,395,296,26,118,2945
2025,November,11,West Bengal,Asansol,2775,520,390,34,156,3875
2025,November,11,Andhra Pradesh,Visakhapatnam,2892,542,406,36,162,4038
2025,November,11,Andhra Pradesh,Vijayawada,2708,507,380,33,152,3780
2025,November,11,Andhra Pradesh,Guntur,2381,446,334,29,133,3323
2025,November,11,Andhra Pradesh,Tirupati,2752,516,387,34,154,3843
2025,November,11,Andhra Pradesh,Kurnool,2082,390,292,26,117,2907
2025,November,11,Madhya Pradesh,Bhopal,2405,451,338,30,135,3359
2025,November,11,Madhya Pradesh,Indore,2320,435,326,29,130,3240
2025,November,11,Madhya Pradesh,Jabalpur,2919,547,410,36,164,4076
2025,November,11,Madhya Pradesh,Gwalior,2476,464,348,30,139,3457
2025,November,11,Madhya Pradesh,Ujjain,2487,466,349,31,139,3472
2025,November,11,Punjab,Ludhiana,2148,402,302,26,120,2998
2025,November,11,Punjab,Amritsar,2167,406,304,27,121,3025
2025,November,11,Punjab,Jalandhar,3093,579,434,38,173,4317
2025,November,11,Punjab,Patiala,2395,449,336,29,134,3343
2025,November,11,Punjab,Bathinda,2120,397,298,26,119,2960
2025,November,11,Bihar,Patna,2140,401,301,26,120,2988
2025,November,11,Bihar,Gaya,2731,512,384,34,153,3814
2025,November,11,Bihar,Muzaffarpur,2368,444,333,29,133,3307
2025,November,11,Bihar,Bhagalpur,2245,421,315,28,126,3135
2025,November,11,Bihar,Purnia,2559,479,359,31,143,3571
2025,November,11,Odisha,Bhubaneswar,3081,577,433,38,173,4302
2025,November,11,Odisha,Cuttack,2534,475,356,31,142,3538
2025,November,11,Odisha,Rourkela,2119,397,298,26,119,2959
2025,November,11,Odisha,Sambalpur,2737,513,384,34,153,3821
2025,November,11,Odisha,Berhampur,2292,429,322,28,128,3199
2025,November,11,Assam,Guwahati,2956,554,415,36,166,4127
2025,November,11,Assam,Silchar,2825,529,397,35,158,3944
2025,November,11,Assam,Dibrugarh,2159,404,303,26,121,3013
2025,November,11,Assam,Jorhat,3026,567,425,37,170,4225
2025,November,11,Assam,Nagaon,2687,503,377,33,151,3751
2025,December,12,Maharashtra,Mumbai,4859,911,683,60,273,6786
2025,December,12,Maharashtra,Pune,3863,724,543,48,217,5395
2025,December,12,Maharashtra,Nagpur,5303,994,745,66,298,7406
2025,December,12,Maharashtra,Nashik,4143,776,582,51,233,5785
2025,December,12,Maharashtra,Aurangabad,4302,806,605,53,242,6008
2025,December,12,Karnataka,Bengaluru,4415,827,620,55,248,6165
2025,December,12,Karnataka,Mysuru,3690,692,519,46,207,5154
2025,December,12,Karnataka,Hubballi,4231,793,595,52,238,5909
2025,December,12,Karnataka,Mangaluru,3965,743,557,49,223,5537
2025,December,12,Karnataka,Belagavi,4777,895,671,59,268,6670
2025,December,12,Tamil Nadu,Chennai,4175,782,587,52,234,5830
2025,December,12,Tamil Nadu,Coimbatore,4089,766,575,51,230,5711
2025,December,12,Tamil Nadu,Madurai,4582,859,644,57,257,6399
2025,December,12,Tamil Nadu,Salem,5178,971,728,64,291,7232
2025,December,12,Tamil Nadu,Tiruchirappalli,3881,727,545,48,218,5419
2025,December,12,Telangana,Hyderabad,2379,446,334,29,133,3321
2025,December,12,Telangana,Warangal,2937,550,413,36,165,4101
2025,December,12,Telangana,Karimnagar,2729,511,383,34,153,3810
2025,December,12,Telangana,Nizamabad,2679,502,376,33,150,3740
2025,December,12,Telangana,Khammam,2354,441,331,29,132,3287
2025,December,12,Gujarat,Ahmedabad,3050,571,428,38,171,4258
2025,December,12,Gujarat,Surat,2988,560,420,37,168,4173
2025,December,12,Gujarat,Vadodara,2110,395,296,26,118,2945
2025,December,12,Gujarat,Rajkot,2752,516,387,34,154,3843
2025,December,12,Gujarat,Bhavnagar,2204,413,310,27,124,3078
2025,December,12,Uttar Pradesh,Lucknow,5334,1000,750,66,300,7450
2025,December,12,Uttar Pradesh,Kanpur,4341,814,610,54,244,6063
2025,December,12,Uttar Pradesh,Agra,4311,808,606,53,242,6020
2025,December,12,Uttar Pradesh,Varanasi,3988,747,560,49,224,5568
2025,December,12,Uttar Pradesh,Prayagraj,4172,782,586,52,234,5826
2025,December,12,Kerala,Thiruvananthapuram,2746,514,386,34,154,3834
2025,December,12,Kerala,Kochi,2603,488,366,32,146,3635
2025,December,12,Kerala,Kozhikode,2427,455,341,30,136,3389
2025,December,12,Kerala,Thrissur,2955,554,415,36,166,4126
2025,December,12,Kerala,Kollam,2265,424,318,28,127,3162
2025,December,12,Rajasthan,Jaipur,2367,443,332,29,133,3304
2025,December,12,Rajasthan,Jodhpur,2238,419,314,27,125,3123
2025,December,12,Rajasthan,Udaipur,2195,411,308,27,123,3064
2025,December,12,Rajasthan,Kota,3069,575,431,38,172,4285
2025,December,12,Rajasthan,Ajmer,2815,527,395,35,158,3930
2025,December,12,West Bengal,Kolkata,2594,486,364,32,145,3621
2025,December,12,West Bengal,Howrah,2969,556,417,37,167,4146
2025,December,12,West Bengal,Siliguri,2513,471,353,31,141,3509
2025,December,12,West Bengal,Durgapur,2261,424,318,28,127,3158
2025,December,12,West Bengal,Asansol,2975,557,418,37,167,4154
2025,December,12,Andhra Pradesh,Visakhapatnam,2455,460,345,30,138,3428
2025,December,12,Andhra Pradesh,Vijayawada,2838,532,399,35,159,3963
2025,December,12,Andhra Pradesh,Guntur,2306,432,324,28,129,3219
2025,December,12,Andhra Pradesh,Tirupati,2895,542,407,36,162,4042
2025,December,12,Andhra Pradesh,Kurnool,2514,471,353,31,141,3510
2025,December,12,Madhya Pradesh,Bhopal,2609,489,366,32,146,3642
2025,December,12,Madhya Pradesh,Indore,3096,580,435,38,174,4323
2025,December,12,Madhya Pradesh,Jabalpur,2156,404,303,26,121,3010
2025,December,12,Madhya Pradesh,Gwalior,2692,504,378,33,151,3758
2025,December,12,Madhya Pradesh,Ujjain,2726,511,383,34,153,3807
2025,December,12,Punjab,Ludhiana,2595,486,365,32,146,3624
2025,December,12,Punjab,Amritsar,3021,566,424,37,169,4217
2025,December,12,Punjab,Jalandhar,2233,418,314,27,125,3117
2025,December,12,Punjab,Patiala,2102,394,295,26,118,2935
2025,December,12,Punjab,Bathinda,2850,534,400,35,160,3979
2025,December,12,Bihar,Patna,2916,546,410,36,164,4072
2025,December,12,Bihar,Gaya,2203,413,309,27,123,3075
2025,December,12,Bihar,Muzaffarpur,3034,568,426,37,170,4235
2025,December,12,Bihar,Bhagalpur,2153,403,302,26,121,3005
2025,December,12,Bihar,Purnia,2238,419,314,27,125,3123
2025,December,12,Odisha,Bhubaneswar,2734,512,384,34,153,3817
2025,December,12,Odisha,Cuttack,2076,389,292,25,116,2898
2025,December,12,Odisha,Rourkela,2632,493,370,32,148,3675
2025,December,12,Odisha,Sambalpur,2108,395,296,26,118,2943
2025,December,12,Odisha,Berhampur,2862,536,402,35,161,3996
2025,December,12,Assam,Guwahati,2694,505,378,33,151,3761
2025,December,12,Assam,Silchar,2855,535,401,35,160,3986
2025,December,12,Assam,Dibrugarh,3082,577,433,38,173,4303
2025,December,12,Assam,Jorhat,2956,554,415,36,166,4127
2025,December,12,Assam,Nagaon,2829,530,397,35,159,3950
