Station_ID,Year,Month,Avg_Daily_Users,Peak_Hour_Users,Avg_Wait_Time_Min,Avg_Charging_Time_Min,Queue_Length,Energy_Delivered_kWh,Utilization_%,Fault_Count,Downtime_Hours,Revenue_INR,Customer_Rating,Sessions,Completed_Sessions,Cancelled_Sessions,Demand_Level
St0001,2021,January,208,72,12,39,6,98800,47.5,1,4,1086800,4.1,5200,5104,96,Low
St0001,2021,February,264,92,16,48,7,199056,64.9,4,12,3184896,4.5,6864,6599,265,Medium
St0001,2021,March,192,67,21,52,7,144768,78.2,1,3,1592448,3.8,4992,4889,103,Medium
St0001,2021,April,211,73,20,54,8,159516,66.6,4,12,2233224,4.1,5908,5810,98,Medium
St0001,2021,May,119,41,22,32,6,110670,78.7,2,10,1770720,4.0,3570,3468,102,Medium
St0001,2021,June,161,56,12,31,6,157780,51.5,1,3,1735580,4.2,4508,4390,118,Low
St0001,2021,July,206,72,17,35,4,123600,62.6,1,2,1112400,4.5,5150,4997,153,Medium
St0001,2021,August,238,83,16,31,4,193256,66.2,1,4,1932560,4.5,6664,6472,192,Medium
St0001,2021,September,170,59,18,44,7,89250,59.8,2,4,1249500,4.0,4250,4110,140,Low
St0001,2021,October,168,58,21,36,6,176400,82.3,4,12,1764000,4.3,5040,4857,183,High
St0001,2021,November,300,105,19,36,6,174000,72.3,2,4,2436000,3.8,8700,8611,89,Medium
St0001,2021,December,260,91,14,38,5,196040,58.2,3,6,2744560,3.8,7540,7334,206,Low
St0001,2022,January,264,92,21,52,6,165000,75.2,0,0,1980000,4.7,6600,6452,148,Medium
St0001,2022,February,159,55,23,40,6,166950,77.6,4,4,2337300,3.6,4770,4734,36,Medium
St0001,2022,March,231,80,21,55,5,114114,70.3,2,2,1027026,3.8,6006,5913,93,Medium
St0001,2022,April,183,64,20,47,8,148596,87.1,4,4,1485960,4.2,5124,4973,151,High
St0001,2022,May,237,82,14,49,4,172536,72.5,4,16,1897896,4.1,6636,6564,72,Medium
St0001,2022,June,278,97,12,42,3,240192,59.3,0,0,3122496,4.7,7506,7406,100,Low
St0001,2022,July,261,91,18,48,7,168084,53.3,2,6,1848924,4.4,7308,7205,103,Low
St0001,2022,August,182,63,18,51,5,147784,69.4,1,1,2364544,4.5,5096,5005,91,Medium
St0001,2022,September,190,66,18,41,5,85500,57.3,3,3,1197000,3.9,4750,4641,109,Low
St0001,2022,October,195,68,22,53,8,175500,78.0,0,0,1579500,4.6,5850,5719,131,Medium
St0001,2022,November,364,127,19,46,4,196560,77.6,3,9,2948400,4.6,9828,9756,72,Medium
St0001,2022,December,307,107,21,49,5,279370,85.4,4,4,4190550,3.5,7982,7690,292,High
St0001,2023,January,197,68,18,49,6,111699,84.7,2,8,1005291,3.9,5319,5234,85,High
St0001,2023,February,212,74,25,33,7,137376,85.6,0,0,1511136,4.1,5088,4970,118,High
St0001,2023,March,210,73,18,41,4,180180,56.3,3,3,1621620,4.6,5460,5317,143,Low
St0001,2023,April,336,117,22,31,7,270816,74.8,1,5,4333056,4.0,8736,8406,330,Medium
St0001,2023,May,190,66,21,42,5,156750,89.4,1,4,1567500,4.1,4750,4628,122,High
St0001,2023,June,304,106,19,43,7,155952,89.9,4,8,1559520,4.3,8208,7899,309,High
St0001,2023,July,321,112,17,54,4,223416,88.9,0,0,2234160,4.8,7704,7521,183,High
St0001,2023,August,338,118,11,40,3,298792,58.1,3,12,4481880,4.6,8788,8605,183,Low
St0001,2023,September,179,62,13,47,5,171840,62.1,1,5,2062080,4.4,5370,5332,38,Medium
St0001,2023,October,227,79,19,37,7,131660,87.5,4,16,2106560,4.3,6583,6519,64,High
St0001,2023,November,241,84,17,31,7,182196,61.7,0,0,1821960,4.2,6507,6401,106,Medium
St0001,2023,December,439,153,19,34,6,248913,61.4,4,8,3733695,3.5,11853,11752,101,Medium
St0001,2024,January,256,89,23,42,7,192000,89.4,0,0,2496000,4.7,6400,6302,98,High
St0001,2024,February,415,145,16,41,7,236550,72.2,0,0,3784800,3.9,12450,12080,370,Medium
St0001,2024,March,315,110,14,54,4,238140,65.2,1,5,3572100,4.2,8505,8357,148,Medium
St0001,2024,April,378,132,12,42,6,275184,57.6,2,10,3852576,4.5,10584,10390,194,Low
St0001,2024,May,242,84,13,49,6,205700,65.2,3,9,3085500,4.6,6050,5859,191,Medium
St0001,2024,June,446,156,21,54,5,245300,93.2,4,16,3434200,4.6,11150,10930,220,High
St0001,2024,July,378,132,17,34,6,308448,61.7,0,0,4009824,4.3,9072,8791,281,Medium
St0001,2024,August,414,144,18,38,7,258750,84.5,1,2,2587500,4.7,10350,10236,114,High
St0001,2024,September,196,68,17,36,7,117208,81.4,0,0,1054872,4.9,5096,4922,174,High
St0001,2024,October,429,150,18,39,7,266409,65.2,1,3,3463317,4.0,11583,11427,156,Medium
St0001,2024,November,416,145,16,54,4,218400,76.9,4,16,3494400,3.6,10400,10304,96,Medium
St0001,2024,December,258,90,23,37,6,216978,81.5,2,2,2820714,4.6,7482,7246,236,High
St0001,2025,January,457,159,22,55,7,237640,92.2,3,12,2614040,4.1,11882,11762,120,High
St0001,2025,February,354,123,22,40,5,300900,74.4,3,3,2708100,4.5,8850,8763,87,Medium
St0001,2025,March,506,177,19,33,4,315744,72.6,3,15,3788928,4.0,12144,11698,446,Medium
St0001,2025,April,312,109,11,37,2,271440,58.2,2,6,4343040,4.0,9048,8909,139,Low
St0001,2025,May,294,102,24,35,8,264600,86.7,1,4,2910600,4.7,8820,8716,104,High
St0001,2025,June,394,137,20,54,8,184392,77.6,4,20,1659528,4.2,10244,10167,77,Medium
St0001,2025,July,403,141,18,46,7,359073,63.6,2,10,3590730,3.9,10881,10681,200,Medium
St0001,2025,August,377,131,17,35,7,306124,64.7,1,2,3061240,4.6,10933,10836,97,Medium
St0001,2025,September,266,93,16,34,4,179816,63.6,4,20,1618344,3.6,6916,6824,92,Medium
St0001,2025,October,398,139,15,50,4,181488,63.3,1,3,2359344,4.4,9552,9191,361,Medium
St0001,2025,November,286,100,17,54,4,162162,62.4,4,20,1945944,4.3,7722,7507,215,Medium
St0001,2025,December,254,88,17,43,5,228600,81.1,0,0,2057400,4.3,6350,6175,175,High
St0002,2021,January,107,37,18,51,4,50076,59.6,4,12,550836,4.2,2782,2725,57,Low
St0002,2021,February,173,60,20,55,6,93420,65.8,2,2,840780,4.2,4671,4612,59,Medium
St0002,2021,March,95,33,13,52,4,71250,58.0,2,2,783750,4.3,2375,2351,24,Low
St0002,2021,April,172,60,13,44,4,144480,52.5,2,6,1300320,4.1,5160,4961,199,Low
St0002,2021,May,178,62,19,54,6,104664,63.5,4,4,1046640,3.5,4984,4955,29,Medium
St0002,2021,June,136,47,15,40,3,91800,78.0,2,10,826200,3.7,3672,3539,133,Medium
St0002,2021,July,133,46,22,52,7,78204,80.1,2,2,1094856,3.9,3724,3648,76,High
St0002,2021,August,93,32,17,44,5,50220,58.1,4,12,552420,4.0,2511,2413,98,Low
St0002,2021,September,169,59,19,32,5,106470,83.6,3,9,1171170,4.0,5070,5028,42,High
St0002,2021,October,170,59,17,42,5,144500,49.2,1,3,2023000,4.6,4250,4085,165,Low
St0002,2021,November,177,61,10,49,4,148680,51.5,1,1,2081520,4.1,4248,4126,122,Low
St0002,2021,December,193,67,16,52,5,111168,63.6,1,4,1778688,3.8,4632,4453,179,Medium
St0002,2022,January,126,44,14,33,3,76734,54.5,0,0,690606,4.9,3654,3598,56,Low
St0002,2022,February,133,46,18,52,5,138852,69.7,3,12,1388520,4.4,3857,3807,50,Medium
St0002,2022,March,144,50,20,37,6,79344,79.1,3,9,1110816,4.1,4176,4035,141,Medium
St0002,2022,April,122,42,15,38,5,69784,66.7,2,10,837408,3.7,3172,3130,42,Medium
St0002,2022,May,188,65,16,48,7,101520,65.9,3,6,1015200,4.0,5640,5606,34,Medium
St0002,2022,June,162,56,16,34,7,105300,51.1,2,2,1053000,4.7,4212,4045,167,Low
St0002,2022,July,186,65,18,52,4,124992,56.8,4,16,1749888,4.1,5208,5161,47,Low
St0002,2022,August,137,47,21,50,8,110970,81.0,1,1,1331640,3.9,3699,3640,59,High
St0002,2022,September,232,81,14,31,5,175392,55.4,3,15,2455488,4.3,6496,6430,66,Low
St0002,2022,October,226,79,20,32,5,163850,63.5,4,8,2130050,3.5,6554,6305,249,Medium
St0002,2022,November,137,47,21,54,6,119190,68.8,4,4,1787850,3.8,3973,3839,134,Medium
St0002,2022,December,252,88,17,46,4,204120,73.8,1,1,2041200,4.5,7560,7362,198,Medium
St0002,2023,January,116,40,16,51,6,76560,79.0,1,4,1224960,4.0,3480,3436,44,Medium
St0002,2023,February,142,49,10,44,5,102950,54.4,1,5,1338350,4.4,4118,4074,44,Low
St0002,2023,March,267,93,22,40,7,186900,83.3,4,12,2055900,3.7,6675,6439,236,High
St0002,2023,April,176,61,21,32,8,139392,71.2,2,2,1951488,4.3,4224,4057,167,Medium
St0002,2023,May,234,81,16,45,6,161460,70.8,3,12,2260440,4.2,7020,6834,186,Medium
St0002,2023,June,120,42,22,50,8,79200,71.6,4,4,950400,3.8,3600,3470,130,Medium
St0002,2023,July,264,92,10,42,3,211200,51.7,3,3,3168000,4.3,6600,6467,133,Low
St0002,2023,August,214,74,14,55,3,183612,72.1,1,5,2019732,4.0,5564,5369,195,Medium
St0002,2023,September,129,45,18,43,7,68628,66.4,4,16,823536,4.3,3612,3556,56,Medium
St0002,2023,October,162,56,18,39,6,97200,51.5,1,3,1360800,4.1,4050,3939,111,Low
St0002,2023,November,157,54,11,36,2,125600,52.6,4,16,1256000,3.9,3925,3778,147,Low
St0002,2023,December,224,78,16,38,4,198016,52.6,0,0,2178176,4.2,5824,5771,53,Low
St0002,2024,January,223,78,16,32,4,118636,81.7,1,4,1660904,3.9,6244,6106,138,High
St0002,2024,February,278,97,15,54,6,264656,64.2,1,2,2911216,3.9,7784,7553,231,Medium
St0002,2024,March,154,53,13,46,5,103488,56.8,2,2,1552320,4.1,4312,4247,65,Low
St0002,2024,April,292,102,12,46,4,181332,59.3,4,20,2538648,3.6,7884,7573,311,Low
St0002,2024,May,172,60,21,53,6,110768,80.7,0,0,1550752,4.5,4816,4693,123,High
St0002,2024,June,193,67,21,42,5,134328,75.9,3,12,1880592,4.2,4632,4597,35,Medium
St0002,2024,July,207,72,15,41,6,186300,58.3,1,1,2049300,4.6,5175,5061,114,Low
St0002,2024,August,253,88,19,54,5,221375,64.3,1,3,2435125,4.4,6325,6158,167,Medium
St0002,2024,September,160,56,18,49,7,116640,81.6,4,4,1866240,4.4,4320,4185,135,High
St0002,2024,October,191,66,14,43,3,123004,54.6,1,1,1230040,4.5,5348,5167,181,Low
St0002,2024,November,265,92,23,50,7,230020,81.2,4,8,3680320,3.9,7420,7361,59,High
St0002,2024,December,155,54,21,30,5,79515,93.7,2,2,1113210,3.9,4185,4087,98,High
St0002,2025,January,323,113,16,55,7,162792,67.5,4,12,2604672,4.2,9044,8730,314,Medium
St0002,2025,February,231,80,23,51,5,162162,93.8,4,4,1945944,4.4,6237,6079,158,High
St0002,2025,March,329,115,24,52,8,165816,91.0,2,4,1823976,3.9,7896,7750,146,High
St0002,2025,April,295,103,15,54,4,194700,59.8,0,0,2531100,4.1,8850,8800,50,Low
St0002,2025,May,346,121,17,38,5,301020,89.7,4,8,3010200,3.8,10380,9984,396,High
St0002,2025,June,207,72,17,45,5,128547,72.4,4,8,1285470,3.8,5589,5411,178,Medium
St0002,2025,July,163,57,17,52,6,113448,79.9,1,4,1815168,4.1,3912,3762,150,Medium
St0002,2025,August,277,96,20,53,8,182820,93.7,0,0,1645380,4.2,8310,8196,114,High
St0002,2025,September,356,124,20,42,6,185832,79.3,4,12,2044152,3.5,10324,10164,160,Medium
St0002,2025,October,323,113,22,40,5,348840,74.8,0,0,5581440,4.4,9690,9548,142,Medium
St0002,2025,November,281,98,17,38,6,196700,82.8,3,6,1770300,3.6,7025,6819,206,High
St0002,2025,December,238,83,14,33,5,114240,71.1,1,3,1028160,4.8,5712,5561,151,Medium
St0003,2021,January,110,38,15,34,4,92400,48.6,3,9,831600,3.8,2640,2565,75,Low
St0003,2021,February,130,45,13,48,4,136500,50.4,3,12,1228500,4.5,3900,3747,153,Low
St0003,2021,March,142,49,19,53,6,84348,79.1,0,0,1180872,3.8,3834,3707,127,Medium
St0003,2021,April,107,37,18,40,5,83781,71.7,4,20,754029,4.4,2889,2873,16,Medium
St0003,2021,May,155,54,18,51,6,82460,58.4,0,0,989520,4.1,4340,4261,79,Low
St0003,2021,June,145,50,12,32,5,129195,49.0,0,0,1291950,4.3,3915,3759,156,Low
St0003,2021,July,109,38,17,44,6,65400,72.6,4,8,588600,4.3,2616,2553,63,Medium
St0003,2021,August,114,39,19,44,6,96900,60.5,1,1,969000,4.3,2850,2766,84,Medium
St0003,2021,September,126,44,14,44,6,80388,56.5,0,0,1286208,4.1,3654,3524,130,Low
St0003,2021,October,177,61,22,47,8,168504,82.7,4,20,1853544,4.2,4956,4843,113,High
St0003,2021,November,105,36,19,50,5,94500,62.4,0,0,1323000,4.2,2625,2577,48,Medium
St0003,2021,December,115,40,13,39,3,98670,69.4,3,6,888030,3.7,2990,2966,24,Medium
St0003,2022,January,164,57,17,31,5,140712,48.2,0,0,1969968,4.1,4264,4191,73,Low
St0003,2022,February,103,36,14,30,4,72100,73.7,4,4,793100,3.6,2884,2800,84,Medium
St0003,2022,March,150,52,20,32,5,103500,87.8,3,12,931500,4.1,4500,4398,102,High
St0003,2022,April,177,61,14,40,4,118059,54.1,2,8,1298649,4.0,5133,5064,69,Low
St0003,2022,May,149,52,13,34,3,146914,54.1,0,0,1762968,3.9,4321,4177,144,Low
St0003,2022,June,97,33,11,45,2,66930,50.3,1,1,803160,4.0,2910,2893,17,Low
St0003,2022,July,146,51,17,48,4,106288,79.5,0,0,956592,4.9,3796,3669,127,Medium
St0003,2022,August,194,67,19,40,6,116012,64.4,2,6,1856192,4.0,5044,4978,66,Medium
St0003,2022,September,165,57,14,55,3,81510,59.3,2,6,1222650,3.9,4290,4216,74,Low
St0003,2022,October,163,57,15,50,4,132030,60.5,0,0,1188270,4.3,4401,4243,158,Medium
St0003,2022,November,129,45,22,32,5,103200,74.9,2,8,1032000,4.0,3225,3147,78,Medium
St0003,2022,December,227,79,17,53,7,217239,65.0,1,3,1955151,4.6,6583,6465,118,Medium
St0003,2023,January,192,67,18,41,5,144000,88.2,1,5,2304000,4.7,5760,5534,226,High
St0003,2023,February,184,64,23,43,6,158976,86.1,0,0,2384640,4.6,4968,4787,181,High
St0003,2023,March,136,47,18,45,4,70992,66.7,1,2,1135872,4.6,3944,3869,75,Medium
St0003,2023,April,196,68,21,40,5,107016,81.6,2,4,1605240,3.7,5096,4913,183,High
St0003,2023,May,167,58,14,30,3,72144,63.7,2,8,793584,3.7,4008,3977,31,Medium
St0003,2023,June,161,56,16,47,6,154560,72.6,1,4,2163840,3.8,4830,4745,85,Medium
St0003,2023,July,107,37,17,43,4,92876,58.2,4,8,928760,3.6,2996,2952,44,Low
St0003,2023,August,143,50,16,42,5,76076,82.4,1,1,988988,4.5,4004,3914,90,High
St0003,2023,September,168,58,15,35,6,133056,65.2,2,6,1197504,3.9,4032,3979,53,Medium
St0003,2023,October,170,59,20,54,8,154700,71.7,2,10,1856400,4.2,4420,4274,146,Medium
St0003,2023,November,263,92,13,54,6,225654,56.2,1,4,2933502,4.0,6838,6632,206,Low
St0003,2023,December,143,50,19,47,7,120120,57.2,4,12,1681680,4.4,4290,4232,58,Low
St0003,2024,January,214,74,13,33,3,131824,54.9,0,0,1713712,4.5,5992,5913,79,Low
St0003,2024,February,244,85,16,41,6,228384,84.6,4,4,2055456,4.2,6344,6232,112,High
St0003,2024,March,277,96,18,55,6,232680,93.6,1,5,3024840,3.9,8310,8226,84,High
St0003,2024,April,179,62,21,30,8,85025,76.2,2,4,935275,4.1,4475,4403,72,Medium
St0003,2024,May,263,92,21,39,8,220920,82.9,1,2,2209200,3.9,7890,7701,189,High
St0003,2024,June,143,50,20,48,6,114400,80.4,1,2,1372800,4.7,3575,3503,72,High
St0003,2024,July,270,94,13,35,5,168750,66.6,2,8,1856250,3.7,6750,6653,97,Medium
St0003,2024,August,224,78,17,43,4,140000,84.9,0,0,1680000,4.3,5600,5448,152,High
St0003,2024,September,193,67,12,45,6,99009,57.5,3,3,1386126,3.9,5211,5045,166,Low
St0003,2024,October,247,86,16,53,6,124488,62.3,0,0,1369368,4.4,5928,5711,217,Medium
St0003,2024,November,312,109,15,34,6,185328,78.8,0,0,2038608,4.8,8424,8371,53,Medium
St0003,2024,December,192,67,23,49,5,152064,83.7,4,8,1824768,4.1,4608,4578,30,High
St0003,2025,January,285,99,20,35,7,148770,75.6,0,0,1338930,4.1,8265,8149,116,Medium
St0003,2025,February,277,96,16,50,5,230464,57.9,2,10,2535104,4.6,7202,7067,135,Low
St0003,2025,March,231,80,19,30,5,132132,92.7,2,2,2114112,4.2,6006,5920,86,High
St0003,2025,April,238,83,22,55,6,178500,84.7,4,12,2677500,3.7,7140,6856,284,High
St0003,2025,May,249,87,16,33,5,238293,64.3,2,10,3812688,4.5,7221,7138,83,Medium
St0003,2025,June,288,100,20,35,8,193536,75.2,3,12,3096576,4.5,6912,6854,58,Medium
St0003,2025,July,303,106,16,32,7,261792,70.1,0,0,2879712,4.0,8181,7990,191,Medium
St0003,2025,August,236,82,17,42,4,123192,65.8,3,6,1847880,3.6,6844,6645,199,Medium
St0003,2025,September,256,89,17,33,4,141312,81.7,0,0,1271808,4.2,6144,6058,86,High
St0003,2025,October,286,100,21,46,6,260260,65.0,1,4,2862860,4.4,7436,7269,167,Medium
St0003,2025,November,222,77,21,50,7,155400,85.6,1,4,1709400,4.1,6216,6016,200,High
St0003,2025,December,228,79,15,37,5,136800,61.2,0,0,2052000,4.9,6840,6638,202,Medium
St0004,2021,January,89,31,18,52,6,84728,65.7,1,2,1270920,3.9,2492,2459,33,Medium
St0004,2021,February,138,48,11,38,5,72036,48.0,2,10,648324,4.0,4002,3955,47,Low
St0004,2021,March,112,39,9,51,5,96768,46.1,2,4,1064448,4.4,2688,2601,87,Low
St0004,2021,April,136,47,21,45,7,130560,80.3,0,0,1697280,3.9,4080,3987,93,High
St0004,2021,May,111,38,18,52,6,109890,71.9,2,4,1098900,4.0,3330,3275,55,Medium
St0004,2021,June,113,39,15,50,5,56952,56.7,1,1,797328,4.4,3164,3133,31,Low
St0004,2021,July,163,57,17,55,6,105950,57.6,0,0,1059500,4.0,4238,4091,147,Low
St0004,2021,August,79,27,13,36,5,39026,55.8,3,12,507338,4.0,2054,1998,56,Low
St0004,2021,September,72,25,15,52,5,48600,63.0,1,2,680400,4.4,1800,1777,23,Medium
St0004,2021,October,146,51,21,47,7,106288,66.1,0,0,1169168,4.0,3796,3675,121,Medium
St0004,2021,November,183,64,23,37,5,163968,83.4,1,5,1475712,3.9,5124,5078,46,High
St0004,2021,December,155,54,18,54,7,94395,67.0,2,4,849555,4.4,4495,4331,164,Medium
St0004,2022,January,169,59,21,34,8,159705,79.4,0,0,1756755,4.7,4563,4530,33,Medium
St0004,2022,February,176,61,20,41,5,105600,71.7,2,8,1478400,4.1,4224,4170,54,Medium
St0004,2022,March,102,35,18,36,6,48960,86.3,4,20,587520,4.4,2448,2421,27,High
St0004,2022,April,86,30,20,48,7,51600,78.3,2,10,567600,4.1,2580,2505,75,Medium
St0004,2022,May,178,62,19,31,6,168210,55.5,1,1,1513890,4.8,4806,4699,107,Low
St0004,2022,June,108,37,17,34,5,82944,65.7,1,4,1244160,4.6,2592,2538,54,Medium
St0004,2022,July,138,48,17,37,5,109296,53.0,4,4,983664,3.7,3312,3283,29,Low
St0004,2022,August,90,31,14,43,4,72000,67.2,3,6,720000,4.6,2250,2224,26,Medium
St0004,2022,September,161,56,14,33,6,159390,49.9,3,9,2231460,4.1,4830,4705,125,Low
St0004,2022,October,213,74,13,30,4,143136,51.1,3,9,2290176,4.3,5964,5869,95,Low
St0004,2022,November,202,70,13,55,3,175740,64.8,1,5,2108880,4.1,6060,6002,58,Medium
St0004,2022,December,202,70,19,46,4,212100,74.6,0,0,3393600,4.0,6060,5834,226,Medium
St0004,2023,January,113,39,16,48,4,71190,51.4,1,5,1067850,3.9,3390,3324,66,Low
St0004,2023,February,118,41,20,44,6,84960,64.7,3,12,1104480,3.6,3540,3489,51,Medium
St0004,2023,March,130,45,25,37,8,77740,85.0,2,10,1166100,4.2,3380,3341,39,High
St0004,2023,April,206,72,20,50,7,167272,68.0,2,10,2676352,3.7,5974,5863,111,Medium
St0004,2023,May,134,46,17,49,7,140700,60.5,3,3,1547700,4.3,4020,3999,21,Medium
St0004,2023,June,115,40,14,51,4,95680,72.2,1,4,1530880,4.1,2990,2958,32,Medium
St0004,2023,July,196,68,18,32,4,100548,59.2,3,9,904932,4.4,5292,5180,112,Low
St0004,2023,August,126,44,21,30,5,87696,84.7,0,0,789264,4.8,3654,3564,90,High
St0004,2023,September,168,58,18,50,6,124992,61.9,2,6,1874880,4.6,4032,3936,96,Medium
St0004,2023,October,237,82,17,44,7,177750,69.3,1,5,2844000,4.7,7110,7027,83,Medium
St0004,2023,November,237,82,15,42,6,198369,75.7,0,0,1785321,4.4,6399,6333,66,Medium
St0004,2023,December,271,94,17,32,7,188616,85.3,2,8,2829240,4.0,6504,6333,171,High
St0004,2024,January,139,48,18,40,4,104806,62.3,4,4,1257672,3.7,4031,3994,37,Medium
St0004,2024,February,157,54,17,48,6,149464,74.3,3,12,1793568,4.2,4396,4300,96,Medium
St0004,2024,March,137,47,25,38,6,72884,88.8,3,9,874608,4.3,3836,3720,116,High
St0004,2024,April,232,81,13,49,5,180960,60.5,1,3,1990560,4.0,6032,5793,239,Medium
St0004,2024,May,186,65,13,50,3,107880,61.7,2,6,1402440,3.8,5394,5331,63,Medium
St0004,2024,June,212,74,18,40,5,116600,62.8,0,0,1632400,4.3,5300,5134,166,Medium
St0004,2024,July,149,52,20,33,7,100128,60.0,4,4,1001280,3.6,4172,4106,66,Low
St0004,2024,August,232,81,20,49,8,199056,73.2,2,8,2786784,3.6,6032,5879,153,Medium
St0004,2024,September,159,55,18,33,6,100170,82.4,0,0,1202040,4.7,4770,4676,94,High
St0004,2024,October,237,82,14,33,3,206190,58.5,0,0,1855710,4.5,6873,6615,258,Low
St0004,2024,November,180,62,23,55,7,156600,84.6,1,3,2505600,4.8,5400,5196,204,High
St0004,2024,December,309,108,17,50,7,287370,85.1,3,9,3161070,3.9,9270,8968,302,High
St0004,2025,January,289,101,17,42,4,171666,81.0,1,2,2574990,4.6,7803,7559,244,High
St0004,2025,February,239,83,19,41,5,161564,89.5,2,10,2585024,4.5,6214,6021,193,High
St0004,2025,March,253,88,17,54,4,148764,75.3,4,4,1785168,3.7,7084,6823,261,Medium
St0004,2025,April,187,65,24,36,6,181764,81.2,0,0,1635876,4.1,5049,4869,180,High
St0004,2025,May,288,100,14,32,5,250560,70.9,2,2,3257280,4.4,8352,8073,279,Medium
St0004,2025,June,250,87,15,40,4,186000,75.8,3,12,1674000,4.4,6000,5961,39,Medium
St0004,2025,July,252,88,24,31,7,246960,92.1,0,0,3951360,4.3,7056,6945,111,High
St0004,2025,August,280,98,24,32,8,189000,81.0,1,2,2835000,4.2,7000,6778,222,High
St0004,2025,September,205,71,22,50,5,93480,76.1,4,16,1495680,4.2,4920,4772,148,Medium
St0004,2025,October,216,75,17,31,5,149040,76.9,4,20,1937520,3.6,6480,6329,151,Medium
St0004,2025,November,359,125,25,54,9,179500,92.9,1,3,2513000,4.4,8975,8722,253,High
St0004,2025,December,321,112,18,51,6,296604,73.3,2,10,4152456,4.7,8988,8872,116,Medium
St0005,2021,January,151,52,11,32,4,126387,52.6,3,15,1769418,4.1,4077,3958,119,Low
St0005,2021,February,127,44,15,35,6,116586,62.1,4,12,1865376,4.6,3429,3298,131,Medium
St0005,2021,March,136,47,18,40,6,81600,62.6,4,8,1142400,3.5,3400,3349,51,Medium
St0005,2021,April,150,52,16,38,7,75000,47.4,3,3,975000,4.2,3750,3626,124,Low
St0005,2021,May,178,62,18,53,6,134568,55.1,3,6,1345680,3.6,4806,4681,125,Low
St0005,2021,June,81,28,20,47,7,72900,80.0,4,12,874800,4.4,2025,1982,43,Medium
St0005,2021,July,161,56,18,34,4,108836,79.3,1,2,1414868,4.7,4186,4020,166,Medium
St0005,2021,August,128,44,20,40,6,138240,61.2,1,1,2211840,4.1,3840,3713,127,Medium
St0005,2021,September,142,49,13,52,5,95850,64.6,4,8,1341900,3.6,3550,3495,55,Medium
St0005,2021,October,174,60,13,46,3,91872,56.9,1,5,1010592,3.8,4176,4074,102,Low
St0005,2021,November,91,31,17,42,7,65520,58.9,4,20,720720,4.6,2184,2156,28,Low
St0005,2021,December,135,47,15,50,4,80730,60.4,2,8,1130220,3.9,3510,3413,97,Medium
St0005,2022,January,94,32,21,43,6,84600,67.7,2,6,930600,4.1,2820,2748,72,Medium
St0005,2022,February,194,67,21,53,6,110580,83.7,0,0,1326960,3.9,5820,5741,79,High
St0005,2022,March,159,55,14,34,5,87768,54.5,3,9,789912,4.2,3816,3720,96,Low
St0005,2022,April,175,61,21,49,6,136500,69.0,4,16,1638000,3.6,5250,5132,118,Medium
St0005,2022,May,97,33,17,44,6,53350,66.5,0,0,640200,4.2,2425,2378,47,Medium
St0005,2022,June,181,63,17,47,4,167244,62.6,2,10,2508660,4.5,5068,4972,96,Medium
St0005,2022,July,146,51,15,53,6,131400,55.8,0,0,1576800,4.6,3650,3584,66,Low
St0005,2022,August,119,41,22,55,8,107100,86.1,4,20,963900,4.1,3570,3521,49,High
St0005,2022,September,134,46,19,54,5,65124,67.2,2,2,846612,3.8,3618,3582,36,Medium
St0005,2022,October,140,49,17,30,7,98280,77.1,3,9,1474200,3.7,3780,3733,47,Medium
St0005,2022,November,150,52,14,44,3,97200,48.1,4,12,1555200,3.7,3600,3567,33,Low
St0005,2022,December,117,40,17,51,7,84240,58.4,2,8,926640,4.2,2808,2784,24,Low
St0005,2023,January,172,60,18,52,4,144480,90.9,3,15,2311680,4.2,4816,4658,158,High
St0005,2023,February,124,43,11,53,4,130200,59.1,0,0,1432200,4.4,3720,3680,40,Low
St0005,2023,March,235,82,16,48,7,107160,71.5,1,2,1393080,4.2,5640,5417,223,Medium
St0005,2023,April,108,37,18,41,4,61776,51.9,2,4,926640,4.7,2808,2778,30,Low
St0005,2023,May,112,39,22,30,6,72576,75.7,1,5,943488,4.6,2688,2604,84,Medium
St0005,2023,June,174,60,17,50,6,89262,83.6,3,15,981882,3.8,4698,4634,64,High
St0005,2023,July,233,81,23,55,5,174750,78.7,0,0,2097000,4.1,5825,5596,229,Medium
St0005,2023,August,206,72,15,49,6,138432,61.2,3,9,1938048,4.0,5768,5670,98,Medium
St0005,2023,September,212,74,15,48,3,103032,51.5,2,4,1339416,4.2,5724,5648,76,Low
St0005,2023,October,140,49,19,46,5,134400,81.1,3,3,1478400,3.8,4200,4144,56,High
St0005,2023,November,151,52,20,33,8,84560,62.1,2,4,845600,4.2,4228,4164,64,Medium
St0005,2023,December,170,59,15,52,5,127500,58.3,2,2,1657500,4.1,5100,4902,198,Low
St0005,2024,January,195,68,13,54,4,152685,56.8,4,16,2137590,4.0,5655,5624,31,Low
St0005,2024,February,183,64,13,41,6,114192,59.5,3,12,1598688,4.1,4392,4313,79,Low
St0005,2024,March,236,82,25,33,6,129800,89.3,4,4,1557600,3.8,5900,5714,186,High
St0005,2024,April,147,51,17,54,5,99372,89.5,3,15,1093092,4.2,3822,3718,104,High
St0005,2024,May,257,89,22,53,8,187096,93.0,4,16,2806440,4.5,6682,6454,228,High
St0005,2024,June,230,80,21,49,7,143520,85.4,3,3,2152800,3.7,5520,5418,102,High
St0005,2024,July,246,86,21,31,6,198276,87.4,4,4,3172416,4.4,6396,6260,136,High
St0005,2024,August,138,48,13,48,6,112056,65.7,2,8,1232616,3.7,3864,3741,123,Medium
St0005,2024,September,251,87,21,54,8,247486,82.8,1,4,3959776,3.9,7279,7151,128,High
St0005,2024,October,249,87,16,53,5,125496,69.3,0,0,1254960,4.3,6972,6896,76,Medium
St0005,2024,November,172,60,22,45,7,86000,74.2,0,0,1204000,4.4,4300,4233,67,Medium
St0005,2024,December,228,79,18,43,6,183768,79.0,1,1,1837680,4.5,5928,5811,117,Medium
St0005,2025,January,256,89,23,37,6,153600,79.9,2,6,1689600,3.9,6144,6100,44,Medium
St0005,2025,February,328,114,19,42,7,304384,69.8,3,12,3956992,4.3,9512,9238,274,Medium
St0005,2025,March,308,107,26,33,7,140448,93.5,0,0,1685376,4.7,7392,7199,193,High
St0005,2025,April,163,57,21,31,7,127629,74.4,2,8,1276290,4.1,4401,4298,103,Medium
St0005,2025,May,215,75,23,36,5,102125,89.5,0,0,1021250,4.7,5375,5271,104,High
St0005,2025,June,313,109,17,48,5,202824,80.1,3,15,2433888,3.6,8451,8286,165,High
St0005,2025,July,143,50,19,49,7,128700,61.0,2,6,1544400,4.2,3575,3460,115,Medium
St0005,2025,August,274,95,16,40,4,235092,60.1,1,4,2115828,4.8,7124,7037,87,Medium
St0005,2025,September,220,77,18,40,4,153120,66.9,2,4,1990560,3.8,6380,6260,120,Medium
St0005,2025,October,343,120,16,54,5,258622,76.6,0,0,2327598,4.7,8918,8595,323,Medium
St0005,2025,November,377,131,16,33,5,211120,72.3,2,8,2744560,4.3,10556,10489,67,Medium
St0005,2025,December,292,102,17,39,6,262508,63.3,4,12,3150096,4.2,8468,8290,178,Medium
St0006,2021,January,59,20,19,49,7,47554,81.6,2,2,665756,4.4,1534,1488,46,High
St0006,2021,February,73,25,20,41,6,67014,62.7,1,1,804168,4.1,1971,1922,49,Medium
St0006,2021,March,87,30,19,38,7,40716,61.1,0,0,488592,4.7,2262,2237,25,Medium
St0006,2021,April,86,30,13,55,3,49880,46.2,4,12,648440,4.4,2494,2449,45,Low
St0006,2021,May,81,28,19,36,7,46170,81.0,4,8,600210,4.0,2430,2407,23,High
St0006,2021,June,59,20,20,31,5,38350,79.3,0,0,460200,4.7,1475,1420,55,Medium
St0006,2021,July,53,18,14,45,5,47700,60.4,4,20,429300,3.9,1325,1303,22,Medium
St0006,2021,August,105,36,15,43,5,109620,74.3,3,15,1315440,3.6,3045,3021,24,Medium
St0006,2021,September,86,30,15,54,3,49880,47.7,1,5,548680,4.1,2494,2419,75,Low
St0006,2021,October,112,39,9,55,2,58240,46.2,0,0,815360,4.7,2912,2843,69,Low
St0006,2021,November,55,19,11,49,2,40040,47.6,2,2,640640,3.8,1430,1375,55,Low
St0006,2021,December,74,25,17,39,4,55796,63.0,2,2,669552,3.7,1924,1858,66,Medium
St0006,2022,January,62,21,22,54,8,48608,71.3,0,0,680512,4.2,1736,1685,51,Medium
St0006,2022,February,80,28,19,42,7,72800,82.9,0,0,1164800,4.0,2080,2018,62,High
St0006,2022,March,95,33,14,42,5,54625,49.3,4,16,600875,4.2,2375,2286,89,Low
St0006,2022,April,98,34,19,46,5,70560,61.6,3,12,1058400,4.5,2352,2284,68,Medium
St0006,2022,May,65,22,22,35,8,57460,80.2,0,0,861900,4.2,1690,1634,56,High
St0006,2022,June,84,29,10,31,3,51744,49.3,2,2,620928,3.9,2352,2280,72,Low
St0006,2022,July,118,41,17,51,5,111510,71.3,3,3,1449630,4.1,3186,3102,84,Medium
St0006,2022,August,116,40,20,34,5,54288,84.4,4,16,705744,4.6,3016,2895,121,High
St0006,2022,September,59,20,17,42,6,45725,57.2,1,4,502975,4.1,1475,1458,17,Low
St0006,2022,October,139,48,13,31,3,124961,51.4,1,5,1374571,4.2,4031,3913,118,Low
St0006,2022,November,80,28,20,37,7,65280,82.2,1,1,913920,4.3,1920,1891,29,High
St0006,2022,December,138,48,19,47,6,99360,56.6,4,4,1192320,3.9,4140,4058,82,Low
St0006,2023,January,83,29,13,31,5,58266,56.8,2,10,873990,4.0,2241,2211,30,Low
St0006,2023,February,92,32,18,43,6,96048,66.5,1,4,1536768,4.8,2668,2636,32,Medium
St0006,2023,March,139,48,12,48,5,72280,52.5,4,8,1156480,3.8,3614,3481,133,Low
St0006,2023,April,110,38,12,42,4,47520,58.5,1,3,522720,4.4,2640,2607,33,Low
St0006,2023,May,77,26,18,36,4,63525,63.2,2,6,698775,4.6,1925,1851,74,Medium
St0006,2023,June,150,52,23,52,5,126000,77.3,0,0,2016000,4.3,4200,4072,128,Medium
St0006,2023,July,100,35,13,33,3,50000,53.5,1,3,650000,3.9,2500,2462,38,Low
St0006,2023,August,118,41,24,38,7,67850,87.5,0,0,746350,4.0,2950,2930,20,High
St0006,2023,September,108,37,19,47,7,64800,70.6,4,12,712800,3.6,2592,2559,33,Medium
St0006,2023,October,90,31,23,53,5,73080,84.1,2,6,1023120,4.5,2520,2430,90,High
St0006,2023,November,117,40,17,41,5,63180,58.4,4,12,947700,4.3,3159,3048,111,Low
St0006,2023,December,75,26,23,43,8,59400,77.5,1,5,712800,4.5,1800,1740,60,Medium
St0006,2024,January,100,35,23,44,8,63800,86.2,2,2,701800,3.7,2900,2802,98,High
St0006,2024,February,138,48,12,31,6,114816,56.1,1,4,1607424,4.0,3588,3519,69,Low
St0006,2024,March,112,39,21,50,5,75600,81.7,2,10,907200,3.9,3024,2957,67,High
St0006,2024,April,114,39,16,55,5,98952,65.8,3,3,1484280,3.6,3192,3134,58,Medium
St0006,2024,May,79,27,24,42,8,61857,84.8,2,10,742284,3.8,2291,2270,21,High
St0006,2024,June,156,54,15,43,3,139776,61.2,0,0,2236416,4.3,4368,4236,132,Medium
St0006,2024,July,82,28,20,41,6,71750,71.5,0,0,1076250,4.1,2050,1979,71,Medium
St0006,2024,August,87,30,15,52,3,63075,63.6,3,6,567675,4.2,2175,2135,40,Medium
St0006,2024,September,110,38,23,41,8,50160,80.4,2,6,702240,4.4,2640,2568,72,High
St0006,2024,October,166,58,15,45,5,92960,79.2,4,4,1394400,3.9,4648,4574,74,Medium
St0006,2024,November,197,68,13,48,4,143416,66.4,1,1,1577576,4.3,5516,5471,45,Medium
St0006,2024,December,86,30,23,48,8,74304,83.7,2,10,1040256,4.0,2064,2017,47,High
St0006,2025,January,154,53,22,35,6,137214,81.3,3,3,1783782,4.7,4158,3992,166,High
St0006,2025,February,147,51,23,51,7,76734,95.2,0,0,690606,3.8,4263,4156,107,High
St0006,2025,March,195,68,19,33,4,115830,91.1,4,8,1737450,3.6,5265,5085,180,High
St0006,2025,April,186,65,12,33,5,165726,57.8,2,8,2154438,4.6,5022,4921,101,Low
St0006,2025,May,202,70,19,55,7,169882,91.6,1,1,2038584,4.8,5858,5655,203,High
St0006,2025,June,167,58,19,42,5,101703,75.3,4,16,1627248,4.5,4843,4803,40,Medium
St0006,2025,July,151,52,25,39,7,84560,88.6,4,4,1014720,3.8,4228,4191,37,High
St0006,2025,August,137,47,23,50,7,83433,82.5,1,5,1251495,3.9,3973,3927,46,High
St0006,2025,September,173,60,18,37,4,176460,64.9,4,20,1764600,4.4,5190,5053,137,Medium
St0006,2025,October,215,75,22,47,8,156735,92.9,1,1,2037555,3.8,5805,5749,56,High
St0006,2025,November,170,59,15,32,6,93840,75.7,3,15,1032240,4.1,4080,3996,84,Medium
St0006,2025,December,122,42,18,36,6,108702,91.3,2,2,1087020,4.5,3294,3249,45,High
St0007,2021,January,140,49,16,54,7,100800,51.2,3,12,907200,3.7,4200,4111,89,Low
St0007,2021,February,247,86,12,40,5,207480,59.0,4,16,3112200,4.4,5928,5824,104,Low
St0007,2021,March,220,77,17,52,5,204160,60.7,3,6,2041600,3.9,6380,6232,148,Medium
St0007,2021,April,233,81,11,33,5,137004,51.1,0,0,1918056,4.3,6524,6478,46,Low
St0007,2021,May,216,75,14,52,3,219240,45.9,1,4,2630880,4.4,6264,6031,233,Low
St0007,2021,June,206,72,23,32,5,117832,76.8,0,0,1885312,4.8,5356,5187,169,Medium
St0007,2021,July,170,59,16,50,4,91800,56.5,3,6,918000,4.0,5100,5030,70,Low
St0007,2021,August,105,36,12,48,3,94500,52.0,2,10,1228500,3.7,3150,3107,43,Low
St0007,2021,September,153,53,15,44,3,146421,69.0,3,3,1610631,3.9,4437,4388,49,Medium
St0007,2021,October,235,82,15,40,6,174840,70.5,0,0,2272920,4.7,5640,5471,169,Medium
St0007,2021,November,241,84,15,33,6,151830,58.0,3,9,1366470,4.5,7230,6990,240,Low
St0007,2021,December,267,93,17,50,7,115344,57.5,2,8,1499472,3.7,6408,6281,127,Low
St0007,2022,January,154,53,15,40,3,143220,63.6,1,5,2148300,4.7,4620,4596,24,Medium
St0007,2022,February,232,81,21,39,6,132704,79.6,1,2,1459744,4.4,6032,5879,153,Medium
St0007,2022,March,263,92,23,35,6,195672,82.3,1,5,2152392,4.7,6312,6202,110,High
St0007,2022,April,197,68,19,42,6,187544,79.1,1,2,2438072,4.5,5516,5411,105,Medium
St0007,2022,May,263,92,14,47,3,218816,63.4,4,4,2844608,3.7,6838,6652,186,Medium
St0007,2022,June,260,91,16,44,7,233740,52.3,0,0,2804880,4.2,7540,7436,104,Low
St0007,2022,July,286,100,15,50,5,208208,51.9,1,5,1873872,4.6,8008,7885,123,Low
St0007,2022,August,251,87,14,38,5,175700,65.8,1,1,1581300,4.2,6275,6096,179,Medium
St0007,2022,September,260,91,18,35,5,211120,70.1,4,20,2955680,3.6,7540,7347,193,Medium
St0007,2022,October,350,122,16,39,7,313600,84.2,0,0,3763200,4.0,9800,9570,230,High
St0007,2022,November,219,76,11,47,3,165126,52.0,0,0,2476890,4.3,6351,6121,230,Low
St0007,2022,December,153,53,19,53,6,139230,56.2,1,5,1392300,4.8,3978,3830,148,Low
St0007,2023,January,282,98,16,41,6,169200,57.6,4,12,2368800,3.9,6768,6716,52,Low
St0007,2023,February,222,77,21,34,5,119880,88.9,2,10,1678320,4.1,5994,5805,189,High
St0007,2023,March,335,117,20,51,5,180900,68.4,3,6,1809000,4.2,10050,9826,224,Medium
St0007,2023,April,211,73,22,44,5,128499,83.0,0,0,1798986,4.1,6119,6043,76,High
St0007,2023,May,261,91,22,39,6,249777,77.3,3,12,2997324,4.3,7569,7349,220,Medium
St0007,2023,June,334,116,12,33,5,339010,58.3,0,0,4068120,4.5,9686,9316,370,Low
St0007,2023,July,182,63,21,51,6,152880,73.1,3,15,2140320,3.6,5096,4897,199,Medium
St0007,2023,August,173,60,11,50,5,130442,55.0,0,0,1956630,4.8,5017,4912,105,Low
St0007,2023,September,344,120,15,52,3,209496,52.5,3,3,1885464,4.3,9976,9598,378,Low
St0007,2023,October,240,84,16,34,4,180960,61.9,4,8,1809600,4.0,6960,6755,205,Medium
St0007,2023,November,178,62,17,40,4,157352,75.8,1,1,2360280,4.3,4628,4492,136,Medium
St0007,2023,December,389,136,20,34,5,293306,88.0,0,0,3519672,4.0,10114,9755,359,High
St0007,2024,January,357,124,24,37,8,337365,92.4,0,0,3036285,4.6,9639,9279,360,High
St0007,2024,February,317,110,24,50,6,206050,86.3,0,0,2266550,4.8,7925,7794,131,High
St0007,2024,March,311,108,19,53,7,171050,84.3,0,0,1710500,4.0,7775,7613,162,High
St0007,2024,April,387,135,17,31,5,301860,70.0,0,0,4829760,3.9,11610,11352,258,Medium
St0007,2024,May,379,132,19,43,7,303200,88.9,1,5,4548000,4.6,9475,9351,124,High
St0007,2024,June,244,85,17,36,6,197640,82.6,2,10,2964600,4.0,6588,6333,255,High
St0007,2024,July,232,81,22,42,5,207872,90.4,2,2,2910208,4.5,6496,6271,225,High
St0007,2024,August,189,66,20,46,6,113400,69.1,0,0,1134000,4.2,4725,4686,39,Medium
St0007,2024,September,270,94,22,53,7,154440,76.2,4,12,2471040,3.9,7020,6929,91,Medium
St0007,2024,October,288,100,22,31,7,151200,71.4,4,12,1965600,4.3,7200,6925,275,Medium
St0007,2024,November,414,144,18,51,5,290628,69.9,2,6,3196908,3.8,11178,10788,390,Medium
St0007,2024,December,327,114,17,33,4,225630,75.3,0,0,3610080,4.4,9810,9664,146,Medium
St0007,2025,January,266,93,20,41,8,215992,94.6,3,12,2591904,4.2,7714,7648,66,High
St0007,2025,February,214,74,15,53,5,209720,70.9,0,0,2516640,4.2,5992,5824,168,Medium
St0007,2025,March,204,71,19,39,7,137088,57.0,4,16,1919232,4.0,4896,4778,118,Low
St0007,2025,April,336,117,23,49,7,253344,96.4,1,1,3546816,4.1,9744,9393,351,High
St0007,2025,May,428,149,17,39,6,446832,84.5,3,9,4468320,3.8,12412,12012,400,High
St0007,2025,June,379,132,24,43,6,347922,89.6,4,16,3131298,3.6,10233,10175,58,High
St0007,2025,July,449,157,16,53,4,471450,74.2,4,20,6600300,3.9,13470,13167,303,Medium
St0007,2025,August,318,111,19,43,7,231504,86.6,2,6,2778048,4.6,8904,8579,325,High
St0007,2025,September,354,123,13,31,4,257712,66.6,4,12,2319408,4.5,9912,9640,272,Medium
St0007,2025,October,491,171,12,52,4,302456,60.0,2,6,3629472,4.3,13748,13394,354,Low
St0007,2025,November,343,120,17,52,5,278516,75.3,1,5,2506644,4.7,9604,9301,303,Medium
St0007,2025,December,292,102,23,34,5,287912,95.6,0,0,2879120,4.7,8468,8402,66,High
St0008,2021,January,58,20,20,52,7,34684,82.5,3,15,346840,4.6,1508,1497,11,High
St0008,2021,February,65,22,19,48,5,65520,77.6,4,8,917280,3.9,1820,1781,39,Medium
St0008,2021,March,62,21,15,36,4,55738,76.3,1,4,891808,4.5,1798,1759,39,Medium
St0008,2021,April,51,17,11,48,4,37944,48.4,4,20,531216,3.5,1224,1215,9,Low
St0008,2021,May,37,12,17,39,4,31968,47.9,3,15,415584,3.9,999,988,11,Low
St0008,2021,June,36,12,13,36,5,32256,57.5,3,9,322560,4.3,1008,989,19,Low
St0008,2021,July,61,21,22,48,6,60390,70.7,1,3,966240,3.9,1830,1781,49,Medium
St0008,2021,August,56,19,18,49,4,30576,82.2,0,0,336336,4.7,1456,1398,58,High
St0008,2021,September,60,21,14,44,3,48000,70.1,4,16,432000,3.5,1500,1484,16,Medium
St0008,2021,October,38,13,21,36,5,37620,74.7,0,0,338580,4.5,1140,1133,7,Medium
St0008,2021,November,40,14,17,53,5,30240,69.4,2,8,332640,3.8,1120,1081,39,Medium
St0008,2021,December,52,18,10,36,4,31096,54.0,3,9,466440,4.7,1352,1309,43,Low
St0008,2022,January,70,24,22,38,8,52920,77.1,3,3,529200,4.0,1960,1936,24,Medium
St0008,2022,February,47,16,14,49,4,26790,48.1,0,0,375060,4.9,1410,1390,20,Low
St0008,2022,March,74,25,12,30,3,49950,49.0,4,16,599400,4.2,1850,1833,17,Low
St0008,2022,April,74,25,11,32,3,70818,59.2,3,3,849816,3.7,2146,2117,29,Low
St0008,2022,May,37,12,19,52,4,30784,73.5,3,3,492544,4.0,962,929,33,Medium
St0008,2022,June,46,16,24,44,9,45356,80.1,2,8,680340,4.5,1334,1321,13,High
St0008,2022,July,51,17,23,45,7,27540,77.7,3,15,413100,3.7,1377,1358,19,Medium
St0008,2022,August,68,23,21,51,6,49300,83.6,2,6,640900,4.0,1972,1927,45,High
St0008,2022,September,86,30,23,54,7,46440,83.7,1,1,650160,4.8,2322,2265,57,High
St0008,2022,October,43,15,17,51,5,38657,61.7,1,5,347913,3.8,1247,1229,18,Medium
St0008,2022,November,81,28,14,48,6,84564,69.2,4,12,930204,3.6,2349,2285,64,Medium
St0008,2022,December,66,23,16,48,5,30888,69.5,2,10,277992,4.4,1716,1665,51,Medium
St0008,2023,January,60,21,20,32,6,32400,72.5,2,2,291600,4.2,1800,1761,39,Medium
St0008,2023,February,58,20,19,48,7,31900,89.7,2,6,287100,4.4,1450,1396,54,High
St0008,2023,March,54,18,13,44,6,45360,66.7,0,0,635040,4.0,1296,1262,34,Medium
St0008,2023,April,62,21,24,30,9,54250,87.7,4,8,759500,3.7,1550,1522,28,High
St0008,2023,May,79,27,16,46,7,65728,76.6,3,3,985920,4.3,2054,1981,73,Medium
St0008,2023,June,75,26,21,53,7,36000,78.6,4,8,360000,3.9,1800,1739,61,Medium
St0008,2023,July,61,21,17,50,6,26352,89.8,1,1,421632,4.3,1464,1443,21,High
St0008,2023,August,69,24,20,30,8,50025,67.8,1,3,550275,4.1,1725,1664,61,Medium
St0008,2023,September,87,30,15,44,5,87696,70.8,0,0,876960,4.1,2436,2366,70,Medium
St0008,2023,October,81,28,16,35,5,68040,56.0,0,0,1020600,4.5,2268,2195,73,Low
St0008,2023,November,55,19,15,41,5,40040,63.7,3,3,600600,4.2,1430,1408,22,Medium
St0008,2023,December,70,24,21,46,6,50750,71.2,2,10,812000,4.6,1750,1704,46,Medium
St0008,2024,January,58,20,15,53,3,30856,63.8,4,8,401128,4.3,1624,1573,51,Medium
St0008,2024,February,78,27,19,41,7,46644,66.4,2,8,699660,4.3,2028,1969,59,Medium
St0008,2024,March,71,24,12,49,4,53534,60.0,2,6,481806,4.1,1846,1783,63,Low
St0008,2024,April,116,40,20,48,5,80040,69.3,3,12,960480,4.1,3480,3460,20,Medium
St0008,2024,May,96,33,16,48,5,69984,55.7,4,12,1049760,4.3,2592,2541,51,Low
St0008,2024,June,87,30,17,47,5,73080,57.7,1,3,657720,4.4,2436,2365,71,Low
St0008,2024,July,105,36,12,33,3,57330,60.1,3,6,687960,4.2,2730,2626,104,Medium
St0008,2024,August,65,22,23,55,7,50375,89.5,1,3,503750,4.6,1625,1580,45,High
St0008,2024,September,109,38,19,38,7,73575,76.0,2,4,735750,4.2,2725,2617,108,Medium
St0008,2024,October,94,32,15,47,6,51324,64.8,4,16,769860,3.5,2444,2368,76,Medium
St0008,2024,November,100,35,26,45,9,108000,92.8,1,2,1296000,4.1,3000,2981,19,High
St0008,2024,December,109,38,17,51,5,103005,62.9,2,8,1030050,4.7,2943,2873,70,Medium
St0008,2025,January,57,19,18,49,7,59508,80.7,3,9,833112,4.3,1653,1642,11,High
St0008,2025,February,73,25,18,54,5,65408,84.5,4,8,850304,4.4,2044,1999,45,High
St0008,2025,March,56,19,23,31,6,51744,86.3,0,0,776160,4.8,1568,1530,38,High
St0008,2025,April,128,44,26,31,7,64000,94.7,4,4,1024000,4.5,3200,3111,89,High
St0008,2025,May,85,29,19,36,7,91800,75.1,3,3,1468800,4.3,2550,2478,72,Medium
St0008,2025,June,97,33,23,47,6,101268,78.2,3,3,1417752,4.4,2813,2717,96,Medium
St0008,2025,July,62,21,23,36,7,31248,94.4,4,4,312480,3.6,1736,1671,65,High
St0008,2025,August,106,37,18,37,7,84800,79.3,2,6,1102400,4.5,2650,2549,101,Medium
St0008,2025,September,133,46,20,36,7,103075,64.3,0,0,927675,4.0,3325,3242,83,Medium
St0008,2025,October,128,44,27,52,7,65664,96.9,1,5,787968,4.1,3456,3428,28,High
St0008,2025,November,69,24,18,33,6,62100,91.4,2,8,931500,4.4,1725,1687,38,High
St0008,2025,December,144,50,20,35,6,129600,93.9,2,4,1944000,3.7,4320,4216,104,High
St0009,2021,January,142,49,22,30,6,93720,75.3,0,0,1124640,4.6,4260,4227,33,Medium
St0009,2021,February,134,46,23,48,8,124620,83.3,1,1,1744680,3.8,4020,3859,161,High
St0009,2021,March,111,38,19,31,6,74037,68.1,2,8,666333,3.9,3219,3132,87,Medium
St0009,2021,April,60,21,18,35,5,42000,79.1,4,20,630000,4.1,1500,1469,31,Medium
St0009,2021,May,114,39,13,36,6,68400,47.6,1,3,820800,3.8,3420,3368,52,Low
St0009,2021,June,113,39,13,42,4,114695,48.3,3,12,1261645,3.6,3277,3168,109,Low
St0009,2021,July,101,35,18,51,5,47268,60.3,3,3,472680,4.5,2626,2530,96,Medium
St0009,2021,August,141,49,19,37,4,98136,82.4,3,12,1177632,3.9,4089,4033,56,High
St0009,2021,September,73,25,9,32,2,36792,48.9,2,8,441504,4.5,1752,1684,68,Low
St0009,2021,October,160,56,15,40,4,108000,59.8,1,2,1512000,4.7,4320,4208,112,Low
St0009,2021,November,142,49,20,40,6,127232,67.6,2,8,1145088,4.1,3976,3830,146,Medium
St0009,2021,December,116,40,16,38,7,104400,73.5,4,16,939600,3.6,3480,3371,109,Medium
St0009,2022,January,113,39,19,39,6,61698,58.4,3,9,740376,4.3,2938,2871,67,Low
St0009,2022,February,118,41,19,46,4,59472,68.6,4,16,535248,4.3,2832,2746,86,Medium
St0009,2022,March,172,60,10,31,4,124700,51.6,4,16,1621100,4.4,4300,4129,171,Low
St0009,2022,April,108,37,17,49,6,72576,51.5,0,0,1088640,4.9,2592,2490,102,Low
St0009,2022,May,163,57,20,43,7,97800,75.6,0,0,1369200,4.1,4075,4010,65,Medium
St0009,2022,June,117,40,15,35,3,70200,68.6,1,4,772200,4.7,2925,2827,98,Medium
St0009,2022,July,124,43,21,30,6,114576,72.0,4,8,1604064,3.6,3472,3347,125,Medium
St0009,2022,August,141,49,18,53,5,98982,58.6,3,3,1385748,4.2,3666,3624,42,Low
St0009,2022,September,153,53,13,53,5,93177,49.2,3,15,931770,4.4,4437,4330,107,Low
St0009,2022,October,181,63,17,45,4,108238,75.8,4,4,1407094,4.1,4706,4660,46,Medium
St0009,2022,November,98,34,11,39,5,71442,58.5,3,9,1143072,4.3,2646,2546,100,Low
St0009,2022,December,142,49,12,33,3,71568,57.2,2,10,1145088,4.7,3408,3274,134,Low
St0009,2023,January,191,66,21,51,6,171709,81.9,3,12,2575635,4.1,5539,5346,193,High
St0009,2023,February,154,53,20,50,6,124740,76.7,0,0,1122660,4.4,4620,4564,56,Medium
St0009,2023,March,103,36,22,55,5,68701,86.3,0,0,1099216,4.0,2987,2969,18,High
St0009,2023,April,154,53,25,40,8,129360,86.5,0,0,1940400,4.0,4312,4236,76,High
St0009,2023,May,143,50,21,34,8,131274,77.7,4,8,1575288,3.5,3861,3804,57,Medium
St0009,2023,June,164,57,14,50,6,141696,56.2,2,6,1842048,4.7,3936,3851,85,Low
St0009,2023,July,189,66,19,47,6,163296,58.2,0,0,2122848,4.2,4536,4430,106,Low
St0009,2023,August,136,47,19,55,7,110976,59.4,1,5,1553664,4.4,3264,3218,46,Low
St0009,2023,September,113,39,19,46,7,62376,69.4,3,12,935640,4.1,2712,2658,54,Medium
St0009,2023,October,237,82,19,40,6,159264,57.5,2,10,2548224,3.9,5688,5546,142,Low
St0009,2023,November,211,73,16,45,5,183148,62.5,1,5,1831480,4.1,5908,5672,236,Medium
St0009,2023,December,171,59,11,34,5,98496,54.7,4,20,1575936,3.6,4104,4051,53,Low
St0009,2024,January,230,80,12,47,5,193430,55.7,1,3,2514590,3.9,6670,6556,114,Low
St0009,2024,February,101,35,14,38,5,57267,74.5,0,0,515403,4.2,2727,2706,21,Medium
St0009,2024,March,116,40,18,41,7,100920,60.6,1,5,1311960,4.6,3480,3427,53,Medium
St0009,2024,April,166,58,14,30,4,124500,66.1,2,8,1245000,3.7,4150,4086,64,Medium
St0009,2024,May,179,62,18,46,7,155372,84.7,2,4,2330580,4.4,5012,4933,79,High
St0009,2024,June,229,80,13,49,6,137400,62.1,0,0,1923600,4.9,5496,5439,57,Medium
St0009,2024,July,130,45,21,51,6,116480,74.1,2,6,1747200,4.1,3640,3541,99,Medium
St0009,2024,August,226,79,15,42,3,155940,75.9,3,15,1871280,3.7,6780,6654,126,Medium
St0009,2024,September,163,57,14,45,6,101875,70.1,1,1,1528125,3.7,4075,3939,136,Medium
St0009,2024,October,132,46,24,50,9,75240,93.2,3,9,1203840,4.4,3960,3858,102,High
St0009,2024,November,226,79,14,53,3,229390,67.9,1,2,3670240,4.3,6554,6414,140,Medium
St0009,2024,December,157,54,20,55,5,89019,75.0,2,6,890190,3.7,4239,4125,114,Medium
St0009,2025,January,213,74,23,46,6,160602,88.1,1,5,2409030,4.1,6177,5939,238,High
St0009,2025,February,203,71,15,40,6,176204,59.2,0,0,2643060,4.8,5684,5529,155,Low
St0009,2025,March,128,44,20,40,5,116480,90.8,3,3,1630720,3.8,3328,3231,97,High
St0009,2025,April,222,77,22,53,8,213120,81.6,1,4,2770560,4.3,6660,6429,231,High
St0009,2025,May,143,50,16,36,5,110825,76.2,0,0,997425,3.9,3575,3454,121,Medium
St0009,2025,June,240,84,26,38,8,180960,93.9,1,3,1990560,4.1,6240,5999,241,High
St0009,2025,July,133,46,17,55,4,82992,81.0,2,4,746928,3.9,3458,3330,128,High
St0009,2025,August,176,61,16,35,6,122496,82.2,2,10,1224960,3.9,4224,4139,85,High
St0009,2025,September,148,51,15,41,6,115884,62.7,1,3,1274724,4.1,4292,4201,91,Medium
St0009,2025,October,148,51,12,55,5,142080,63.9,3,6,1278720,4.1,4440,4270,170,Medium
St0009,2025,November,228,79,15,42,6,121296,76.0,1,1,1576848,4.2,6384,6272,112,Medium
St0009,2025,December,269,94,19,32,7,208475,73.9,0,0,1876275,3.9,6725,6516,209,Medium
St0010,2021,January,131,45,19,54,5,62880,56.3,3,9,565920,4.0,3144,3123,21,Low
St0010,2021,February,104,36,18,37,4,84864,82.7,3,12,763776,4.6,2496,2434,62,High
St0010,2021,March,140,49,17,44,4,94500,84.7,2,2,1228500,4.7,3780,3737,43,High
St0010,2021,April,125,43,12,43,6,77625,61.2,4,8,698625,3.5,3375,3338,37,Medium
St0010,2021,May,90,31,14,51,6,57420,63.5,3,15,631620,4.6,2610,2573,37,Medium
St0010,2021,June,67,23,14,32,6,46900,56.2,1,2,515900,4.7,1876,1806,70,Low
St0010,2021,July,142,49,16,46,7,129220,64.5,2,6,1162980,4.6,3692,3664,28,Medium
St0010,2021,August,104,36,22,32,6,98280,83.1,0,0,1277640,4.2,2808,2792,16,High
St0010,2021,September,133,46,11,37,4,73150,58.1,3,3,1097250,4.3,3325,3209,116,Low
St0010,2021,October,162,56,11,39,2,98658,46.3,0,0,1085238,4.3,4698,4518,180,Low
St0010,2021,November,84,29,18,52,5,40320,76.0,1,1,483840,4.8,2016,1974,42,Medium
St0010,2021,December,147,51,15,48,4,103194,76.2,4,12,1651104,4.5,3969,3845,124,Medium
St0010,2022,January,77,26,19,51,6,46200,65.5,4,4,462000,4.6,1925,1876,49,Medium
St0010,2022,February,168,58,13,34,6,112896,69.2,1,4,1241856,4.5,4032,3899,133,Medium
St0010,2022,March,135,47,12,54,4,118125,48.6,0,0,1417500,4.6,3375,3263,112,Low
St0010,2022,April,131,45,13,48,6,100608,51.9,0,0,905472,4.0,3144,3040,104,Low
St0010,2022,May,143,50,9,51,4,117975,48.5,2,6,1769625,4.2,3575,3444,131,Low
St0010,2022,June,170,59,16,35,5,103530,77.8,3,6,1138830,3.9,4930,4869,61,Medium
St0010,2022,July,83,29,18,40,6,62250,81.0,2,6,684750,4.4,2490,2401,89,High
St0010,2022,August,95,33,17,46,7,93670,51.6,1,2,1498720,4.8,2755,2694,61,Low
St0010,2022,September,94,32,14,40,6,55836,57.0,3,6,502524,4.6,2538,2487,51,Low
St0010,2022,October,173,60,11,45,3,142725,49.0,3,3,1855425,3.7,4325,4154,171,Low
St0010,2022,November,168,58,19,36,7,135408,87.5,4,8,2166528,4.5,4368,4304,64,High
St0010,2022,December,129,45,18,31,4,93525,60.1,4,20,1122300,4.2,3741,3682,59,Medium
St0010,2023,January,107,37,10,54,2,98868,53.1,4,4,1087548,4.5,2996,2950,46,Low
St0010,2023,February,120,42,16,38,5,110160,82.5,0,0,1211760,4.5,3240,3182,58,High
St0010,2023,March,149,52,14,30,3,133504,52.7,4,8,1201536,4.1,4172,4099,73,Low
St0010,2023,April,133,46,24,39,9,115710,81.2,1,2,1504230,4.0,3857,3718,139,High
St0010,2023,May,144,50,16,44,4,75168,54.2,2,10,1052352,4.2,4176,4015,161,Low
St0010,2023,June,106,37,18,32,6,53000,54.8,2,10,689000,3.9,2650,2576,74,Low
St0010,2023,July,97,33,11,43,2,46560,55.1,2,4,605280,4.5,2328,2281,47,Low
St0010,2023,August,130,45,18,51,4,136500,53.7,1,5,1774500,4.5,3900,3846,54,Low
St0010,2023,September,156,54,19,31,6,82992,73.6,4,16,1327872,4.2,4368,4277,91,Medium
St0010,2023,October,152,53,14,44,3,105792,67.1,4,4,1481088,3.6,3648,3605,43,Medium
St0010,2023,November,202,70,13,43,3,109080,53.4,3,12,1418040,4.2,6060,5960,100,Low
St0010,2023,December,191,66,16,51,7,148980,58.6,2,8,1787760,3.9,4966,4874,92,Low
St0010,2024,January,178,62,15,38,4,91314,66.8,3,12,1004454,4.5,4806,4664,142,Medium
St0010,2024,February,153,53,17,48,6,114750,81.5,3,15,1262250,4.2,4590,4409,181,High
St0010,2024,March,100,35,20,42,7,58800,78.9,4,4,588000,3.6,2800,2715,85,Medium
St0010,2024,April,121,42,19,46,6,58080,64.3,0,0,522720,4.2,2904,2846,58,Medium
St0010,2024,May,175,61,19,34,4,176400,60.8,4,4,1764000,4.4,4900,4741,159,Medium
St0010,2024,June,136,47,21,33,7,114240,77.8,4,16,1370880,4.1,3264,3207,57,Medium
St0010,2024,July,203,71,15,46,6,115710,79.5,0,0,1619940,4.1,6090,5966,124,Medium
St0010,2024,August,104,36,20,43,7,65520,65.5,0,0,982800,4.0,3120,3097,23,Medium
St0010,2024,September,147,51,18,48,5,102312,62.5,2,2,1227744,4.7,4263,4173,90,Medium
St0010,2024,October,219,76,20,47,7,189216,87.2,4,4,2270592,4.2,5913,5805,108,High
St0010,2024,November,173,60,16,30,5,154143,80.3,1,2,1541430,4.6,4671,4624,47,High
St0010,2024,December,221,77,21,52,7,185861,92.8,2,10,2602054,4.1,6409,6180,229,High
St0010,2025,January,133,46,19,49,5,73150,73.5,4,8,731500,3.9,3325,3295,30,Medium
St0010,2025,February,203,71,15,41,6,188790,73.7,3,9,1699110,4.6,6090,5968,122,Medium
St0010,2025,March,225,78,16,38,7,163800,57.7,2,4,2129400,4.4,6300,6055,245,Low
St0010,2025,April,129,45,21,44,8,73143,70.4,1,4,1170288,4.1,3483,3366,117,Medium
St0010,2025,May,156,54,16,44,7,101088,70.8,3,15,1617408,4.3,3744,3669,75,Medium
St0010,2025,June,226,79,27,42,9,158200,95.6,2,8,1582000,4.4,5650,5607,43,High
St0010,2025,July,231,80,16,32,6,121275,69.6,0,0,1212750,4.6,5775,5672,103,Medium
St0010,2025,August,143,50,17,34,7,92664,60.2,1,5,833976,4.6,3861,3792,69,Medium
St0010,2025,September,181,63,16,42,5,146972,57.5,1,4,2057608,4.3,5068,4904,164,Low
St0010,2025,October,248,86,18,43,5,229152,79.2,1,4,2520672,3.8,6944,6884,60,Medium
St0010,2025,November,293,102,21,50,6,253152,96.9,4,16,3037824,4.4,7911,7610,301,High
St0010,2025,December,287,100,16,52,4,123984,76.0,2,2,1611792,3.9,6888,6716,172,Medium
St0011,2021,January,45,15,18,52,6,19440,68.4,3,12,311040,4.4,1080,1072,8,Medium
St0011,2021,February,39,13,18,38,4,29406,51.0,0,0,382278,4.1,1131,1096,35,Low
St0011,2021,March,39,13,13,43,5,27300,48.3,0,0,300300,4.4,1092,1052,40,Low
St0011,2021,April,60,21,23,36,6,40500,85.0,2,6,607500,4.3,1620,1581,39,High
St0011,2021,May,66,23,18,49,6,39600,75.8,2,2,594000,4.4,1650,1636,14,Medium
St0011,2021,June,76,26,24,44,9,65664,81.6,4,4,1050624,4.5,2052,2026,26,High
St0011,2021,July,81,28,24,38,8,40014,84.3,2,2,480168,4.5,2106,2078,28,High
St0011,2021,August,83,29,14,33,4,50547,70.8,0,0,606564,4.1,2407,2362,45,Medium
St0011,2021,September,47,16,17,52,5,23688,45.2,4,4,236880,4.5,1316,1276,40,Low
St0011,2021,October,44,15,18,48,7,24948,74.3,3,3,374220,4.5,1188,1152,36,Medium
St0011,2021,November,79,27,22,46,8,43529,75.9,4,12,522348,3.7,2291,2238,53,Medium
St0011,2021,December,81,28,11,37,3,58320,55.3,1,1,816480,4.8,1944,1904,40,Low
St0011,2022,January,43,15,15,50,4,46440,60.2,1,2,603720,4.7,1290,1244,46,Medium
St0011,2022,February,86,30,14,40,4,59856,50.0,2,8,837984,4.1,2494,2440,54,Low
St0011,2022,March,86,30,19,34,5,61920,58.2,2,2,557280,4.5,2064,2044,20,Low
St0011,2022,April,99,34,16,47,6,60291,75.0,3,9,904365,3.7,2871,2808,63,Medium
St0011,2022,May,65,22,21,30,8,62205,74.2,0,0,746460,4.6,1885,1867,18,Medium
St0011,2022,June,97,33,13,55,5,51604,62.2,4,20,722456,4.3,2716,2696,20,Medium
St0011,2022,July,61,21,15,44,6,49532,65.2,3,15,643916,3.9,1708,1684,24,Medium
St0011,2022,August,93,32,14,48,5,51243,54.6,0,0,512430,4.5,2697,2626,71,Low
St0011,2022,September,54,18,12,43,4,50112,48.6,2,2,801792,4.2,1566,1509,57,Low
St0011,2022,October,82,28,21,49,6,59696,67.6,4,8,716352,4.4,2296,2261,35,Medium
St0011,2022,November,81,28,18,35,4,69498,72.2,2,6,764478,3.9,2106,2075,31,Medium
St0011,2022,December,94,32,15,37,4,63544,65.4,4,12,1016704,4.2,2444,2400,44,Medium
St0011,2023,January,111,38,19,31,5,103008,70.6,1,3,1648128,4.4,3219,3163,56,Medium
St0011,2023,February,54,18,15,32,5,45360,56.2,3,9,453600,4.6,1296,1256,40,Low
St0011,2023,March,58,20,14,36,6,25056,61.4,1,5,225504,4.5,1392,1361,31,Medium
St0011,2023,April,55,19,21,44,7,29700,74.5,2,10,326700,4.7,1650,1593,57,Medium
St0011,2023,May,107,37,12,44,5,57780,61.5,0,0,693360,4.0,3210,3140,70,Medium
St0011,2023,June,72,25,19,39,7,43200,79.7,3,9,432000,4.1,2160,2109,51,Medium
St0011,2023,July,91,31,25,51,8,82810,87.9,0,0,910910,3.9,2366,2275,91,High
St0011,2023,August,116,40,19,49,4,99528,68.0,2,8,1293864,4.0,3016,2914,102,Medium
St0011,2023,September,113,39,14,44,6,92208,57.9,3,6,1383120,4.0,2712,2629,83,Low
St0011,2023,October,92,32,18,44,5,72128,52.5,1,5,1154048,4.1,2576,2549,27,Low
St0011,2023,November,134,46,23,34,8,73164,89.6,0,0,877968,4.4,3484,3459,25,High
St0011,2023,December,81,28,22,30,7,74358,78.9,4,20,1041012,4.3,2187,2104,83,Medium
St0011,2024,January,117,40,12,34,3,58500,62.5,1,1,760500,4.4,2925,2878,47,Medium
St0011,2024,February,136,47,16,30,6,105400,63.7,3,12,1054000,3.8,3400,3289,111,Medium
St0011,2024,March,66,23,22,47,7,34452,83.3,2,10,413424,4.3,1914,1843,71,High
St0011,2024,April,126,44,21,47,5,98784,86.5,3,3,1481760,4.6,3528,3469,59,High
St0011,2024,May,64,22,19,49,5,46656,66.1,4,4,513216,4.4,1728,1679,49,Medium
St0011,2024,June,134,46,16,53,4,80400,54.9,3,3,804000,3.7,3350,3282,68,Low
St0011,2024,July,123,43,18,38,5,88560,87.6,1,2,1239840,3.8,2952,2935,17,High
St0011,2024,August,121,42,19,38,4,108900,77.2,3,6,1415700,4.5,3630,3541,89,Medium
St0011,2024,September,95,33,15,38,3,64125,74.5,2,10,769500,4.1,2565,2533,32,Medium
St0011,2024,October,93,32,15,43,4,64728,75.0,2,6,1035648,4.5,2697,2678,19,Medium
St0011,2024,November,151,52,13,32,3,142695,61.9,2,4,1569645,4.4,4077,4010,67,Medium
St0011,2024,December,117,40,23,31,8,68796,83.6,1,1,1031940,4.1,3276,3257,19,High
St0011,2025,January,66,23,19,31,5,34320,60.5,1,4,514800,4.5,1716,1664,52,Medium
St0011,2025,February,115,40,15,32,5,100625,77.2,0,0,1509375,4.1,2875,2804,71,Medium
St0011,2025,March,80,28,16,39,4,42560,61.8,4,12,638400,4.5,2240,2175,65,Medium
St0011,2025,April,89,31,15,35,3,67106,60.5,0,0,872378,4.7,2581,2512,69,Medium
St0011,2025,May,128,44,24,35,9,117504,80.6,0,0,1410048,4.2,3456,3425,31,High
St0011,2025,June,152,53,15,32,3,144704,73.0,0,0,1881152,4.4,4256,4231,25,Medium
St0011,2025,July,148,51,15,34,4,78736,60.1,4,8,944832,4.3,4144,4055,89,Medium
St0011,2025,August,132,46,21,47,6,125664,86.2,0,0,1759296,4.1,3696,3590,106,High
St0011,2025,September,147,51,20,52,8,119070,66.9,4,12,1547910,3.9,4410,4282,128,Medium
St0011,2025,October,139,48,15,41,6,90350,71.7,3,12,993850,3.8,3614,3499,115,Medium
St0011,2025,November,109,38,20,35,6,61803,60.6,3,6,803439,3.9,2943,2925,18,Medium
St0011,2025,December,78,27,15,35,6,65520,68.9,0,0,982800,3.9,2184,2109,75,Medium
St0012,2021,January,76,26,11,32,4,39672,57.8,3,6,436392,4.5,2204,2190,14,Low
St0012,2021,February,116,40,13,30,4,57304,57.1,0,0,687648,4.5,3016,2960,56,Low
St0012,2021,March,62,21,15,50,4,54250,65.9,4,12,705250,4.6,1550,1501,49,Medium
St0012,2021,April,106,37,21,51,8,57240,74.2,3,9,915840,4.6,3180,3137,43,Medium
St0012,2021,May,106,37,18,47,4,92008,77.7,2,8,1196104,3.7,2968,2947,21,Medium
St0012,2021,June,65,22,12,32,5,30875,57.6,4,4,339625,4.2,1625,1565,60,Low
St0012,2021,July,80,28,18,50,4,65280,75.0,4,16,979200,3.5,1920,1866,54,Medium
St0012,2021,August,131,45,12,33,6,98250,58.8,1,4,1277250,4.7,3930,3870,60,Low
St0012,2021,September,120,42,12,42,4,54000,53.0,4,12,486000,3.5,3000,2941,59,Low
St0012,2021,October,149,52,19,40,6,151980,75.7,2,10,2279700,4.1,4470,4310,160,Medium
St0012,2021,November,107,37,21,39,7,69550,84.4,1,4,1112800,4.0,2782,2742,40,High
St0012,2021,December,92,32,21,53,8,50692,75.4,1,1,608304,4.0,2668,2649,19,Medium
St0012,2022,January,114,39,22,41,5,89376,79.1,1,1,893760,4.0,3192,3067,125,Medium
St0012,2022,February,142,49,11,37,3,148248,57.1,1,4,2075472,4.7,4118,4095,23,Low
St0012,2022,March,155,54,15,48,4,86800,77.6,1,5,868000,3.8,4340,4252,88,Medium
St0012,2022,April,68,23,14,44,6,47736,67.1,2,10,620568,4.0,1836,1774,62,Medium
St0012,2022,May,124,43,22,47,5,99200,74.9,3,9,1388800,4.3,3100,3075,25,Medium
St0012,2022,June,122,42,13,41,3,118584,63.8,3,6,1067256,3.7,3294,3235,59,Medium
St0012,2022,July,153,53,20,39,6,106488,86.8,0,0,1384344,4.5,3672,3568,104,High
St0012,2022,August,133,46,18,50,5,131138,52.2,4,8,2098208,3.9,3857,3814,43,Low
St0012,2022,September,149,52,25,52,6,67944,87.0,2,10,883272,4.2,3576,3436,140,High
St0012,2022,October,183,64,13,51,6,128100,58.8,1,2,1665300,3.8,4575,4456,119,Low
St0012,2022,November,116,40,19,52,6,67280,55.0,3,15,740080,4.5,3364,3289,75,Low
St0012,2022,December,87,30,16,47,7,60552,55.0,4,4,787176,4.5,2523,2447,76,Low
St0012,2023,January,105,36,16,45,7,100800,82.9,0,0,1411200,4.1,3150,3027,123,High
St0012,2023,February,119,41,20,40,8,128520,65.6,2,4,1285200,4.1,3570,3506,64,Medium
St0012,2023,March,93,32,15,54,6,62496,66.7,0,0,874944,4.5,2604,2510,94,Medium
St0012,2023,April,141,49,16,49,6,102225,63.1,4,16,920025,3.8,4089,3934,155,Medium
St0012,2023,May,139,48,19,55,7,145950,55.1,4,4,1313550,3.5,4170,4141,29,Low
St0012,2023,June,108,37,21,33,5,75168,66.3,0,0,676512,4.4,2592,2555,37,Medium
St0012,2023,July,107,37,15,54,5,89880,58.9,0,0,988680,3.9,2568,2506,62,Low
St0012,2023,August,92,32,18,49,7,62192,52.9,0,0,746304,4.0,2392,2318,74,Low
St0012,2023,September,84,29,20,34,6,40824,80.5,1,3,571536,3.9,2268,2196,72,High
St0012,2023,October,205,71,16,30,4,159900,80.1,3,3,1758900,3.6,5330,5172,158,High
St0012,2023,November,209,73,19,40,6,95304,68.0,2,4,857736,4.7,5016,4960,56,Medium
St0012,2023,December,132,46,15,43,6,91872,71.5,1,3,918720,4.5,3828,3798,30,Medium
St0012,2024,January,201,70,13,45,5,162006,69.8,2,10,1620060,4.4,5226,5139,87,Medium
St0012,2024,February,134,46,15,36,3,132660,59.3,0,0,1591920,4.6,4020,3942,78,Low
St0012,2024,March,205,71,18,33,5,184500,69.5,4,12,2952000,4.0,6150,6028,122,Medium
St0012,2024,April,125,43,19,50,7,97500,76.6,4,16,1365000,4.4,3250,3201,49,Medium
St0012,2024,May,211,73,19,55,4,116261,59.3,4,8,1743915,4.5,6119,6006,113,Low
St0012,2024,June,164,57,20,35,8,156128,86.0,1,2,2185792,4.3,4592,4455,137,High
St0012,2024,July,112,39,18,47,5,110880,77.4,2,2,1108800,4.0,3360,3227,133,Medium
St0012,2024,August,114,39,19,54,6,105792,60.5,2,2,1375296,3.8,3306,3260,46,Medium
St0012,2024,September,183,64,16,32,7,159210,80.9,0,0,1432890,4.2,5490,5309,181,High
St0012,2024,October,194,67,15,50,3,140650,70.9,1,1,1547150,4.7,4850,4776,74,Medium
St0012,2024,November,138,48,13,35,4,119232,68.6,3,3,1073088,3.9,3726,3650,76,Medium
St0012,2024,December,236,82,17,52,4,122720,86.9,2,4,1227200,4.5,6136,5909,227,High
St0012,2025,January,228,79,20,32,6,136800,62.5,4,20,1368000,4.3,5472,5423,49,Medium
St0012,2025,February,205,71,23,40,8,166050,95.6,3,9,1826550,4.4,5535,5352,183,High
St0012,2025,March,200,70,14,39,3,162000,64.8,2,10,1620000,4.7,5400,5249,151,Medium
St0012,2025,April,174,60,17,38,4,155034,64.8,3,9,1860408,4.3,4698,4598,100,Medium
St0012,2025,May,139,48,18,45,4,125100,70.9,1,3,1501200,4.3,4170,4082,88,Medium
St0012,2025,June,114,39,20,43,7,82080,88.8,3,15,1313280,4.3,3420,3348,72,High
St0012,2025,July,240,84,25,55,7,168480,88.3,1,4,2021760,4.7,6480,6388,92,High
St0012,2025,August,240,84,20,52,8,155520,92.9,2,8,1555200,4.5,5760,5574,186,High
St0012,2025,September,200,70,17,30,6,112000,77.5,1,4,1680000,4.3,5600,5395,205,Medium
St0012,2025,October,128,44,23,55,8,114048,76.3,3,6,1710720,3.6,3456,3392,64,Medium
St0012,2025,November,184,64,18,53,7,96048,58.2,2,8,1536768,4.6,5336,5293,43,Low
St0012,2025,December,235,82,16,43,6,118440,72.9,0,0,1065960,3.8,6580,6351,229,Medium
St0013,2021,January,139,48,17,35,4,118150,65.5,1,3,1417800,4.7,3475,3356,119,Medium
St0013,2021,February,84,29,14,31,6,75600,60.0,0,0,831600,4.6,2520,2476,44,Low
St0013,2021,March,113,39,20,47,6,88592,63.7,2,4,1151696,3.8,3164,3069,95,Medium
St0013,2021,April,64,22,18,47,7,35264,70.0,3,15,528960,4.2,1856,1833,23,Medium
St0013,2021,May,99,34,17,50,6,63756,62.6,0,0,765072,4.5,2772,2726,46,Medium
St0013,2021,June,96,33,18,43,5,80736,79.2,0,0,726624,4.5,2784,2743,41,Medium
St0013,2021,July,133,46,15,34,4,123424,55.3,1,4,1481088,4.5,3857,3794,63,Low
St0013,2021,August,63,22,12,45,5,55692,61.4,0,0,556920,4.4,1638,1576,62,Medium
St0013,2021,September,79,27,18,34,5,55458,58.9,0,0,554580,4.6,2133,2097,36,Low
St0013,2021,October,109,38,14,35,4,70196,48.6,2,2,982744,4.4,3052,2946,106,Low
St0013,2021,November,73,25,17,44,6,65700,67.4,1,5,985500,3.9,2190,2158,32,Medium
St0013,2021,December,112,39,21,48,8,100688,73.7,0,0,906192,4.8,3248,3228,20,Medium
St0013,2022,January,91,31,14,55,4,76440,71.7,1,1,1146600,3.8,2548,2486,62,Medium
St0013,2022,February,104,36,18,35,5,96096,78.8,4,12,1537536,4.4,2912,2880,32,Medium
St0013,2022,March,143,50,10,30,5,126412,53.5,4,20,1390532,3.9,3718,3570,148,Low
St0013,2022,April,115,40,14,45,6,96715,68.5,4,16,1257295,4.3,3335,3209,126,Medium
St0013,2022,May,104,36,19,34,5,64064,86.2,3,9,768768,4.6,2912,2815,97,High
St0013,2022,June,89,31,19,46,6,50463,86.9,3,15,656019,4.3,2403,2384,19,High
St0013,2022,July,171,59,14,38,5,145350,67.4,1,5,1744200,4.1,4275,4232,43,Medium
St0013,2022,August,173,60,18,47,6,99648,81.6,0,0,1295424,4.8,4152,4031,121,High
St0013,2022,September,160,56,20,38,5,108000,86.4,0,0,1512000,4.3,4000,3892,108,High
St0013,2022,October,179,62,17,34,4,141768,68.7,2,4,1417680,3.9,4296,4177,119,Medium
St0013,2022,November,187,65,14,49,3,148104,73.3,1,3,1629144,4.2,4488,4439,49,Medium
St0013,2022,December,84,29,16,48,7,75516,48.7,1,1,1132740,3.9,2436,2387,49,Low
St0013,2023,January,181,63,18,43,4,130320,77.1,1,4,1303200,4.3,4344,4213,131,Medium
St0013,2023,February,163,57,18,42,4,73350,88.4,4,4,880200,3.9,4075,4047,28,High
St0013,2023,March,114,39,20,43,8,85500,90.0,0,0,1282500,4.4,3420,3313,107,High
St0013,2023,April,132,46,24,52,8,89100,80.7,3,15,801900,4.1,3564,3467,97,High
St0013,2023,May,119,41,20,37,5,58786,86.5,1,5,646646,4.3,3094,2982,112,High
St0013,2023,June,136,47,17,54,6,62016,69.1,0,0,558144,4.5,3264,3157,107,Medium
St0013,2023,July,123,43,17,38,7,105534,79.0,2,6,1055340,3.6,3198,3139,59,Medium
St0013,2023,August,99,34,18,31,6,86625,75.5,3,9,1386000,3.7,2475,2458,17,Medium
St0013,2023,September,177,61,21,55,6,114696,78.0,2,8,1261656,3.6,4779,4653,126,Medium
St0013,2023,October,102,35,16,55,4,110160,54.7,2,8,1762560,4.2,3060,3043,17,Low
St0013,2023,November,122,42,13,36,3,81984,55.8,1,1,983808,4.1,2928,2885,43,Low
St0013,2023,December,142,49,18,46,7,103376,81.6,1,1,1654016,4.0,3692,3547,145,High
St0013,2024,January,167,58,17,52,7,88844,64.5,0,0,888440,4.6,4676,4512,164,Medium
St0013,2024,February,109,38,11,55,5,79352,57.0,3,12,952224,4.4,3052,3028,24,Low
St0013,2024,March,188,65,19,34,5,106596,87.8,2,8,1385748,3.7,5076,4916,160,High
St0013,2024,April,135,47,20,55,7,58320,87.8,3,6,933120,3.7,3240,3169,71,High
St0013,2024,May,214,74,24,37,9,161356,85.4,1,4,2258984,4.2,6206,6065,141,High
St0013,2024,June,164,57,21,49,5,115128,83.3,4,4,1266408,3.8,4428,4318,110,High
St0013,2024,July,216,75,18,30,5,150336,92.2,1,5,1503360,3.8,6264,6133,131,High
St0013,2024,August,197,68,22,35,5,119973,83.2,4,4,1919568,4.3,5713,5501,212,High
St0013,2024,September,206,72,19,33,6,135960,79.4,1,3,2039400,3.9,6180,5963,217,Medium
St0013,2024,October,207,72,15,32,5,197064,66.2,2,4,1773576,4.1,5796,5630,166,Medium
St0013,2024,November,127,44,15,55,5,110490,56.3,2,8,994410,4.2,3683,3566,117,Low
St0013,2024,December,131,45,22,33,5,65500,87.7,3,12,1048000,3.6,3275,3237,38,High
St0013,2025,January,136,47,17,52,6,132192,67.9,4,4,1850688,3.8,3672,3616,56,Medium
St0013,2025,February,156,54,17,46,4,149760,73.6,1,5,1946880,3.9,4680,4595,85,Medium
St0013,2025,March,120,42,15,38,4,81000,66.2,1,4,1053000,4.4,3240,3150,90,Medium
St0013,2025,April,255,89,21,36,5,175950,65.3,3,15,2287350,4.0,7650,7349,301,Medium
St0013,2025,May,199,69,15,43,6,193428,68.2,3,9,1740852,4.5,5373,5186,187,Medium
St0013,2025,June,267,93,24,31,7,192240,84.9,4,16,1922400,4.4,8010,7810,200,High
St0013,2025,July,236,82,19,42,4,226560,57.7,3,15,2492160,3.7,7080,6974,106,Low
St0013,2025,August,248,86,21,38,6,238080,89.2,0,0,3809280,4.2,7440,7364,76,High
St0013,2025,September,256,89,18,39,5,172800,72.7,2,4,1555200,4.1,6912,6742,170,Medium
St0013,2025,October,149,52,17,49,4,155556,57.4,3,6,2333340,4.1,4321,4283,38,Low
St0013,2025,November,271,94,17,42,4,234144,84.3,0,0,2341440,4.0,6504,6375,129,High
St0013,2025,December,130,45,20,35,6,67860,73.5,0,0,882180,4.2,3770,3633,137,Medium
St0014,2021,January,95,33,17,42,4,76950,82.2,1,5,846450,4.3,2565,2498,67,High
St0014,2021,February,167,58,19,54,7,157815,68.5,2,2,2367225,4.3,4509,4355,154,Medium
St0014,2021,March,94,32,19,30,5,57246,58.1,4,20,629706,4.5,2726,2650,76,Low
St0014,2021,April,85,29,17,53,4,88740,62.1,0,0,887400,4.6,2465,2424,41,Medium
St0014,2021,May,151,52,21,32,7,149490,84.9,1,1,2391840,4.3,4530,4459,71,High
St0014,2021,June,105,36,21,52,7,84000,77.6,4,8,756000,3.6,2625,2573,52,Medium
St0014,2021,July,127,44,19,53,5,121920,72.6,0,0,1828800,4.5,3810,3714,96,Medium
St0014,2021,August,123,43,19,44,5,86346,74.0,2,4,949806,4.2,3321,3273,48,Medium
St0014,2021,September,125,43,16,55,7,108000,68.2,2,8,972000,4.3,3000,2918,82,Medium
St0014,2021,October,98,34,21,52,5,59682,69.2,4,4,537138,3.9,2842,2806,36,Medium
St0014,2021,November,100,35,16,31,6,65000,56.7,0,0,780000,3.8,2600,2536,64,Low
St0014,2021,December,137,47,18,35,4,88776,61.6,4,20,798984,4.0,3699,3627,72,Medium
St0014,2022,January,174,60,15,43,6,141288,65.3,1,4,1412880,4.8,5046,5004,42,Medium
St0014,2022,February,106,37,15,42,3,56392,66.2,0,0,789488,4.6,2968,2867,101,Medium
St0014,2022,March,168,58,17,51,6,105000,83.3,4,16,1050000,3.9,4200,4099,101,High
St0014,2022,April,168,58,20,45,8,94080,87.3,2,4,1128960,4.5,4704,4637,67,High
St0014,2022,May,178,62,19,31,5,124600,68.6,3,9,1744400,4.2,4984,4865,119,Medium
St0014,2022,June,194,67,23,44,6,141232,77.9,4,8,1271088,4.1,5044,4882,162,Medium
St0014,2022,July,193,67,18,46,4,138960,65.0,3,15,1806480,4.0,4632,4493,139,Medium
St0014,2022,August,164,57,18,32,5,114800,55.0,2,2,1262800,4.6,4592,4504,88,Low
St0014,2022,September,182,63,17,31,6,117936,71.7,1,5,1297296,4.3,4914,4810,104,Medium
St0014,2022,October,109,38,17,53,4,78480,58.9,1,4,784800,4.8,2616,2600,16,Low
St0014,2022,November,207,72,14,40,4,98325,69.6,1,4,1278225,3.7,5175,4968,207,Medium
St0014,2022,December,122,42,20,54,5,109800,79.6,2,8,1098000,3.8,3050,2957,93,Medium
St0014,2023,January,205,71,17,40,7,130790,84.9,2,10,1569480,4.2,5945,5868,77,High
St0014,2023,February,123,43,21,43,8,102951,68.6,4,20,1647216,3.5,3321,3213,108,Medium
St0014,2023,March,208,72,15,36,3,178464,58.3,1,1,2320032,4.0,5408,5319,89,Low
St0014,2023,April,203,71,17,32,7,121394,84.3,4,4,1942304,3.7,5278,5142,136,High
St0014,2023,May,223,78,21,32,8,162567,78.1,2,4,1463103,4.1,6021,5798,223,Medium
St0014,2023,June,136,47,23,34,5,93840,86.3,1,5,1219920,4.8,4080,4048,32,High
St0014,2023,July,106,37,11,46,5,65826,54.5,1,3,855738,4.4,2862,2810,52,Low
St0014,2023,August,210,73,13,45,3,183750,58.7,1,5,2021250,4.6,5250,5190,60,Low
St0014,2023,September,121,42,18,35,7,84216,83.0,4,8,842160,3.6,2904,2836,68,High
St0014,2023,October,188,65,13,49,5,112800,62.7,0,0,1128000,4.1,4700,4600,100,Medium
St0014,2023,November,223,78,18,33,4,156546,53.0,4,16,2348190,4.1,6021,5804,217,Low
St0014,2023,December,116,40,20,33,7,54288,67.0,4,4,868608,3.6,3016,2920,96,Medium
St0014,2024,January,163,57,20,35,7,118664,74.6,0,0,1898624,4.7,4564,4431,133,Medium
St0014,2024,February,216,75,15,34,3,110808,67.1,4,4,1108080,4.4,5832,5758,74,Medium
St0014,2024,March,174,60,21,54,7,156600,83.0,4,20,2349000,4.0,4350,4319,31,High
St0014,2024,April,224,78,23,41,5,225792,93.3,4,8,2935296,3.7,6272,6149,123,High
St0014,2024,May,234,81,17,32,5,146016,65.5,3,3,1752192,4.0,5616,5578,38,Medium
St0014,2024,June,143,50,14,45,3,111969,74.7,1,2,1007721,3.8,4147,4059,88,Medium
St0014,2024,July,214,74,19,55,5,133750,83.0,1,5,2006250,4.1,5350,5146,204,High
St0014,2024,August,142,49,13,36,3,84916,57.6,3,9,1273740,4.3,3692,3654,38,Low
St0014,2024,September,249,87,21,49,7,220116,82.5,4,12,2641392,4.3,6474,6355,119,High
St0014,2024,October,313,109,15,47,4,211275,71.1,1,1,2535300,4.5,8451,8128,323,Medium
St0014,2024,November,179,62,26,47,9,129775,91.2,4,20,1427525,4.3,4475,4342,133,High
St0014,2024,December,248,86,16,52,6,180544,75.4,2,2,1985984,3.7,6448,6363,85,Medium
St0014,2025,January,155,54,22,51,7,129735,96.0,3,15,1297350,4.0,4185,4095,90,High
St0014,2025,February,239,83,17,34,6,135513,74.4,4,16,1897182,3.8,6453,6399,54,Medium
St0014,2025,March,295,103,21,45,5,177000,78.7,1,2,1593000,4.2,8850,8741,109,Medium
St0014,2025,April,297,103,18,44,5,272646,91.7,0,0,2999106,4.5,8019,7718,301,High
St0014,2025,May,140,49,17,39,7,120120,75.0,3,6,1441440,4.2,3640,3575,65,Medium
St0014,2025,June,306,107,16,45,5,220320,74.9,3,15,2423520,4.2,7344,7056,288,Medium
St0014,2025,July,131,45,14,51,5,91176,64.6,2,10,1002936,4.3,3799,3656,143,Medium
St0014,2025,August,177,61,17,35,6,100890,74.8,1,4,1614240,4.5,5310,5139,171,Medium
St0014,2025,September,173,60,18,38,7,175595,68.8,0,0,1755950,4.7,5017,4871,146,Medium
St0014,2025,October,316,110,20,35,8,164320,82.5,4,16,2629120,3.7,8216,8114,102,High
St0014,2025,November,284,99,18,51,4,298200,64.0,4,16,3578400,4.4,8520,8323,197,Medium
St0014,2025,December,298,104,12,51,6,225288,59.2,3,12,3379320,4.2,8344,8116,228,Low
St0015,2021,January,47,16,14,54,4,31772,58.4,4,16,317720,3.8,1222,1180,42,Low
St0015,2021,February,78,27,16,42,5,41184,66.6,1,1,411840,4.3,1872,1810,62,Medium
St0015,2021,March,56,19,23,45,5,51968,82.6,2,2,831488,4.7,1624,1595,29,High
St0015,2021,April,80,28,21,51,6,41040,71.1,3,6,533520,3.6,2160,2113,47,Medium
St0015,2021,May,55,19,17,51,6,35750,62.1,3,15,572000,3.9,1430,1399,31,Medium
St0015,2021,June,38,13,11,48,2,25650,55.4,4,4,384750,4.0,1026,1001,25,Low
St0015,2021,July,76,26,17,45,6,63840,80.7,3,3,957600,4.2,1824,1787,37,High
St0015,2021,August,50,17,21,54,5,29700,77.1,2,2,297000,4.6,1350,1300,50,Medium
St0015,2021,September,65,22,14,36,5,54600,70.6,1,4,819000,4.3,1560,1500,60,Medium
St0015,2021,October,61,21,10,51,2,38125,54.6,1,2,457500,3.8,1525,1484,41,Low
St0015,2021,November,47,16,13,49,4,36096,46.4,0,0,469248,4.0,1128,1110,18,Low
St0015,2021,December,93,32,15,52,6,70122,77.8,0,0,701220,4.0,2418,2398,20,Medium
St0015,2022,January,80,28,23,39,6,48720,85.3,1,4,487200,3.7,2320,2298,22,High
St0015,2022,February,45,15,11,37,4,37800,49.9,0,0,415800,4.7,1350,1336,14,Low
St0015,2022,March,78,27,21,48,8,42978,76.3,0,0,601692,4.5,2262,2237,25,Medium
St0015,2022,April,59,20,20,40,8,33040,81.6,0,0,528640,4.4,1652,1620,32,High
St0015,2022,May,64,22,21,50,6,53568,85.8,1,2,482112,4.8,1728,1676,52,High
St0015,2022,June,87,30,19,39,7,83259,85.2,3,3,1165626,3.6,2523,2490,33,High
St0015,2022,July,60,21,14,43,5,63000,53.2,0,0,693000,4.7,1800,1751,49,Low
St0015,2022,August,50,17,22,54,5,26400,76.3,3,9,264000,4.6,1200,1169,31,Medium
St0015,2022,September,64,22,14,31,3,53760,56.6,2,2,645120,4.3,1792,1741,51,Low
St0015,2022,October,72,25,20,31,5,63000,78.2,0,0,630000,4.6,1800,1733,67,Medium
St0015,2022,November,112,39,13,36,6,89600,49.4,1,5,1254400,4.6,2800,2770,30,Low
St0015,2022,December,82,28,18,51,5,73718,67.9,1,4,958334,4.5,2378,2336,42,Medium
St0015,2023,January,74,25,21,33,8,37962,90.8,2,2,493506,4.4,1998,1984,14,High
St0015,2023,February,91,31,12,37,4,44954,54.6,0,0,674310,4.7,2366,2304,62,Low
St0015,2023,March,84,29,19,41,6,47040,65.5,4,12,705600,4.2,2352,2336,16,Medium
St0015,2023,April,85,29,16,45,4,88740,65.7,4,4,1419840,3.7,2465,2434,31,Medium
St0015,2023,May,116,40,22,48,7,62640,86.0,1,2,563760,3.9,3480,3366,114,High
St0015,2023,June,100,35,20,43,7,70000,70.5,0,0,700000,4.5,2500,2443,57,Medium
St0015,2023,July,79,27,14,43,4,53088,73.3,2,2,743232,4.1,2212,2144,68,Medium
St0015,2023,August,107,37,17,45,7,75114,51.7,1,2,826254,4.4,2889,2848,41,Low
St0015,2023,September,60,21,22,36,8,37500,84.9,1,1,562500,3.8,1500,1453,47,High
St0015,2023,October,131,45,19,55,5,97464,90.1,3,3,1559424,4.0,3144,3031,113,High
St0015,2023,November,134,46,21,48,6,104520,66.1,4,8,1567800,3.7,3484,3419,65,Medium
St0015,2023,December,114,39,21,44,8,70224,77.4,2,10,1053360,4.4,3192,3150,42,Medium
St0015,2024,January,95,33,14,32,4,51300,72.0,3,3,615600,4.3,2565,2496,69,Medium
St0015,2024,February,106,37,17,40,4,54378,76.9,3,15,543780,4.0,2862,2764,98,Medium
St0015,2024,March,86,30,12,49,6,43000,64.1,1,4,602000,3.8,2150,2097,53,Medium
St0015,2024,April,115,40,21,46,6,55200,75.8,1,4,717600,4.7,2760,2671,89,Medium
St0015,2024,May,124,43,25,31,6,86304,92.4,4,16,1035648,4.3,3596,3535,61,High
St0015,2024,June,75,26,19,47,4,46800,58.8,1,3,468000,4.3,1800,1788,12,Low
St0015,2024,July,101,35,22,37,8,83325,71.5,4,20,833250,3.9,2525,2474,51,Medium
St0015,2024,August,65,22,12,55,3,35100,56.1,1,2,386100,4.2,1950,1904,46,Low
St0015,2024,September,134,46,21,35,5,90450,93.5,3,6,1266300,4.4,3618,3576,42,High
St0015,2024,October,101,35,20,41,7,67872,82.6,0,0,746592,4.2,2424,2381,43,High
St0015,2024,November,137,47,24,45,9,99325,88.0,0,0,1589200,3.9,3425,3366,59,High
St0015,2024,December,116,40,22,31,5,91872,83.3,0,0,918720,4.0,2784,2675,109,High
St0015,2025,January,88,30,25,51,7,77792,96.5,2,8,1089088,4.6,2288,2273,15,High
St0015,2025,February,82,28,18,52,7,75276,71.0,3,15,903312,3.7,2214,2201,13,Medium
St0015,2025,March,153,53,22,46,6,165240,70.8,1,2,1652400,4.2,4590,4442,148,Medium
St0015,2025,April,146,51,16,39,5,81760,79.5,4,4,1144640,3.8,4088,4041,47,Medium
St0015,2025,May,92,32,19,38,7,56672,81.4,2,8,623392,4.6,2576,2556,20,High
St0015,2025,June,154,53,23,52,8,120582,77.0,4,20,1929312,4.1,4158,4126,32,Medium
St0015,2025,July,140,49,17,54,7,132300,85.9,0,0,1984500,4.1,3780,3634,146,High
St0015,2025,August,121,42,12,36,3,84942,60.4,1,2,1359072,4.2,3267,3165,102,Medium
St0015,2025,September,109,38,17,41,6,67144,68.5,3,12,738584,4.5,3052,2940,112,Medium
St0015,2025,October,164,57,18,33,5,88560,94.8,2,4,974160,3.6,4428,4276,152,High
St0015,2025,November,108,37,19,37,4,90720,80.3,1,1,1088640,4.2,3240,3152,88,High
St0015,2025,December,89,31,13,30,4,60075,68.1,2,2,540675,4.4,2403,2315,88,Medium
St0016,2021,January,42,14,20,52,8,21840,81.4,0,0,240240,4.5,1092,1056,36,High
St0016,2021,February,45,15,15,37,6,26730,67.6,0,0,294030,4.2,1215,1177,38,Medium
St0016,2021,March,33,11,9,32,4,26928,49.1,3,6,376992,3.9,792,769,23,Low
St0016,2021,April,30,10,13,38,5,29160,53.0,4,12,262440,4.5,810,786,24,Low
St0016,2021,May,61,21,14,54,6,42456,46.6,1,5,424560,3.7,1769,1731,38,Low
St0016,2021,June,43,15,22,47,8,43860,72.6,3,15,701760,3.7,1290,1249,41,Medium
St0016,2021,July,34,11,18,47,6,16150,57.1,1,5,258400,4.5,850,842,8,Low
St0016,2021,August,63,22,14,32,4,44100,70.2,3,9,705600,4.0,1764,1715,49,Medium
St0016,2021,September,30,10,10,50,2,18630,51.6,1,5,186300,4.7,810,782,28,Low
St0016,2021,October,73,25,16,43,7,59568,52.2,3,6,714816,4.3,1752,1739,13,Low
St0016,2021,November,41,14,21,51,5,22960,65.1,1,3,367360,3.7,1148,1110,38,Medium
St0016,2021,December,60,21,10,55,3,48960,52.1,1,5,489600,3.7,1440,1408,32,Low
St0016,2022,January,59,20,17,51,6,44250,80.9,0,0,575250,4.1,1475,1441,34,High
St0016,2022,February,85,29,21,46,5,68850,66.1,1,3,619650,3.9,2295,2232,63,Medium
St0016,2022,March,45,15,17,41,5,31500,87.3,4,8,504000,4.3,1260,1233,27,High
St0016,2022,April,54,18,19,46,4,37908,59.3,3,9,379080,4.0,1458,1424,34,Low
St0016,2022,May,78,27,15,53,4,56784,49.2,4,20,908544,3.6,2184,2098,86,Low
St0016,2022,June,48,16,18,40,6,24192,52.8,1,1,217728,4.5,1152,1114,38,Low
St0016,2022,July,53,18,18,45,5,30051,73.3,3,15,420714,4.1,1431,1376,55,Medium
St0016,2022,August,59,20,22,46,5,41418,72.6,3,9,372762,4.5,1593,1546,47,Medium
St0016,2022,September,51,17,22,33,7,39933,70.5,1,3,598995,3.9,1479,1469,10,Medium
St0016,2022,October,54,18,17,43,4,29484,77.8,2,8,265356,3.8,1404,1385,19,Medium
St0016,2022,November,56,19,14,50,5,53312,73.6,3,3,693056,4.4,1568,1531,37,Medium
St0016,2022,December,64,22,14,38,3,38272,74.7,3,9,459264,3.9,1664,1639,25,Medium
St0016,2023,January,88,30,20,51,7,48488,85.6,3,6,484880,4.1,2552,2489,63,High
St0016,2023,February,59,20,17,41,6,38350,69.3,2,8,383500,3.8,1534,1514,20,Medium
St0016,2023,March,101,35,13,31,4,79083,63.5,4,4,948996,4.2,2727,2647,80,Medium
St0016,2023,April,93,32,20,53,6,80910,73.1,1,4,1132740,4.2,2790,2680,110,Medium
St0016,2023,May,60,21,12,48,3,53760,64.4,4,20,483840,3.9,1680,1617,63,Medium
St0016,2023,June,97,33,19,48,7,73138,60.8,3,9,1097070,3.7,2522,2421,101,Medium
St0016,2023,July,100,35,16,36,7,52000,76.6,4,16,624000,3.6,2600,2513,87,Medium
St0016,2023,August,91,31,13,50,6,58058,55.0,1,3,754754,3.8,2639,2533,106,Low
St0016,2023,September,67,23,20,48,5,41875,64.7,1,4,670000,4.3,1675,1629,46,Medium
St0016,2023,October,106,37,20,32,6,63600,79.0,3,15,954000,3.9,3180,3105,75,Medium
St0016,2023,November,70,24,20,38,8,43120,83.2,3,3,603680,4.3,1960,1922,38,High
St0016,2023,December,83,29,12,36,3,53950,63.9,4,20,647400,3.7,2075,2047,28,Medium
St0016,2024,January,97,33,22,48,5,50440,88.9,3,9,655720,4.4,2522,2497,25,High
St0016,2024,February,101,35,18,40,5,65448,90.2,0,0,850824,4.1,2424,2383,41,High
St0016,2024,March,97,33,14,32,5,72750,62.0,4,8,727500,4.5,2910,2853,57,Medium
St0016,2024,April,108,37,16,37,7,93960,84.1,1,3,1503360,3.8,3240,3151,89,High
St0016,2024,May,56,19,22,34,6,47040,88.0,3,12,752640,3.8,1344,1324,20,High
St0016,2024,June,75,26,17,41,7,48600,81.1,0,0,486000,4.8,2025,1949,76,High
St0016,2024,July,51,17,16,43,7,27540,83.8,2,4,413100,3.9,1530,1481,49,High
St0016,2024,August,51,17,17,54,6,55080,64.7,4,4,605880,3.7,1530,1503,27,Medium
St0016,2024,September,65,22,18,49,5,49140,87.0,1,2,786240,4.4,1755,1685,70,High
St0016,2024,October,74,25,20,30,7,75480,70.7,3,15,830280,3.8,2220,2172,48,Medium
St0016,2024,November,121,42,24,45,7,69696,92.8,1,1,696960,4.8,2904,2804,100,High
St0016,2024,December,86,30,14,45,4,47472,73.5,3,12,522192,4.0,2064,2051,13,Medium
St0016,2025,January,69,24,12,33,6,64032,64.7,0,0,768384,3.8,2001,1976,25,Medium
St0016,2025,February,102,35,17,38,4,56202,67.2,3,12,899232,3.7,2958,2901,57,Medium
St0016,2025,March,128,44,16,32,4,82432,73.1,4,16,989184,4.5,3584,3532,52,Medium
St0016,2025,April,96,33,22,53,5,62400,90.6,0,0,873600,3.8,2496,2470,26,High
St0016,2025,May,131,45,14,51,3,106110,67.3,2,6,1061100,4.0,3537,3448,89,Medium
St0016,2025,June,57,19,20,30,8,35568,84.3,3,12,497952,4.6,1368,1328,40,High
St0016,2025,July,75,26,25,41,6,50025,94.7,1,4,800400,4.1,2175,2113,62,High
St0016,2025,August,114,39,23,54,5,82992,91.8,0,0,912912,3.8,3192,3092,100,High
St0016,2025,September,77,26,17,43,6,50820,61.3,1,5,508200,4.7,2310,2283,27,Medium
St0016,2025,October,147,51,19,52,7,74088,83.9,1,4,666792,4.8,4116,4008,108,High
St0016,2025,November,78,27,18,50,6,78624,81.2,0,0,1179360,3.9,2184,2163,21,High
St0016,2025,December,147,51,25,46,8,127890,96.9,4,4,1406790,3.6,4410,4379,31,High
St0017,2021,January,134,46,10,54,5,136680,53.9,3,3,1366800,4.4,4020,3946,74,Low
St0017,2021,February,264,92,15,37,5,261360,74.7,2,4,3659040,4.2,7920,7755,165,Medium
St0017,2021,March,168,58,20,49,8,117936,61.1,0,0,1651104,4.2,4368,4276,92,Medium
St0017,2021,April,176,61,15,36,3,177408,56.6,2,6,2838528,4.4,4928,4863,65,Low
St0017,2021,May,168,58,16,32,6,145152,75.1,4,20,1306368,4.5,4536,4396,140,Medium
St0017,2021,June,245,85,17,43,7,189875,77.4,4,8,2848125,3.9,6125,5934,191,Medium
St0017,2021,July,242,84,11,50,3,176176,46.6,3,9,2114112,3.9,6776,6520,256,Low
St0017,2021,August,161,56,19,54,7,139104,77.5,2,2,2225664,4.3,3864,3717,147,Medium
St0017,2021,September,265,92,23,39,6,257580,83.1,0,0,3090960,4.4,7155,7001,154,High
St0017,2021,October,248,86,15,41,3,135408,46.0,0,0,2031120,4.5,6448,6229,219,Low
St0017,2021,November,243,85,24,39,8,233280,80.3,2,8,3732480,4.3,7290,7046,244,High
St0017,2021,December,171,59,21,47,7,178524,66.6,2,8,1963764,4.6,4959,4812,147,Medium
St0017,2022,January,283,99,16,30,6,217344,77.5,3,15,2173440,4.5,6792,6631,161,Medium
St0017,2022,February,170,59,22,40,7,133110,70.5,1,5,1730430,4.0,4590,4505,85,Medium
St0017,2022,March,333,116,18,31,6,174825,63.9,0,0,1923075,4.7,8325,8135,190,Medium
St0017,2022,April,242,84,21,46,5,211750,72.0,3,9,3176250,4.5,6050,5944,106,Medium
St0017,2022,May,262,91,16,31,4,176064,50.5,4,4,2464896,3.5,7336,7059,277,Low
St0017,2022,June,314,109,21,43,8,211008,76.3,1,3,2954112,4.5,7536,7367,169,Medium
St0017,2022,July,272,95,16,50,5,136000,62.3,3,9,2040000,3.9,6800,6697,103,Medium
St0017,2022,August,183,64,16,50,4,159210,66.5,0,0,2388150,4.5,5490,5299,191,Medium
St0017,2022,September,183,64,14,51,4,122976,64.3,2,8,1229760,3.8,5124,4963,161,Medium
St0017,2022,October,223,78,18,31,4,187320,84.3,1,5,2435160,4.2,5352,5237,115,High
St0017,2022,November,245,85,13,43,6,114660,68.3,4,8,1490580,4.4,6370,6242,128,Medium
St0017,2022,December,180,62,16,47,6,95040,84.7,0,0,1425600,4.8,4320,4179,141,High
St0017,2023,January,395,138,20,49,6,379200,81.8,1,3,5688000,4.7,11850,11599,251,High
St0017,2023,February,282,98,14,35,6,253800,59.4,3,12,3807000,4.0,8460,8276,184,Low
St0017,2023,March,270,94,21,49,6,162000,85.4,0,0,2592000,4.8,6480,6415,65,High
St0017,2023,April,276,96,20,42,7,134136,66.6,4,8,1475496,3.6,7452,7261,191,Medium
St0017,2023,May,223,78,25,51,6,200700,89.2,1,1,3010500,4.4,5575,5545,30,High
St0017,2023,June,339,118,23,47,6,211536,76.6,4,8,2961504,4.1,8136,8051,85,Medium
St0017,2023,July,368,128,21,42,5,309120,77.5,1,4,3709440,4.1,8832,8643,189,Medium
St0017,2023,August,237,82,18,47,5,159975,80.2,0,0,2399625,4.6,6399,6341,58,High
St0017,2023,September,245,85,20,55,5,224910,80.2,2,6,2249100,3.8,6615,6360,255,High
St0017,2023,October,381,133,12,35,5,173736,61.1,2,6,1563624,4.4,9144,8853,291,Medium
St0017,2023,November,222,77,13,46,5,113886,57.0,2,10,1024974,4.6,5994,5959,35,Low
St0017,2023,December,370,129,18,42,7,268250,66.1,4,8,4292000,4.3,10730,10377,353,Medium
St0017,2024,January,195,68,17,52,4,105300,56.3,2,8,947700,4.6,5850,5778,72,Low
St0017,2024,February,411,143,18,41,6,277425,90.2,3,6,3883950,4.2,11097,11018,79,High
St0017,2024,March,321,112,13,54,5,167562,55.0,3,6,1508058,4.6,9309,8994,315,Low
St0017,2024,April,322,112,15,47,5,286902,58.5,4,12,3729726,3.8,8694,8564,130,Low
St0017,2024,May,295,103,16,44,7,154875,82.5,2,6,2323125,4.1,7375,7320,55,High
St0017,2024,June,284,99,14,45,5,258440,63.6,2,6,3101280,3.7,7384,7245,139,Medium
St0017,2024,July,285,99,17,31,4,242250,57.3,4,16,2180250,4.3,7125,6926,199,Low
St0017,2024,August,234,81,11,53,4,190944,57.8,4,4,2100384,4.4,5616,5428,188,Low
St0017,2024,September,276,96,19,30,4,165048,65.0,3,6,2475720,3.6,7176,6896,280,Medium
St0017,2024,October,336,117,19,53,4,153216,80.9,2,10,1532160,4.2,8064,7829,235,High
St0017,2024,November,221,77,17,37,4,189618,63.5,0,0,2654652,4.8,5746,5586,160,Medium
St0017,2024,December,378,132,18,36,4,263088,66.9,3,9,3683232,3.7,9072,8927,145,Medium
St0017,2025,January,282,98,12,36,4,232650,57.4,3,12,3024450,4.6,7050,6906,144,Low
St0017,2025,February,448,156,13,37,5,246848,60.6,3,12,2468480,4.6,12992,12611,381,Medium
St0017,2025,March,255,89,17,55,5,236640,87.4,1,1,2603040,4.8,7395,7304,91,High
St0017,2025,April,340,118,22,36,5,146880,85.7,1,4,1321920,3.9,8160,8020,140,High
St0017,2025,May,427,149,24,53,9,266448,81.0,1,1,3730272,3.8,10248,9979,269,High
St0017,2025,June,301,105,24,30,9,244412,96.4,1,4,2688532,4.5,8428,8092,336,High
St0017,2025,July,514,179,15,42,3,485730,58.3,4,16,5343030,4.0,13878,13758,120,Low
St0017,2025,August,432,151,20,35,5,279936,87.1,0,0,4478976,4.4,11664,11530,134,High
St0017,2025,September,329,115,21,32,6,238525,85.0,3,6,2623775,4.4,9541,9316,225,High
St0017,2025,October,370,129,20,44,6,317460,85.2,2,4,4126980,4.0,9620,9437,183,High
St0017,2025,November,516,180,18,43,6,479880,81.3,3,15,4318920,4.1,15480,15296,184,High
St0017,2025,December,310,108,18,48,4,190960,90.7,3,3,3055360,3.9,8680,8421,259,High
St0018,2021,January,171,59,17,53,7,168606,66.8,3,12,2023272,3.9,4959,4867,92,Medium
St0018,2021,February,125,43,19,47,4,78125,80.0,1,1,1250000,4.2,3125,3021,104,Medium
St0018,2021,March,183,64,13,38,6,122976,49.5,2,8,1721664,4.0,5124,4955,169,Low
St0018,2021,April,103,36,12,36,3,97335,63.7,1,3,876015,4.1,2781,2706,75,Medium
St0018,2021,May,180,62,17,43,5,151380,84.3,2,10,1665180,4.2,5220,5090,130,High
St0018,2021,June,183,64,21,38,7,96075,70.8,0,0,864675,4.7,4575,4431,144,Medium
St0018,2021,July,150,52,10,44,2,89100,52.6,4,8,1336500,3.6,4050,3961,89,Low
St0018,2021,August,186,65,21,53,8,96720,71.3,4,12,870480,4.0,4836,4736,100,Medium
St0018,2021,September,172,60,13,51,4,144480,58.1,3,3,2311680,4.3,5160,4983,177,Low
St0018,2021,October,241,84,14,50,5,151830,49.9,1,4,1670130,4.0,7230,7046,184,Low
St0018,2021,November,168,58,17,50,7,142800,59.4,3,6,1713600,4.2,4200,4075,125,Low
St0018,2021,December,167,58,13,51,4,112892,55.5,2,10,1580488,4.2,4342,4228,114,Low
St0018,2022,January,232,81,19,46,6,208568,61.6,0,0,2294248,4.6,6728,6632,96,Medium
St0018,2022,February,233,81,18,36,6,100656,81.6,4,8,1308528,3.8,5592,5541,51,High
St0018,2022,March,253,88,14,48,5,265650,49.7,0,0,4250400,4.2,7590,7551,39,Low
St0018,2022,April,220,77,19,54,7,146740,86.1,3,15,1760880,3.8,6380,6194,186,High
St0018,2022,May,193,67,14,41,5,140504,59.5,1,2,1405040,4.6,5404,5315,89,Low
St0018,2022,June,113,39,12,47,5,60116,49.6,1,3,721392,4.3,3164,3118,46,Low
St0018,2022,July,225,78,17,42,6,218700,70.0,4,8,1968300,4.5,6075,5971,104,Medium
St0018,2022,August,225,78,15,40,5,196875,70.9,1,4,2165625,4.2,5625,5594,31,Medium
St0018,2022,September,162,56,22,32,8,129600,87.4,2,2,1814400,4.7,4050,3987,63,High
St0018,2022,October,200,70,19,42,4,95000,69.5,3,6,1425000,3.7,5000,4971,29,Medium
St0018,2022,November,232,81,23,43,6,188384,82.1,2,4,2448992,4.6,6728,6519,209,High
St0018,2022,December,234,81,17,32,7,208494,86.3,2,10,1876446,4.3,6318,6128,190,High
St0018,2023,January,139,48,18,33,5,141085,63.4,1,4,2116275,3.8,4031,3920,111,Medium
St0018,2023,February,262,91,13,41,3,131000,58.8,2,4,2096000,4.7,6550,6346,204,Low
St0018,2023,March,145,50,24,52,9,70470,87.8,3,12,986580,4.3,3915,3807,108,High
St0018,2023,April,195,68,19,49,4,101790,90.2,3,15,1017900,3.9,5655,5493,162,High
St0018,2023,May,152,53,17,35,6,87400,87.7,0,0,1223600,4.2,3800,3762,38,High
St0018,2023,June,144,50,24,46,7,86400,85.8,0,0,950400,3.9,4320,4167,153,High
St0018,2023,July,177,61,19,43,6,104076,86.6,0,0,1457064,4.3,4956,4835,121,High
St0018,2023,August,133,46,15,33,3,111853,72.3,4,20,1006677,3.6,3857,3832,25,Medium
St0018,2023,September,259,90,18,50,6,233100,80.7,4,12,2097900,4.4,7770,7616,154,High
St0018,2023,October,206,72,21,32,8,185400,69.7,0,0,1668600,4.0,6180,6102,78,Medium
St0018,2023,November,268,93,17,38,5,217080,56.8,4,12,1953720,3.6,7236,7016,220,Low
St0018,2023,December,273,95,12,38,5,177450,57.0,2,4,2129400,4.2,6825,6695,130,Low
St0018,2024,January,164,57,24,37,6,99876,91.2,4,20,1598016,4.4,4756,4567,189,High
St0018,2024,February,157,54,21,30,8,73476,75.5,3,9,1028664,3.6,4082,3973,109,Medium
St0018,2024,March,155,54,20,37,6,115320,86.4,4,16,1153200,3.7,3720,3669,51,High
St0018,2024,April,264,92,17,31,5,185328,69.6,4,16,1853280,3.7,7128,7001,127,Medium
St0018,2024,May,193,67,19,55,6,117537,62.9,1,3,1410444,4.2,5597,5442,155,Medium
St0018,2024,June,182,63,12,42,3,159250,56.4,1,1,2070250,4.2,4550,4394,156,Low
St0018,2024,July,192,67,19,52,4,176256,78.7,2,2,2643840,4.0,5184,4991,193,Medium
St0018,2024,August,163,57,21,39,7,101875,67.7,2,8,1528125,4.0,4075,4040,35,Medium
St0018,2024,September,251,87,20,46,8,198792,84.3,4,4,2186712,4.1,6024,5972,52,High
St0018,2024,October,313,109,21,45,7,281700,85.4,1,1,3380400,4.5,9390,9118,272,High
St0018,2024,November,261,91,18,41,4,203580,73.5,4,12,3257280,3.5,6786,6542,244,Medium
St0018,2024,December,313,109,20,54,8,262920,88.9,3,3,3155040,3.8,9390,9262,128,High
St0018,2025,January,359,125,19,34,7,260275,68.2,4,20,3904125,3.9,10411,10209,202,Medium
St0018,2025,February,361,126,15,48,6,335008,73.1,2,10,3685088,3.7,10469,10311,158,Medium
St0018,2025,March,287,100,22,50,5,299628,75.1,0,0,4794048,4.8,8323,8182,141,Medium
St0018,2025,April,209,73,15,50,6,134596,57.2,3,12,1345960,4.6,5852,5649,203,Low
St0018,2025,May,302,105,17,43,4,196300,82.6,0,0,2355600,4.7,7852,7604,248,High
St0018,2025,June,296,103,16,45,6,222000,81.4,4,8,3330000,4.0,7400,7135,265,High
St0018,2025,July,366,128,22,33,8,219600,87.4,0,0,2196000,4.5,8784,8727,57,High
St0018,2025,August,358,125,17,44,4,154656,85.0,0,0,1701216,4.1,8592,8255,337,High
St0018,2025,September,398,139,22,33,7,277008,78.6,3,12,3878112,4.4,9552,9318,234,Medium
St0018,2025,October,384,134,21,32,7,182400,71.8,3,12,2918400,4.0,9600,9368,232,Medium
St0018,2025,November,300,105,18,35,4,216000,74.5,3,12,2592000,3.6,7200,6991,209,Medium
St0018,2025,December,316,110,18,55,7,284400,90.4,0,0,4266000,4.1,9480,9224,256,High
St0019,2021,January,138,48,19,33,6,64584,67.8,4,4,904176,4.4,3588,3504,84,Medium
St0019,2021,February,92,32,14,49,5,57500,59.2,4,4,517500,3.9,2300,2213,87,Low
St0019,2021,March,121,42,15,37,6,108779,51.5,2,4,1087790,3.9,3509,3398,111,Low
St0019,2021,April,94,32,17,53,6,71064,68.4,1,4,1065960,4.1,2632,2598,34,Medium
St0019,2021,May,96,33,20,30,5,52416,60.1,1,5,681408,3.9,2496,2465,31,Medium
St0019,2021,June,100,35,13,36,5,67200,66.0,1,4,739200,4.6,2400,2321,79,Medium
St0019,2021,July,104,36,14,38,3,66976,59.4,2,6,602784,4.7,2912,2818,94,Low
St0019,2021,August,129,45,15,30,4,61920,79.3,1,1,619200,4.6,3096,3028,68,Medium
St0019,2021,September,139,48,14,42,5,104806,72.5,4,12,943254,4.1,4031,3959,72,Medium
St0019,2021,October,174,60,20,41,5,131544,84.7,3,15,1841616,4.1,4872,4828,44,High
St0019,2021,November,117,40,18,45,5,84825,62.5,2,4,763425,4.1,3393,3266,127,Medium
St0019,2021,December,75,26,11,47,4,36000,55.8,4,16,504000,4.1,1800,1728,72,Low
St0019,2022,January,149,52,14,35,4,80460,62.3,0,0,1126440,4.3,4470,4300,170,Medium
St0019,2022,February,79,27,17,41,4,71021,49.6,0,0,852252,3.8,2291,2241,50,Low
St0019,2022,March,91,31,13,38,6,86632,54.3,2,10,952952,4.0,2548,2492,56,Low
St0019,2022,April,179,62,20,41,8,125658,78.7,2,4,2010528,3.9,4833,4679,154,Medium
St0019,2022,May,132,46,18,52,7,82368,80.7,2,10,1317888,4.6,3168,3092,76,High
St0019,2022,June,187,65,19,52,5,140250,82.4,3,9,1823250,3.8,5610,5504,106,High
St0019,2022,July,189,66,18,45,7,117936,76.5,3,15,1061424,4.2,4536,4428,108,Medium
St0019,2022,August,149,52,20,51,6,100575,65.4,3,12,1307475,4.1,3725,3692,33,Medium
St0019,2022,September,110,38,18,37,6,77000,60.1,2,6,847000,3.6,2750,2687,63,Medium
St0019,2022,October,104,36,16,39,5,101920,52.8,3,12,1528800,4.0,2912,2891,21,Low
St0019,2022,November,107,37,21,34,6,112350,66.2,4,8,1460550,3.9,3210,3107,103,Medium
St0019,2022,December,183,64,14,30,4,141825,53.8,2,2,2127375,3.9,4575,4413,162,Low
St0019,2023,January,130,45,19,51,7,74750,76.6,3,15,971750,3.8,3250,3147,103,Medium
St0019,2023,February,217,75,17,35,7,205065,53.6,2,2,3281040,4.0,5859,5707,152,Low
St0019,2023,March,212,74,24,35,9,101760,80.8,3,6,915840,3.7,5088,5027,61,High
St0019,2023,April,201,70,21,48,7,110952,82.7,0,0,1775232,4.5,4824,4778,46,High
St0019,2023,May,106,37,22,46,6,65296,82.3,3,9,652960,4.3,2968,2877,91,High
St0019,2023,June,177,61,16,51,5,97704,67.9,3,12,1367856,4.0,4248,4080,168,Medium
St0019,2023,July,142,49,17,40,4,120700,84.2,0,0,1689800,4.5,3550,3521,29,High
St0019,2023,August,118,41,13,36,6,75992,53.0,2,4,987896,4.7,3304,3212,92,Low
St0019,2023,September,151,52,16,54,6,105096,56.3,1,5,1576440,4.3,3624,3556,68,Low
St0019,2023,October,248,86,18,45,6,172608,65.6,0,0,1898688,4.0,7192,7064,128,Medium
St0019,2023,November,128,44,19,53,7,107520,77.2,2,4,1505280,4.0,3840,3702,138,Medium
St0019,2023,December,161,56,24,30,8,108836,83.8,1,3,1088360,3.8,4186,4030,156,High
St0019,2024,January,187,65,18,34,4,113883,64.4,4,20,1480479,4.6,5423,5266,157,Medium
St0019,2024,February,176,61,24,51,9,137808,81.8,3,12,2067120,4.6,5104,4952,152,High
St0019,2024,March,237,82,19,32,4,221832,55.2,0,0,2440152,4.3,6162,5961,201,Low
St0019,2024,April,230,80,23,36,7,173880,75.6,3,6,2782080,3.8,6440,6398,42,Medium
St0019,2024,May,146,51,23,31,7,110376,76.8,1,2,1545264,4.0,3942,3811,131,Medium
St0019,2024,June,221,77,18,30,7,134589,57.8,0,0,2153424,4.6,6409,6324,85,Low
St0019,2024,July,114,39,16,43,5,76608,62.7,3,12,842688,3.6,3192,3089,103,Medium
St0019,2024,August,171,59,18,50,4,94050,59.6,2,4,1316700,4.2,4275,4221,54,Low
St0019,2024,September,166,58,18,43,5,141100,65.4,4,12,2116500,4.4,4150,4052,98,Medium
St0019,2024,October,228,79,21,47,8,159600,91.8,0,0,2074800,4.1,6384,6135,249,High
St0019,2024,November,134,46,13,34,5,136010,56.2,1,1,1904140,4.1,3886,3781,105,Low
St0019,2024,December,175,61,17,45,6,94500,88.0,2,2,1039500,3.8,4725,4644,81,High
St0019,2025,January,247,86,20,33,8,266760,80.7,1,5,2400840,4.4,7410,7264,146,High
St0019,2025,February,138,48,19,31,7,100602,88.6,1,3,1006020,4.5,3726,3665,61,High
St0019,2025,March,269,94,20,53,7,203364,65.2,1,3,2440368,3.7,7263,7108,155,Medium
St0019,2025,April,227,79,21,55,8,190680,84.0,4,12,1716120,4.3,6810,6657,153,High
St0019,2025,May,256,89,24,36,8,179200,95.6,3,15,2508800,3.6,7168,7052,116,High
St0019,2025,June,136,47,22,45,8,77792,92.1,4,4,855712,4.2,3536,3477,59,High
St0019,2025,July,237,82,22,42,8,207375,95.4,2,2,3318000,4.5,5925,5732,193,High
St0019,2025,August,212,74,16,55,6,159000,72.6,3,12,1749000,4.5,5300,5203,97,Medium
St0019,2025,September,220,77,19,31,4,159500,77.7,0,0,1914000,4.7,5500,5343,157,Medium
St0019,2025,October,179,62,17,43,7,144274,63.4,2,10,2164110,4.7,4654,4584,70,Medium
St0019,2025,November,269,94,20,31,8,203364,79.8,3,12,2643732,3.6,7532,7360,172,Medium
St0019,2025,December,251,87,20,39,6,262044,84.7,3,3,3406572,4.5,7279,6992,287,High
St0020,2021,January,131,45,22,47,6,113970,84.0,1,3,1595580,3.8,3930,3792,138,High
St0020,2021,February,193,67,14,33,6,151119,72.1,0,0,1360071,4.2,5597,5396,201,Medium
St0020,2021,March,151,52,17,42,5,96338,49.5,3,12,1445070,3.6,4379,4307,72,Low
St0020,2021,April,177,61,12,36,4,148680,59.8,2,10,2230200,4.5,5310,5184,126,Low
St0020,2021,May,137,47,19,32,5,107271,79.9,3,15,1287252,4.1,3973,3863,110,Medium
St0020,2021,June,162,56,21,44,6,91854,82.0,1,1,1010394,4.5,4374,4275,99,High
St0020,2021,July,172,60,16,54,5,143104,78.9,2,2,1431040,3.9,4472,4347,125,Medium
St0020,2021,August,118,41,15,36,6,100300,74.8,4,20,1404200,4.4,2950,2839,111,Medium
St0020,2021,September,184,64,16,38,4,103040,51.5,3,9,1339520,4.5,5152,5078,74,Low
St0020,2021,October,235,82,17,44,4,136300,69.7,2,4,1908200,4.5,6815,6610,205,Medium
St0020,2021,November,212,74,16,38,7,112784,73.3,1,1,1015056,3.7,5936,5886,50,Medium
St0020,2021,December,173,60,15,45,3,157430,60.6,3,3,2204020,4.6,4498,4365,133,Medium
St0020,2022,January,241,84,13,54,6,156650,69.0,0,0,2349750,4.7,6025,5889,136,Medium
St0020,2022,February,186,65,17,55,5,140244,75.0,1,4,2103660,4.3,4836,4709,127,Medium
St0020,2022,March,137,47,21,53,8,118368,84.9,1,2,1775520,4.3,3288,3207,81,High
St0020,2022,April,133,46,15,34,6,99750,63.7,4,4,897750,4.1,3990,3922,68,Medium
St0020,2022,May,166,58,12,32,6,143424,61.3,2,10,1864512,4.5,4482,4403,79,Medium
St0020,2022,June,142,49,17,39,5,118854,69.6,1,4,1307394,4.7,3834,3791,43,Medium
St0020,2022,July,208,72,18,38,4,162864,53.3,2,6,2605824,4.2,5616,5451,165,Low
St0020,2022,August,119,41,18,53,5,53550,80.1,1,4,481950,3.8,2975,2956,19,High
St0020,2022,September,150,52,23,37,7,100800,85.7,4,12,1310400,4.5,3600,3498,102,High
St0020,2022,October,165,57,19,36,5,89100,83.8,3,6,1247400,4.1,4455,4334,121,High
St0020,2022,November,150,52,23,38,7,72900,81.2,1,3,801900,4.2,4050,3920,130,High
St0020,2022,December,228,79,16,32,7,119700,71.1,1,1,1197000,3.8,5700,5548,152,Medium
St0020,2023,January,242,84,16,31,7,130680,72.9,4,20,1829520,3.5,7260,7069,191,Medium
St0020,2023,February,198,69,13,39,5,124740,68.1,3,6,1995840,4.4,5940,5870,70,Medium
St0020,2023,March,169,59,17,50,4,151424,77.0,0,0,1968512,4.9,4732,4559,173,Medium
St0020,2023,April,278,97,18,40,5,233798,71.4,1,3,2805576,4.1,8062,8017,45,Medium
St0020,2023,May,263,92,15,50,5,184100,63.1,2,8,2945600,4.1,6575,6390,185,Medium
St0020,2023,June,144,50,21,52,7,133632,68.4,0,0,2138112,3.9,4176,4078,98,Medium
St0020,2023,July,175,61,12,37,4,150150,60.2,1,4,2402400,4.0,4550,4426,124,Medium
St0020,2023,August,213,74,22,49,5,196812,90.5,2,8,2361744,3.8,5964,5741,223,High
St0020,2023,September,255,89,16,41,7,183600,51.8,4,20,2937600,4.3,6120,5882,238,Low
St0020,2023,October,325,113,24,53,6,261950,81.5,1,5,4191200,4.5,8450,8171,279,High
St0020,2023,November,223,78,20,43,6,181968,64.7,3,12,1819680,4.3,5352,5321,31,Medium
St0020,2023,December,308,107,16,47,4,166320,69.2,3,6,2494800,4.5,9240,9049,191,Medium
St0020,2024,January,345,120,19,41,7,242190,57.3,4,16,3875040,3.9,8970,8753,217,Low
St0020,2024,February,329,115,19,35,4,335580,92.9,1,2,5369280,4.5,9870,9547,323,High
St0020,2024,March,300,105,24,44,7,210000,81.7,4,8,3360000,4.2,8400,8298,102,High
St0020,2024,April,354,123,17,40,4,246384,77.5,2,2,3695760,4.1,8496,8331,165,Medium
St0020,2024,May,238,83,14,45,3,134946,74.6,0,0,1889244,4.2,6426,6319,107,Medium
St0020,2024,June,287,100,22,52,8,253708,91.9,1,4,2790788,4.3,7462,7330,132,High
St0020,2024,July,316,110,13,43,6,257856,58.8,3,15,3094272,3.7,7584,7520,64,Low
St0020,2024,August,291,101,23,33,6,235710,93.3,1,4,3299940,4.5,8730,8431,299,High
St0020,2024,September,320,112,23,53,8,274560,82.1,4,12,4392960,3.6,8320,8055,265,High
St0020,2024,October,342,119,17,43,7,359100,64.5,0,0,4668300,4.3,10260,9958,302,Medium
St0020,2024,November,350,122,19,37,6,318500,66.9,4,12,4140500,3.6,9100,8861,239,Medium
St0020,2024,December,224,78,21,30,6,219520,86.6,1,2,3512320,3.7,6272,6069,203,High
St0020,2025,January,312,109,16,46,6,267696,75.6,1,4,2409264,4.2,8112,7802,310,Medium
St0020,2025,February,311,108,25,33,7,223920,87.6,4,8,2463120,3.9,9330,9005,325,High
St0020,2025,March,397,138,22,41,7,244552,71.1,0,0,3668280,4.4,11116,11014,102,Medium
St0020,2025,April,226,79,18,50,7,210180,73.5,3,6,3362880,4.6,6780,6554,226,Medium
St0020,2025,May,261,91,18,31,7,140940,57.1,0,0,1550340,3.9,7047,6930,117,Low
St0020,2025,June,349,122,18,55,7,254072,85.4,2,10,4065152,3.9,9772,9387,385,High
St0020,2025,July,216,75,27,44,9,123120,96.6,0,0,1723680,4.1,6480,6297,183,High
St0020,2025,August,378,132,20,42,7,219240,74.5,2,6,2411640,4.1,10962,10616,346,Medium
St0020,2025,September,328,114,25,53,6,226320,93.3,4,4,3394800,4.2,9840,9759,81,High
St0020,2025,October,262,91,18,34,4,201216,68.6,0,0,3018240,3.9,6288,6089,199,Medium
St0020,2025,November,441,154,18,31,7,330750,92.6,0,0,3638250,4.9,13230,13128,102,High
St0020,2025,December,268,93,24,30,6,167500,97.0,4,20,2177500,3.7,6700,6514,186,High
St0021,2021,January,82,28,18,32,6,48216,56.8,1,1,626808,4.1,2296,2225,71,Low
St0021,2021,February,77,26,20,30,5,46046,83.9,2,10,552552,3.7,2002,1979,23,High
St0021,2021,March,50,17,18,53,5,26100,81.4,1,1,234900,4.4,1450,1401,49,High
St0021,2021,April,77,26,17,38,4,64680,66.3,1,4,905520,3.8,2310,2283,27,Medium
St0021,2021,May,40,14,18,37,7,30000,50.9,0,0,390000,4.5,1200,1177,23,Low
St0021,2021,June,70,24,19,51,6,40320,71.3,4,16,604800,3.9,1680,1623,57,Medium
St0021,2021,July,67,23,14,38,6,45024,67.1,1,1,495264,4.3,1608,1593,15,Medium
St0021,2021,August,70,24,12,42,4,33250,57.8,4,12,299250,3.7,1750,1711,39,Low
St0021,2021,September,93,32,21,35,8,62496,70.5,1,2,749952,4.2,2604,2513,91,Medium
St0021,2021,October,66,23,22,44,7,61776,74.3,1,2,617760,3.9,1716,1687,29,Medium
St0021,2021,November,49,17,19,46,7,23275,59.6,2,6,325850,4.6,1225,1187,38,Low
St0021,2021,December,101,35,24,53,7,67872,82.6,4,16,610848,3.6,2424,2410,14,High
St0021,2022,January,73,25,18,42,7,45333,81.8,3,12,407997,3.7,1971,1927,44,High
St0021,2022,February,86,30,13,46,4,67080,64.2,0,0,1073280,4.7,2580,2542,38,Medium
St0021,2022,March,116,40,22,33,6,87696,79.0,3,15,1052352,4.4,3248,3218,30,Medium
St0021,2022,April,59,20,15,44,3,53690,51.0,4,12,751660,3.7,1534,1524,10,Low
St0021,2022,May,88,30,21,33,8,41800,71.7,1,3,585200,4.1,2200,2141,59,Medium
St0021,2022,June,78,27,17,55,7,81432,49.5,2,10,895752,3.8,2262,2198,64,Low
St0021,2022,July,84,29,16,51,7,63504,59.8,2,4,635040,4.2,2352,2279,73,Low
St0021,2022,August,86,30,20,48,5,59856,77.9,2,10,897840,3.8,2064,2042,22,Medium
St0021,2022,September,82,28,20,40,7,79704,82.5,1,5,1275264,3.9,2214,2178,36,High
St0021,2022,October,117,40,12,30,3,60021,52.3,2,8,960336,3.7,3159,3074,85,Low
St0021,2022,November,133,46,20,51,7,104139,66.9,2,8,1041390,4.7,3857,3835,22,Medium
St0021,2022,December,110,38,19,37,6,70180,60.9,0,0,1122880,4.9,3190,3139,51,Medium
St0021,2023,January,116,40,16,30,6,107648,63.6,3,12,1184128,4.2,3364,3314,50,Medium
St0021,2023,February,125,43,19,49,5,93000,72.5,4,8,930000,4.2,3000,2951,49,Medium
St0021,2023,March,119,41,19,34,7,68068,82.8,1,2,1021020,4.1,3094,3020,74,High
St0021,2023,April,63,22,16,38,4,51408,70.8,2,8,462672,4.2,1512,1503,9,Medium
St0021,2023,May,102,35,17,53,7,68034,82.7,0,0,680340,4.0,2958,2915,43,High
St0021,2023,June,107,37,17,42,5,83888,89.2,3,3,1258320,4.6,2996,2941,55,High
St0021,2023,July,111,38,23,45,5,91575,78.1,3,3,1007325,4.3,2775,2693,82,Medium
St0021,2023,August,65,22,15,46,4,46800,69.2,3,6,421200,4.6,1560,1536,24,Medium
St0021,2023,September,92,32,13,42,3,48944,64.4,2,2,489440,4.7,2576,2545,31,Medium
St0021,2023,October,150,52,21,37,6,104400,81.3,2,2,1670400,4.3,3600,3555,45,High
St0021,2023,November,84,29,21,55,5,68040,69.6,4,16,612360,3.9,2520,2448,72,Medium
St0021,2023,December,97,33,14,45,6,50634,62.4,2,4,759510,4.2,2813,2719,94,Medium
St0021,2024,January,122,42,22,54,7,57096,71.9,4,8,799344,3.6,3172,3135,37,Medium
St0021,2024,February,153,53,21,43,6,115362,67.9,0,0,1730430,4.0,3978,3950,28,Medium
St0021,2024,March,147,51,20,33,6,119070,70.9,2,10,1666980,4.4,3969,3857,112,Medium
St0021,2024,April,136,47,20,53,6,77792,83.9,3,9,855712,3.6,3536,3494,42,High
St0021,2024,May,112,39,17,38,7,90272,69.3,1,2,1354080,4.6,2912,2823,89,Medium
St0021,2024,June,80,28,15,40,6,42240,72.6,0,0,506880,4.3,1920,1865,55,Medium
St0021,2024,July,139,48,23,47,6,70056,82.5,1,5,770616,3.9,3336,3302,34,High
St0021,2024,August,133,46,24,48,6,70756,87.3,3,9,707560,3.7,3724,3688,36,High
St0021,2024,September,99,34,21,34,7,53460,91.7,3,12,801900,4.5,2673,2567,106,High
St0021,2024,October,156,54,18,38,7,117000,90.8,2,4,1287000,4.7,4680,4574,106,High
St0021,2024,November,140,49,16,45,4,109200,75.3,2,4,1092000,3.9,3640,3518,122,Medium
St0021,2024,December,91,31,23,37,7,56784,84.4,3,3,624624,3.9,2366,2304,62,High
St0021,2025,January,159,55,17,33,6,144690,87.8,4,8,2170350,4.1,4134,4056,78,High
St0021,2025,February,112,39,14,52,4,78400,58.6,2,6,1019200,4.3,3136,3033,103,Low
St0021,2025,March,124,43,22,36,8,70928,89.2,4,12,780208,4.4,3224,3106,118,High
St0021,2025,April,84,29,25,31,9,60480,89.7,0,0,725760,4.8,2520,2421,99,High
St0021,2025,May,117,40,12,31,3,126360,60.7,2,4,1642680,4.3,3510,3484,26,Medium
St0021,2025,June,89,31,25,31,6,85173,92.9,4,8,766557,4.0,2581,2482,99,High
St0021,2025,July,97,33,26,44,9,65184,92.2,0,0,977760,4.5,2328,2282,46,High
St0021,2025,August,160,56,21,48,6,88000,90.6,0,0,1144000,4.3,4000,3905,95,High
St0021,2025,September,134,46,18,50,5,61104,78.6,3,6,794352,3.9,3216,3097,119,Medium
St0021,2025,October,169,59,17,36,7,104949,77.6,0,0,1049490,4.7,4563,4443,120,Medium
St0021,2025,November,88,30,17,31,6,79200,71.4,4,4,712800,3.9,2200,2124,76,Medium
St0021,2025,December,129,45,19,49,7,95976,92.0,4,12,1151712,3.6,3096,2988,108,High
St0022,2021,January,88,30,16,32,6,73216,70.0,0,0,805376,4.6,2288,2226,62,Medium
St0022,2021,February,83,29,12,54,5,44820,53.6,0,0,493020,4.9,2241,2156,85,Low
St0022,2021,March,48,16,16,36,4,35712,50.1,4,8,464256,3.6,1152,1124,28,Low
St0022,2021,April,80,28,17,51,4,64000,84.2,3,9,640000,3.6,2000,1969,31,High
St0022,2021,May,68,23,19,40,6,45900,84.8,4,4,688500,4.2,1700,1674,26,High
St0022,2021,June,47,16,17,41,4,27072,66.9,2,10,297792,3.8,1128,1122,6,Medium
St0022,2021,July,56,19,18,39,7,38976,56.9,4,12,545664,3.6,1344,1314,30,Low
St0022,2021,August,83,29,18,39,7,60175,52.4,0,0,661925,4.7,2407,2394,13,Low
St0022,2021,September,82,28,16,33,6,51168,61.4,3,12,511680,4.7,1968,1938,30,Medium
St0022,2021,October,96,33,17,48,5,77952,62.5,4,4,1169280,3.8,2784,2765,19,Medium
St0022,2021,November,54,18,15,40,4,28350,64.4,1,1,396900,3.9,1350,1322,28,Medium
St0022,2021,December,103,36,11,30,4,88992,55.0,4,16,889920,4.2,2472,2450,22,Low
St0022,2022,January,51,17,17,34,4,37179,54.1,3,15,594864,4.4,1377,1345,32,Low
St0022,2022,February,88,30,19,53,6,86768,65.1,4,16,780912,3.7,2552,2502,50,Medium
St0022,2022,March,79,27,17,32,5,41080,64.5,4,20,369720,4.5,2054,1972,82,Medium
St0022,2022,April,96,33,17,35,7,89856,49.0,0,0,1257984,4.7,2496,2440,56,Low
St0022,2022,May,116,40,19,31,5,100224,73.1,4,4,1503360,4.1,3132,3091,41,Medium
St0022,2022,June,101,35,21,53,7,60600,85.7,3,12,848400,4.1,2525,2508,17,High
St0022,2022,July,53,18,13,44,4,29256,67.9,0,0,438840,4.9,1272,1226,46,Medium
St0022,2022,August,96,33,21,47,8,82944,67.6,2,4,746496,4.2,2304,2224,80,Medium
St0022,2022,September,65,22,21,32,6,40365,67.2,1,3,565110,4.4,1755,1707,48,Medium
St0022,2022,October,78,27,15,53,5,50232,68.6,2,6,452088,4.6,2184,2112,72,Medium
St0022,2022,November,109,38,13,31,5,85347,52.2,3,6,938817,4.5,3161,3090,71,Low
St0022,2022,December,124,43,14,43,5,104160,59.7,0,0,1458240,3.9,3720,3653,67,Low
St0022,2023,January,125,43,20,35,7,83375,73.8,4,20,917125,4.0,3625,3577,48,Medium
St0022,2023,February,107,37,21,34,7,80678,83.5,0,0,1129492,4.2,3103,2988,115,High
St0022,2023,March,135,47,20,38,6,105840,74.4,1,3,1058400,3.9,3780,3716,64,Medium
St0022,2023,April,105,36,16,55,7,97440,76.4,2,4,1071840,3.7,3045,3012,33,Medium
St0022,2023,May,120,42,22,55,8,77280,81.5,2,2,1081920,3.8,3360,3232,128,High
St0022,2023,June,64,22,16,37,4,43200,72.7,3,3,518400,3.9,1728,1681,47,Medium
St0022,2023,July,82,28,18,35,4,71176,60.7,3,12,1067640,3.7,2296,2226,70,Medium
St0022,2023,August,60,21,18,39,5,32760,70.8,0,0,458640,4.2,1560,1501,59,Medium
St0022,2023,September,118,41,17,41,4,95816,66.9,2,8,1245608,3.8,3422,3304,118,Medium
St0022,2023,October,144,50,23,33,7,83520,79.3,4,4,1169280,3.9,4176,4087,89,Medium
St0022,2023,November,96,33,16,36,5,69888,52.8,0,0,978432,3.8,2496,2420,76,Low
St0022,2023,December,93,32,15,55,3,74958,60.0,3,3,974454,4.1,2418,2381,37,Low
St0022,2024,January,137,47,15,31,5,65075,59.2,1,4,585675,3.9,3425,3349,76,Low
St0022,2024,February,148,51,18,43,4,103896,84.7,0,0,1454544,4.1,3848,3759,89,High
St0022,2024,March,79,27,14,46,3,63200,58.2,1,4,948000,4.7,1975,1908,67,Low
St0022,2024,April,90,31,13,53,6,51840,54.1,3,15,466560,4.6,2160,2112,48,Low
St0022,2024,May,143,50,19,50,6,96096,65.4,4,8,960960,3.6,3432,3342,90,Medium
St0022,2024,June,156,54,15,42,4,88920,62.2,0,0,1155960,4.9,4680,4595,85,Medium
St0022,2024,July,143,50,26,38,9,92092,92.1,0,0,1473472,4.0,4004,3951,53,High
St0022,2024,August,159,55,17,31,7,79500,54.5,3,12,954000,3.6,3975,3899,76,Low
St0022,2024,September,110,38,10,35,5,88660,54.1,0,0,886600,3.9,2860,2811,49,Low
St0022,2024,October,160,56,21,44,6,139200,65.0,0,0,1948800,4.4,4640,4548,92,Medium
St0022,2024,November,155,54,18,44,5,107880,91.7,3,9,1294560,4.2,4495,4423,72,High
St0022,2024,December,174,60,25,53,6,117450,87.8,1,1,1409400,4.8,4698,4546,152,High
St0022,2025,January,103,36,23,31,7,48925,76.8,0,0,782800,4.6,2575,2512,63,Medium
St0022,2025,February,88,30,18,55,4,63360,61.9,1,2,696960,4.8,2112,2075,37,Medium
St0022,2025,March,171,59,14,39,4,138852,66.5,4,12,1249668,3.7,4788,4616,172,Medium
St0022,2025,April,130,45,23,30,6,104780,82.9,4,20,1047800,4.5,3380,3288,92,High
St0022,2025,May,95,33,23,39,6,43320,89.0,3,9,693120,4.3,2280,2267,13,High
St0022,2025,June,131,45,13,50,5,120258,57.0,1,2,1683612,3.7,3537,3514,23,Low
St0022,2025,July,145,50,24,37,7,113680,90.8,1,3,1818880,4.8,4060,4012,48,High
St0022,2025,August,164,57,21,30,8,147600,81.4,3,12,2214000,4.2,4100,3982,118,High
St0022,2025,September,153,53,16,42,4,159732,58.4,0,0,2555712,4.8,4437,4318,119,Low
St0022,2025,October,130,45,18,54,4,91260,86.3,4,12,1277640,3.6,3510,3480,30,High
St0022,2025,November,202,70,22,36,5,140592,85.0,0,0,1827696,3.9,5858,5633,225,High
St0022,2025,December,118,41,23,54,6,57348,92.8,1,2,802872,4.6,3186,3148,38,High
St0023,2021,January,189,66,19,34,5,147420,71.2,4,16,1769040,3.6,4914,4816,98,Medium
St0023,2021,February,198,69,14,50,3,144144,66.7,4,8,1729728,4.4,5544,5404,140,Medium
St0023,2021,March,214,74,18,43,7,181900,81.5,0,0,2364700,4.1,5350,5295,55,High
St0023,2021,April,108,37,10,34,2,67392,51.0,4,16,1078272,3.8,2808,2742,66,Low
St0023,2021,May,112,39,16,37,6,53200,55.6,1,1,851200,4.7,2800,2690,110,Low
St0023,2021,June,108,37,21,54,7,69984,71.0,4,4,909792,3.6,2592,2569,23,Medium
St0023,2021,July,144,50,23,39,8,112320,78.8,0,0,1235520,4.8,4320,4191,129,Medium
St0023,2021,August,119,41,18,43,6,59976,59.6,0,0,539784,4.5,3332,3203,129,Low
St0023,2021,September,177,61,9,53,2,150450,48.1,4,12,2256750,3.9,4425,4372,53,Low
St0023,2021,October,139,48,20,33,7,125100,70.7,0,0,1876500,3.9,3475,3346,129,Medium
St0023,2021,November,156,54,13,50,3,139776,47.4,1,1,1537536,4.8,4368,4333,35,Low
St0023,2021,December,195,68,17,45,7,94770,80.7,3,12,852930,4.1,5265,5082,183,High
St0023,2022,January,180,62,18,39,5,118800,55.4,4,4,1188000,4.1,5400,5367,33,Low
St0023,2022,February,288,100,17,55,4,193536,60.0,4,16,2322432,4.2,6912,6760,152,Low
St0023,2022,March,194,67,20,35,5,150350,82.6,2,8,1653850,4.5,4850,4806,44,High
St0023,2022,April,189,66,15,47,3,107163,65.2,4,4,1285956,3.9,5103,4944,159,Medium
St0023,2022,May,261,91,23,52,5,183222,77.5,0,0,2015442,4.4,6786,6575,211,Medium
St0023,2022,June,190,66,17,31,7,95760,55.9,4,12,1436400,4.3,4560,4418,142,Low
St0023,2022,July,278,97,16,34,5,194600,61.6,1,1,1946000,4.5,6950,6703,247,Medium
St0023,2022,August,168,58,18,54,7,163296,61.8,3,12,1959552,3.6,4536,4492,44,Medium
St0023,2022,September,135,47,22,43,6,105705,78.5,1,4,1374165,4.3,3645,3515,130,Medium
St0023,2022,October,190,66,15,34,5,148200,49.6,3,15,1482000,3.6,4940,4914,26,Low
St0023,2022,November,325,113,10,39,4,175500,50.3,1,2,1579500,4.4,8775,8677,98,Low
St0023,2022,December,175,61,16,37,5,178500,56.4,3,15,1963500,3.6,5250,5162,88,Low
St0023,2023,January,322,112,13,31,3,162288,66.5,0,0,1785168,4.1,9016,8794,222,Medium
St0023,2023,February,187,65,16,53,7,125664,72.0,1,5,1633632,4.7,5236,5028,208,Medium
St0023,2023,March,210,73,18,45,4,157500,68.9,0,0,2362500,3.8,5250,5081,169,Medium
St0023,2023,April,274,95,18,53,4,190704,88.1,1,5,2860560,4.3,6576,6455,121,High
St0023,2023,May,272,95,18,30,4,175168,89.6,3,15,2802688,3.9,7616,7568,48,High
St0023,2023,June,215,75,21,47,6,156520,86.3,0,0,2034760,4.4,6020,5793,227,High
St0023,2023,July,168,58,24,33,7,88704,87.6,4,4,1153152,4.0,4032,3965,67,High
St0023,2023,August,192,67,20,34,8,124416,71.7,0,0,1990656,4.8,4608,4510,98,Medium
St0023,2023,September,321,112,17,54,5,254232,66.0,4,8,2542320,3.8,7704,7593,111,Medium
St0023,2023,October,328,114,16,45,7,256824,69.7,4,12,4109184,3.7,8856,8737,119,Medium
St0023,2023,November,264,92,21,38,5,217800,80.9,4,16,1960200,4.0,6600,6473,127,High
St0023,2023,December,265,92,21,39,6,230550,83.4,2,8,3688800,4.2,7685,7559,126,High
St0023,2024,January,315,110,15,50,5,272160,63.5,1,3,3810240,3.7,7560,7422,138,Medium
St0023,2024,February,212,74,25,34,6,165996,91.6,2,10,1493964,3.9,5724,5607,117,High
St0023,2024,March,302,105,19,51,4,152208,70.3,4,20,2283120,4.3,7248,7148,100,Medium
St0023,2024,April,338,118,19,42,6,236600,81.0,4,12,2366000,3.5,8450,8347,103,High
St0023,2024,May,341,119,19,38,6,316448,63.4,2,8,4113824,3.9,9889,9566,323,Medium
St0023,2024,June,182,63,20,47,5,91728,79.1,3,15,1192464,4.1,5096,4930,166,Medium
St0023,2024,July,168,58,15,45,4,140616,59.8,2,6,1406160,4.6,4536,4433,103,Low
St0023,2024,August,378,132,12,30,5,263088,59.5,0,0,2893968,4.2,9072,8902,170,Low
St0023,2024,September,336,117,22,37,5,200928,91.9,2,2,2612064,3.8,8736,8634,102,High
St0023,2024,October,347,121,25,33,8,216875,91.0,2,4,3036250,4.3,8675,8567,108,High
St0023,2024,November,279,97,21,45,5,214272,88.5,3,3,2571264,4.7,6696,6501,195,High
St0023,2024,December,312,109,24,45,6,275808,93.4,1,5,4412928,4.6,8112,7913,199,High
St0023,2025,January,393,137,17,32,7,196500,82.1,0,0,2161500,4.5,9825,9522,303,High
St0023,2025,February,360,125,11,52,5,168480,58.2,4,8,2527200,4.1,9360,9286,74,Low
St0023,2025,March,408,142,23,39,8,414120,75.9,4,12,4141200,3.5,11832,11438,394,Medium
St0023,2025,April,245,85,22,49,5,178360,82.4,1,1,1961960,4.7,6370,6127,243,High
St0023,2025,May,445,155,22,39,8,423640,72.2,2,6,3812760,4.5,12460,12312,148,Medium
St0023,2025,June,226,79,20,54,5,221480,90.8,2,2,3100720,3.7,6328,6241,87,High
St0023,2025,July,403,141,11,31,2,372372,58.8,3,3,5957952,3.8,11284,11130,154,Low
St0023,2025,August,331,115,19,30,7,305844,70.8,3,3,3364284,3.6,9268,9187,81,Medium
St0023,2025,September,223,78,23,32,5,191334,83.5,3,15,2870010,4.2,5798,5681,117,High
St0023,2025,October,398,139,24,48,6,405960,93.2,3,9,6495360,4.4,11940,11838,102,High
St0023,2025,November,292,102,18,45,5,245572,61.7,1,5,3683580,4.1,8468,8288,180,Medium
St0023,2025,December,478,167,25,32,8,401520,92.9,2,10,4818240,3.9,13384,13150,234,High
St0024,2021,January,146,51,21,38,8,122640,81.3,2,10,1349040,4.7,3504,3434,70,High
St0024,2021,February,166,58,19,36,6,149234,78.9,0,0,1940042,4.4,4814,4738,76,Medium
St0024,2021,March,121,42,13,47,4,130680,69.4,1,1,1829520,4.3,3630,3566,64,Medium
St0024,2021,April,142,49,14,30,6,71568,63.7,1,5,1145088,4.7,3408,3279,129,Medium
St0024,2021,May,131,45,21,52,6,61308,68.4,4,16,919620,4.2,3406,3343,63,Medium
St0024,2021,June,179,62,15,49,6,156625,78.0,1,4,1566250,4.0,4475,4315,160,Medium
St0024,2021,July,79,27,18,50,7,55458,62.7,3,6,831870,3.9,2133,2079,54,Medium
St0024,2021,August,148,51,19,49,6,70300,72.8,2,6,703000,4.0,3700,3677,23,Medium
St0024,2021,September,110,38,15,33,3,79200,57.7,4,12,871200,4.0,3300,3179,121,Low
St0024,2021,October,195,68,18,50,5,186615,60.7,3,6,2612610,4.6,5655,5544,111,Medium
St0024,2021,November,118,41,16,39,7,95108,55.5,4,12,951080,4.5,3068,3027,41,Low
St0024,2021,December,176,61,9,54,3,110000,47.9,3,12,1430000,4.2,4400,4316,84,Low
St0024,2022,January,180,62,14,53,3,116640,57.0,4,12,1749600,3.6,4320,4220,100,Low
St0024,2022,February,114,39,19,38,7,60192,71.8,3,9,601920,3.7,2736,2720,16,Medium
St0024,2022,March,130,45,21,31,7,81900,73.0,1,5,819000,4.7,3900,3873,27,Medium
St0024,2022,April,145,50,21,34,5,147900,87.8,4,4,1331100,4.2,4350,4253,97,High
St0024,2022,May,166,58,23,32,7,143424,77.8,3,9,1864512,4.3,4482,4456,26,Medium
St0024,2022,June,197,68,21,37,5,176512,86.7,0,0,2118144,4.0,5516,5381,135,High
St0024,2022,July,152,53,17,52,5,125400,55.9,1,1,1379400,4.6,3800,3658,142,Low
St0024,2022,August,118,41,14,33,3,71862,49.3,4,20,790482,4.5,3422,3395,27,Low
St0024,2022,September,195,68,17,51,4,101400,81.9,0,0,1216800,4.5,5070,4900,170,High
St0024,2022,October,243,85,20,48,7,170100,73.2,1,3,2381400,4.1,6804,6701,103,Medium
St0024,2022,November,213,74,21,33,6,158472,72.4,2,6,1426248,4.2,5112,4938,174,Medium
St0024,2022,December,212,74,16,54,5,106848,55.4,3,12,1602720,3.6,5088,4896,192,Low
St0024,2023,January,235,82,13,55,3,236880,65.8,2,6,3079440,4.3,6580,6443,137,Medium
St0024,2023,February,157,54,23,37,8,114296,80.1,3,12,1257256,3.8,4082,4053,29,High
St0024,2023,March,204,71,15,50,3,177480,56.3,0,0,2129760,4.2,6120,5995,125,Low
St0024,2023,April,182,63,21,45,7,163072,85.8,3,6,1956864,4.3,5096,5032,64,High
St0024,2023,May,183,64,17,55,7,181170,63.3,0,0,2174040,3.9,5490,5446,44,Medium
St0024,2023,June,116,40,19,34,6,89088,88.0,0,0,979968,4.3,2784,2729,55,High
St0024,2023,July,255,89,18,33,6,177480,81.1,3,9,2839680,4.2,6120,6075,45,High
St0024,2023,August,120,42,17,44,7,68040,63.6,3,15,952560,4.2,3240,3200,40,Medium
St0024,2023,September,218,76,13,31,4,170040,66.0,0,0,2380560,4.4,5668,5594,74,Medium
St0024,2023,October,252,88,18,39,6,199584,86.5,3,12,1995840,3.9,6048,5945,103,High
St0024,2023,November,274,95,12,51,5,260848,62.4,1,4,3130176,4.6,7672,7628,44,Medium
St0024,2023,December,283,99,19,42,6,220740,55.9,1,4,3311100,3.8,7358,7163,195,Low
St0024,2024,January,126,44,23,33,5,101556,80.0,4,12,1320228,3.7,3276,3210,66,Medium
St0024,2024,February,177,61,23,35,6,159123,89.0,1,1,1432107,3.9,5133,5000,133,High
St0024,2024,March,229,80,24,36,7,137400,81.7,2,8,1923600,4.7,6870,6802,68,High
St0024,2024,April,232,81,21,37,6,167040,76.7,0,0,2004480,4.8,6960,6712,248,Medium
St0024,2024,May,141,49,24,51,8,76986,81.4,3,9,769860,3.8,3666,3561,105,High
St0024,2024,June,278,97,13,54,4,206832,57.9,4,8,2275152,4.1,6672,6425,247,Low
St0024,2024,July,274,95,25,54,8,239750,88.8,2,2,2877000,4.5,6850,6673,177,High
St0024,2024,August,129,45,23,50,8,139320,84.5,4,8,1532520,4.1,3870,3824,46,High
St0024,2024,September,173,60,21,53,7,93420,90.1,4,20,1121040,4.5,5190,5076,114,High
St0024,2024,October,153,53,25,41,8,99144,88.3,2,4,1586304,4.0,3672,3595,77,High
St0024,2024,November,265,92,17,42,6,221805,58.2,4,4,2661660,4.1,7155,6982,173,Low
St0024,2024,December,248,86,16,31,6,222952,55.2,2,2,3121328,4.1,7192,7047,145,Low
St0024,2025,January,178,62,17,34,4,152724,70.0,0,0,1527240,4.5,4628,4488,140,Medium
St0024,2025,February,173,60,20,41,7,119370,78.6,0,0,1074330,4.1,5190,5014,176,Medium
St0024,2025,March,177,61,18,38,6,119475,76.4,1,4,1433700,3.9,4779,4727,52,Medium
St0024,2025,April,210,73,13,43,5,126000,65.6,2,2,1638000,4.7,5250,5101,149,Medium
St0024,2025,May,256,89,14,33,4,178176,66.5,1,1,2850816,4.0,6144,5914,230,Medium
St0024,2025,June,272,95,20,38,5,268192,88.6,4,8,3754688,4.3,7888,7672,216,High
St0024,2025,July,274,95,27,42,6,245504,96.5,4,16,3191552,4.5,7672,7473,199,High
St0024,2025,August,249,87,25,52,6,216630,92.4,3,3,2382930,4.4,7470,7425,45,High
St0024,2025,September,188,65,15,33,3,157920,79.1,0,0,1737120,4.1,5640,5538,102,Medium
St0024,2025,October,367,128,18,35,6,211392,66.7,3,6,3170880,3.8,8808,8711,97,Medium
St0024,2025,November,326,114,21,30,5,148656,94.9,1,2,1932528,3.9,7824,7565,259,High
St0024,2025,December,279,97,21,53,8,263655,65.7,4,16,2372895,4.1,7533,7371,162,Medium
St0025,2021,January,140,49,23,50,6,133980,76.0,3,9,1607760,4.2,4060,3920,140,Medium
St0025,2021,February,84,29,15,43,5,83160,59.5,1,4,1247400,3.8,2520,2467,53,Low
St0025,2021,March,127,44,9,36,4,76200,49.0,1,1,838200,3.8,3810,3710,100,Low
St0025,2021,April,144,50,14,41,3,79344,45.5,3,3,952128,4.4,4176,4049,127,Low
St0025,2021,May,104,36,19,40,6,55328,69.4,3,3,497952,4.4,2912,2856,56,Medium
St0025,2021,June,149,52,13,47,5,100575,45.0,2,6,1206900,3.9,3725,3634,91,Low
St0025,2021,July,120,42,20,46,5,67200,64.0,2,6,672000,4.3,3360,3311,49,Medium
St0025,2021,August,89,31,19,38,5,74849,61.7,0,0,1122735,4.1,2581,2541,40,Medium
St0025,2021,September,136,47,19,51,5,81600,71.8,3,3,816000,4.6,3400,3299,101,Medium
St0025,2021,October,176,61,22,55,8,118800,72.3,2,8,1782000,4.2,4400,4265,135,Medium
St0025,2021,November,118,41,16,49,6,57348,54.9,3,12,917568,3.9,3186,3099,87,Low
St0025,2021,December,151,52,14,36,5,99660,68.0,1,1,996600,3.8,4530,4484,46,Medium
St0025,2022,January,161,56,14,30,3,92575,53.6,4,20,1018325,3.7,4025,3966,59,Low
St0025,2022,February,145,50,19,55,5,126150,71.7,1,5,1513800,4.3,4350,4315,35,Medium
St0025,2022,March,145,50,12,49,6,98020,48.7,1,4,1274260,3.8,3770,3672,98,Low
St0025,2022,April,113,39,18,43,6,73224,77.7,4,16,732240,3.6,2712,2694,18,Medium
St0025,2022,May,155,54,19,49,4,148800,72.3,1,2,2232000,4.3,4650,4548,102,Medium
St0025,2022,June,215,75,22,39,6,110295,74.4,0,0,1102950,4.7,5805,5660,145,Medium
St0025,2022,July,179,62,11,30,3,134250,51.5,2,10,1342500,4.2,5370,5290,80,Low
St0025,2022,August,137,47,23,34,8,123163,79.3,3,6,1354793,3.9,3973,3890,83,Medium
St0025,2022,September,161,56,19,44,6,140070,75.2,4,20,1540770,3.7,4830,4682,148,Medium
St0025,2022,October,127,44,18,47,7,101600,80.5,3,3,1016000,4.3,3175,3096,79,High
St0025,2022,November,258,90,19,46,5,193500,57.4,3,12,2128500,4.4,6450,6241,209,Low
St0025,2022,December,187,65,15,38,3,97614,55.3,0,0,1561824,4.4,5423,5391,32,Low
St0025,2023,January,213,74,17,35,4,166992,64.5,4,16,1669920,3.9,5964,5818,146,Medium
St0025,2023,February,139,48,22,52,6,112034,72.9,3,15,1344408,4.4,3614,3594,20,Medium
St0025,2023,March,192,67,20,33,7,129600,81.1,4,20,1166400,3.9,4800,4627,173,High
St0025,2023,April,243,85,16,41,4,110808,83.4,3,6,1329696,3.7,5832,5706,126,High
St0025,2023,May,255,89,19,52,5,135660,66.6,1,3,1627920,3.7,7140,6891,249,Medium
St0025,2023,June,218,76,21,39,8,117720,82.8,1,2,1648080,4.7,5886,5734,152,High
St0025,2023,July,124,43,18,40,6,93496,86.9,1,3,1028456,4.4,3596,3511,85,High
St0025,2023,August,216,75,15,44,3,114912,55.4,0,0,1493856,4.3,6048,5866,182,Low
St0025,2023,September,150,52,18,36,7,90000,57.8,4,12,1260000,3.6,4500,4438,62,Low
St0025,2023,October,216,75,13,50,3,172800,53.8,4,8,1900800,3.8,5400,5320,80,Low
St0025,2023,November,259,90,10,45,4,210308,51.0,3,15,1892772,4.5,7252,7186,66,Low
St0025,2023,December,228,79,14,35,5,160056,65.7,4,8,1440504,3.8,6156,6100,56,Medium
St0025,2024,January,280,98,17,40,5,231000,74.4,0,0,3003000,4.8,7000,6734,266,Medium
St0025,2024,February,232,81,17,45,6,127600,75.8,1,3,1148400,4.7,5800,5730,70,Medium
St0025,2024,March,206,72,11,35,3,197760,58.2,2,4,2966400,4.3,6180,6045,135,Low
St0025,2024,April,235,82,20,33,8,225600,81.4,2,4,3609600,4.0,7050,6872,178,High
St0025,2024,May,244,85,22,45,7,256200,70.6,1,3,2818200,4.3,7320,7238,82,Medium
St0025,2024,June,299,104,20,42,8,236808,86.1,4,20,2368080,3.7,7176,7072,104,High
St0025,2024,July,226,79,15,34,6,119328,54.3,4,4,1670592,4.0,5424,5286,138,Low
St0025,2024,August,293,102,17,49,5,227075,76.9,4,20,3406125,4.3,7325,7240,85,Medium
St0025,2024,September,284,99,21,45,7,238560,93.9,2,10,3101280,4.4,8520,8396,124,High
St0025,2024,October,363,127,16,36,5,292578,76.7,3,3,2633202,4.4,9438,9170,268,Medium
St0025,2024,November,316,110,20,36,5,265440,68.4,2,10,2388960,4.0,9480,9307,173,Medium
St0025,2024,December,290,101,20,44,6,160080,67.0,4,12,2081040,3.5,6960,6712,248,Medium
St0025,2025,January,360,125,18,32,7,194400,75.0,1,5,2721600,4.3,9720,9428,292,Medium
St0025,2025,February,260,91,18,40,5,187200,68.8,4,20,1684800,3.5,7800,7745,55,Medium
St0025,2025,March,207,72,24,51,9,193752,86.9,2,4,2518776,4.0,5382,5324,58,High
St0025,2025,April,187,65,19,33,6,112200,58.1,3,12,1570800,4.1,4675,4541,134,Low
St0025,2025,May,201,70,13,52,4,130650,67.2,4,20,1175850,4.5,5226,5188,38,Medium
St0025,2025,June,232,81,21,40,5,197200,74.7,3,9,2563600,4.4,5800,5638,162,Medium
St0025,2025,July,267,93,22,35,5,168210,91.4,0,0,2523150,4.8,8010,7745,265,High
St0025,2025,August,248,86,18,31,5,217000,61.7,1,2,3038000,4.1,6200,5955,245,Medium
St0025,2025,September,177,61,26,49,6,148680,95.6,1,3,1784160,4.3,4248,4080,168,High
St0025,2025,October,290,101,26,44,7,248820,93.5,1,4,2239380,4.6,7540,7307,233,High
St0025,2025,November,253,88,12,45,4,258060,58.4,3,12,3870900,3.6,7590,7392,198,Low
St0025,2025,December,215,75,24,50,6,203175,81.6,2,2,2438100,4.0,5805,5618,187,High
St0026,2021,January,137,47,18,53,7,118916,53.8,0,0,1664824,4.3,3836,3734,102,Low
St0026,2021,February,158,55,24,52,9,81054,80.0,1,5,729486,3.9,4266,4138,128,Medium
St0026,2021,March,168,58,18,52,6,90720,52.7,3,9,816480,4.2,4536,4403,133,Low
St0026,2021,April,96,33,23,54,8,77376,81.0,1,5,1005888,4.3,2496,2431,65,High
St0026,2021,May,124,43,21,48,7,120528,83.1,1,5,1446336,4.1,3348,3249,99,High
St0026,2021,June,165,57,17,36,5,100485,66.4,0,0,1004850,4.2,4785,4618,167,Medium
St0026,2021,July,150,52,15,39,3,101250,65.6,2,10,1316250,4.6,3750,3682,68,Medium
St0026,2021,August,172,60,16,55,6,106812,79.2,1,2,1602180,4.0,4644,4576,68,Medium
St0026,2021,September,184,64,16,34,7,173880,72.3,2,6,2260440,4.0,4968,4859,109,Medium
St0026,2021,October,232,81,18,49,4,169128,51.7,3,15,1691280,4.4,6264,6133,131,Low
St0026,2021,November,232,81,15,39,5,225504,46.2,4,8,2255040,4.0,6264,6116,148,Low
St0026,2021,December,167,58,13,37,3,155310,53.9,4,4,2019030,3.8,5010,4872,138,Low
St0026,2022,January,111,38,15,51,3,112665,74.5,3,9,1464645,4.1,3219,3116,103,Medium
St0026,2022,February,116,40,19,55,5,60900,75.5,0,0,669900,4.3,2900,2813,87,Medium
St0026,2022,March,128,44,14,30,4,93184,56.8,4,16,1490944,4.5,3584,3503,81,Low
St0026,2022,April,161,56,21,43,5,112700,66.2,3,3,1127000,4.6,4508,4337,171,Medium
St0026,2022,May,217,75,20,47,8,182280,64.0,3,3,2916480,4.1,6510,6359,151,Medium
St0026,2022,June,124,43,18,39,5,62496,68.6,2,8,874944,3.9,3472,3345,127,Medium
St0026,2022,July,173,60,23,49,8,150510,82.7,1,4,1354590,4.5,5190,5050,140,High
St0026,2022,August,148,51,16,52,4,70300,63.7,3,12,984200,4.5,3700,3635,65,Medium
St0026,2022,September,165,57,21,37,6,142560,84.9,3,15,1853280,4.6,3960,3881,79,High
St0026,2022,October,219,76,18,41,6,184179,60.2,4,16,2762685,3.5,6351,6166,185,Medium
St0026,2022,November,167,58,17,43,6,108216,80.8,1,5,1190376,4.4,4008,3981,27,High
St0026,2022,December,143,50,21,31,8,108108,79.2,1,5,1513512,4.8,4004,3921,83,Medium
St0026,2023,January,286,100,21,37,7,223080,65.0,3,6,2900040,4.6,8580,8282,298,Medium
St0026,2023,February,170,59,23,49,5,100980,76.9,1,4,1413720,3.9,4590,4476,114,Medium
St0026,2023,March,129,45,11,32,4,68628,53.1,4,20,960792,4.0,3612,3486,126,Low
St0026,2023,April,154,53,12,43,6,92400,62.3,3,6,1108800,4.0,4620,4514,106,Medium
St0026,2023,May,192,67,15,46,6,119232,52.2,3,3,1907712,4.5,5184,5061,123,Low
St0026,2023,June,271,94,16,32,5,156096,82.7,4,20,2497536,4.4,6504,6258,246,High
St0026,2023,July,180,62,16,47,4,131040,61.9,0,0,1179360,4.1,5040,4867,173,Medium
St0026,2023,August,124,43,22,55,7,70308,75.0,1,4,984312,4.4,3348,3325,23,Medium
St0026,2023,September,230,80,14,33,6,166750,59.7,1,4,1667500,4.6,6670,6509,161,Low
St0026,2023,October,157,54,16,36,6,74575,53.2,0,0,820325,4.7,3925,3854,71,Low
St0026,2023,November,234,81,16,43,7,156078,73.9,2,2,1404702,4.6,6786,6530,256,Medium
St0026,2023,December,175,61,19,50,7,136500,90.2,1,4,1638000,4.4,5250,5046,204,High
St0026,2024,January,195,68,19,43,6,203580,90.4,1,4,2646540,3.7,5655,5552,103,High
St0026,2024,February,275,96,18,32,5,213125,77.2,0,0,2983750,4.1,6875,6644,231,Medium
St0026,2024,March,295,103,18,44,6,155760,74.9,2,4,2492160,4.0,7080,6869,211,Medium
St0026,2024,April,188,65,19,55,4,157920,84.5,4,20,2526720,4.2,5640,5545,95,High
St0026,2024,May,189,66,14,55,3,131544,73.7,4,16,2104704,4.1,5481,5409,72,Medium
St0026,2024,June,280,98,22,31,5,159600,83.5,0,0,2074800,3.9,8400,8265,135,High
St0026,2024,July,242,84,12,33,6,144716,59.3,2,2,2170740,4.2,6292,6098,194,Low
St0026,2024,August,253,88,18,31,5,258060,70.1,3,12,4128960,3.8,7590,7509,81,Medium
St0026,2024,September,253,88,18,43,7,127512,72.3,2,2,1912680,4.0,6072,5865,207,Medium
St0026,2024,October,264,92,20,43,6,145464,61.4,3,6,2036496,3.7,7656,7549,107,Medium
St0026,2024,November,252,88,18,35,7,150696,74.0,4,12,2260440,4.2,6552,6460,92,Medium
St0026,2024,December,212,74,15,43,4,159848,63.3,0,0,1438632,3.8,5512,5338,174,Medium
St0026,2025,January,231,80,19,38,7,198198,85.5,4,4,2378376,4.0,6006,5835,171,High
St0026,2025,February,380,133,26,37,6,200640,94.3,2,6,3009600,4.4,9120,8975,145,High
St0026,2025,March,351,122,19,41,4,294840,60.3,0,0,3538080,4.0,10530,10450,80,Medium
St0026,2025,April,181,63,19,54,6,141180,66.9,0,0,1835340,4.5,5430,5264,166,Medium
St0026,2025,May,186,65,22,31,7,145080,81.9,1,4,1595880,4.7,4836,4665,171,High
St0026,2025,June,364,127,18,41,6,309400,76.6,0,0,4331600,4.3,9100,8751,349,Medium
St0026,2025,July,181,63,22,35,8,99550,91.3,1,4,1294150,4.2,4525,4363,162,High
St0026,2025,August,260,91,18,48,6,188500,91.1,0,0,2073500,4.6,6500,6322,178,High
St0026,2025,September,263,92,18,30,6,176736,82.0,1,3,2120832,3.9,6312,6071,241,High
St0026,2025,October,389,136,22,31,8,357102,78.8,3,12,3571020,3.6,10503,10383,120,Medium
St0026,2025,November,423,148,19,31,7,441612,57.8,2,6,3974508,4.0,12267,11972,295,Low
St0026,2025,December,425,148,21,54,5,249900,81.6,4,12,3498600,3.6,11900,11722,178,High
St0027,2021,January,165,57,12,35,3,100485,60.0,1,5,1205820,4.4,4785,4747,38,Low
St0027,2021,February,111,38,20,52,8,95904,65.1,0,0,1246752,4.9,2997,2934,63,Medium
St0027,2021,March,171,59,18,49,4,169290,60.4,1,3,1862190,4.5,5130,5044,86,Medium
St0027,2021,April,201,70,10,44,5,109746,46.7,0,0,1207206,4.4,5226,5149,77,Low
St0027,2021,May,105,36,24,36,6,59850,83.8,4,16,778050,3.8,3150,3066,84,High
St0027,2021,June,105,36,11,55,4,58800,48.0,0,0,940800,4.0,2940,2854,86,Low
St0027,2021,July,176,61,13,37,5,109296,45.8,2,10,1639440,3.9,4752,4567,185,Low
St0027,2021,August,201,70,18,55,6,130650,50.8,1,5,2090400,4.1,5226,5110,116,Low
St0027,2021,September,251,87,18,42,5,169425,82.1,0,0,1863675,4.4,6777,6666,111,High
St0027,2021,October,157,54,15,50,3,89490,48.7,1,4,1163370,4.8,4710,4666,44,Low
St0027,2021,November,173,60,18,39,5,90306,77.3,4,16,1083672,4.4,5017,4820,197,Medium
St0027,2021,December,226,79,21,50,6,113904,66.2,4,8,1708560,4.0,6328,6102,226,Medium
St0027,2022,January,243,85,14,33,4,104976,74.0,1,2,1259712,4.3,5832,5643,189,Medium
St0027,2022,February,177,61,12,36,3,116820,57.6,2,4,1752300,4.1,5310,5199,111,Low
St0027,2022,March,203,71,20,52,6,187572,87.8,0,0,2813580,4.7,5684,5518,166,High
St0027,2022,April,200,70,14,42,3,93600,69.6,0,0,936000,4.8,5200,5161,39,Medium
St0027,2022,May,195,68,19,40,4,174720,56.3,1,4,1572480,4.0,5460,5273,187,Low
St0027,2022,June,163,57,19,45,6,92421,70.0,1,3,1109052,4.4,4401,4325,76,Medium
St0027,2022,July,272,95,18,38,4,176256,50.4,2,2,2820096,4.7,7344,7261,83,Low
St0027,2022,August,238,83,16,31,7,119952,56.6,2,6,1679328,4.1,6664,6491,173,Low
St0027,2022,September,143,50,10,38,3,145860,52.5,3,12,1604460,4.5,4290,4259,31,Low
St0027,2022,October,205,71,20,45,6,130790,60.3,4,4,1177110,3.6,5945,5713,232,Medium
St0027,2022,November,233,81,21,32,6,212030,70.8,0,0,1908270,3.8,6058,5900,158,Medium
St0027,2022,December,292,102,16,48,4,204984,69.3,0,0,2869776,3.8,7884,7838,46,Medium
St0027,2023,January,336,117,17,46,5,235872,52.9,0,0,2830464,4.8,9072,8929,143,Low
St0027,2023,February,179,62,16,42,4,154656,69.7,2,4,2474496,4.0,4296,4194,102,Medium
St0027,2023,March,154,53,16,49,6,93786,81.2,2,2,1313004,4.7,4466,4292,174,High
St0027,2023,April,175,61,18,49,5,103950,73.3,2,10,1663200,4.6,4725,4669,56,Medium
St0027,2023,May,207,72,22,52,6,111780,71.4,4,16,1564920,4.3,5589,5483,106,Medium
St0027,2023,June,221,77,17,36,4,111384,73.8,4,8,1336608,4.3,5304,5210,94,Medium
St0027,2023,July,239,83,13,32,4,207930,64.2,4,12,2703090,3.9,7170,7068,102,Medium
St0027,2023,August,356,124,13,42,4,371664,61.9,2,8,4088304,3.7,10324,10265,59,Medium
St0027,2023,September,246,86,17,53,5,200736,71.3,2,8,2007360,4.5,5904,5813,91,Medium
St0027,2023,October,205,71,15,36,3,179375,64.7,2,8,1614375,4.2,5125,5046,79,Medium
St0027,2023,November,326,114,19,41,6,264712,75.1,3,9,2911832,4.0,9128,8826,302,Medium
St0027,2023,December,406,142,21,38,6,263088,71.0,1,3,3683232,4.2,10962,10725,237,Medium
St0027,2024,January,233,81,15,46,5,186400,58.1,1,2,2796000,4.0,5825,5720,105,Low
St0027,2024,February,311,108,18,30,7,285498,56.4,1,2,3996972,4.4,8397,8103,294,Low
St0027,2024,March,292,102,21,43,7,152424,86.2,2,6,1829088,4.0,8468,8374,94,High
St0027,2024,April,357,124,21,41,5,224910,83.3,2,4,2698920,4.5,10710,10427,283,High
St0027,2024,May,394,137,19,45,5,283680,56.5,0,0,3687840,4.3,9456,9267,189,Low
St0027,2024,June,258,90,16,47,6,202272,81.8,1,2,1820448,4.4,7224,6949,275,High
St0027,2024,July,191,66,19,35,5,123768,62.0,0,0,1113912,4.0,4584,4492,92,Medium
St0027,2024,August,202,70,17,47,4,126048,84.3,1,1,1890720,3.9,5252,5129,123,High
St0027,2024,September,404,141,12,30,3,232300,55.0,1,1,2555300,4.4,10100,9814,286,Low
St0027,2024,October,308,107,23,33,8,321552,83.1,0,0,3858624,3.9,8932,8848,84,High
St0027,2024,November,226,79,22,46,8,237300,84.9,2,4,2610300,3.8,6780,6649,131,High
St0027,2024,December,396,138,22,53,6,415800,85.2,0,0,5821200,4.0,11880,11485,395,High
St0027,2025,January,207,72,17,38,7,145314,61.3,1,2,1453140,4.7,5382,5301,81,Medium
St0027,2025,February,285,99,18,33,6,239685,61.7,1,5,2157165,4.6,8265,8145,120,Medium
St0027,2025,March,466,163,19,45,7,418934,69.9,2,4,3770406,4.3,13514,13129,385,Medium
St0027,2025,April,231,80,18,32,5,179025,62.6,4,12,2864400,4.4,5775,5737,38,Medium
St0027,2025,May,261,91,25,49,9,190008,89.3,4,12,2660112,3.8,6786,6637,149,High
St0027,2025,June,335,117,24,35,6,325620,91.6,3,3,3256200,4.6,9045,8888,157,High
St0027,2025,July,344,120,19,31,7,197800,72.9,3,12,2571400,4.0,8600,8354,246,Medium
St0027,2025,August,235,82,15,40,4,207740,68.9,0,0,1869660,4.1,6110,5979,131,Medium
St0027,2025,September,345,120,20,33,5,256680,61.2,0,0,2566800,3.8,8280,7966,314,Medium
St0027,2025,October,471,164,14,54,4,330642,74.5,0,0,3637062,4.1,12717,12608,109,Medium
St0027,2025,November,365,127,17,30,7,280320,63.5,0,0,3644160,4.7,8760,8620,140,Medium
St0027,2025,December,515,180,15,51,4,317240,60.0,4,16,3172400,4.2,14420,13881,539,Low
St0028,2021,January,73,25,12,40,3,63510,53.7,1,3,762120,4.1,2117,2041,76,Low
St0028,2021,February,85,29,18,50,4,82620,82.2,0,0,1239300,4.3,2295,2258,37,High
St0028,2021,March,91,31,18,41,5,48412,70.2,4,20,435708,4.3,2548,2524,24,Medium
St0028,2021,April,52,18,12,38,5,45240,61.8,2,4,452400,4.2,1508,1485,23,Medium
St0028,2021,May,85,29,10,33,3,51765,54.1,4,4,569415,3.6,2465,2411,54,Low
St0028,2021,June,100,35,21,34,7,70200,70.8,4,12,912600,4.5,2700,2638,62,Medium
St0028,2021,July,97,33,17,52,4,52380,73.9,3,12,785700,3.7,2910,2793,117,Medium
St0028,2021,August,103,36,19,36,5,60564,81.1,3,15,605640,4.4,2884,2814,70,High
St0028,2021,September,72,25,15,55,3,58032,47.4,1,4,580320,3.8,1872,1842,30,Low
St0028,2021,October,62,21,13,31,3,29016,47.3,2,10,464256,3.9,1612,1583,29,Low
St0028,2021,November,70,24,22,41,7,50750,81.0,2,8,710500,4.4,1750,1692,58,High
St0028,2021,December,105,36,17,43,4,109620,73.9,4,20,1096200,3.8,3045,2944,101,Medium
St0028,2022,January,107,37,17,52,6,66447,56.3,3,3,1063152,4.2,2889,2836,53,Low
St0028,2022,February,71,24,22,53,5,51759,81.6,1,4,569349,4.4,1917,1873,44,High
St0028,2022,March,82,28,24,44,8,38376,81.6,4,12,422136,4.4,2132,2081,51,High
St0028,2022,April,104,36,23,37,5,44928,85.8,1,4,494208,4.1,2496,2426,70,High
St0028,2022,May,123,43,23,52,7,105534,79.2,1,4,949806,4.3,3198,3177,21,Medium
St0028,2022,June,125,43,19,41,5,90625,81.4,4,4,1450000,4.6,3625,3557,68,High
St0028,2022,July,97,33,19,53,6,92829,72.2,0,0,1299606,4.4,2813,2767,46,Medium
St0028,2022,August,88,30,21,50,8,84480,68.9,4,12,1351680,3.8,2640,2539,101,Medium
St0028,2022,September,84,29,15,38,4,83160,70.2,3,3,997920,3.9,2520,2437,83,Medium
St0028,2022,October,95,33,22,34,8,79895,82.4,0,0,1278320,4.4,2755,2662,93,High
St0028,2022,November,79,27,19,41,5,39500,56.8,2,2,395000,4.0,1975,1931,44,Low
St0028,2022,December,68,23,15,39,4,65076,69.3,4,20,780912,3.8,1972,1921,51,Medium
St0028,2023,January,131,45,18,53,5,68775,52.2,0,0,894075,4.3,3275,3195,80,Low
St0028,2023,February,120,42,17,50,4,100800,51.6,0,0,1512000,3.9,3600,3498,102,Low
St0028,2023,March,72,25,25,39,7,36000,86.8,4,8,540000,4.4,1800,1756,44,High
St0028,2023,April,154,53,15,42,3,133980,74.8,4,16,1473780,4.1,4620,4535,85,Medium
St0028,2023,May,149,52,16,30,6,116220,57.5,1,3,1859520,4.3,3874,3832,42,Low
St0028,2023,June,118,41,17,34,5,99120,55.4,4,16,892080,3.5,2832,2728,104,Low
St0028,2023,July,76,26,14,35,6,46816,57.1,3,12,468160,3.7,2128,2062,66,Low
St0028,2023,August,118,41,18,53,4,101952,59.4,1,3,1223424,3.9,2832,2800,32,Low
St0028,2023,September,125,43,21,32,7,100000,69.1,1,3,1600000,4.8,3125,3030,95,Medium
St0028,2023,October,149,52,14,31,6,120988,58.2,4,20,1209880,3.6,4321,4150,171,Low
St0028,2023,November,112,39,18,45,7,99008,70.2,2,10,1485120,3.7,2912,2803,109,Medium
St0028,2023,December,123,43,25,36,8,98400,86.7,0,0,885600,4.0,3075,3011,64,High
St0028,2024,January,159,55,20,55,6,166950,69.0,4,16,2170350,4.4,4770,4737,33,Medium
St0028,2024,February,95,33,21,36,5,74385,82.3,3,9,1190160,4.0,2755,2734,21,High
St0028,2024,March,133,46,23,37,6,107730,83.3,3,12,1400490,3.8,3990,3831,159,High
St0028,2024,April,165,57,15,36,5,97020,64.7,2,8,1455300,4.6,4620,4450,170,Medium
St0028,2024,May,144,50,22,35,7,89856,88.4,2,6,1257984,3.9,3744,3678,66,High
St0028,2024,June,80,28,11,31,2,55680,54.1,2,2,890880,4.1,1920,1873,47,Low
St0028,2024,July,79,27,14,47,5,51192,70.8,4,20,511920,4.5,1896,1853,43,Medium
St0028,2024,August,109,38,16,47,4,73575,73.4,2,8,882900,4.5,2725,2636,89,Medium
St0028,2024,September,113,39,21,50,6,79100,76.6,4,4,949200,4.2,2825,2809,16,Medium
St0028,2024,October,166,58,17,48,5,173304,77.2,1,3,2772864,4.5,4814,4708,106,Medium
St0028,2024,November,190,66,17,42,5,132240,59.4,1,2,1454640,4.2,4560,4478,82,Low
St0028,2024,December,152,53,21,44,7,136192,87.9,0,0,2179072,4.7,4256,4096,160,High
St0028,2025,January,167,58,14,51,6,175350,59.6,0,0,2630250,3.8,5010,4967,43,Low
St0028,2025,February,128,44,20,45,6,86400,73.6,0,0,777600,4.5,3200,3107,93,Medium
St0028,2025,March,132,46,17,51,6,84216,86.3,0,0,1347456,4.3,3828,3677,151,High
St0028,2025,April,152,53,14,49,6,113088,60.8,2,8,1243968,4.1,3648,3578,70,Medium
St0028,2025,May,179,62,18,40,7,155730,62.1,2,4,1868760,3.9,5191,5000,191,Medium
St0028,2025,June,128,44,13,52,6,73216,67.6,4,12,1025024,4.3,3328,3302,26,Medium
St0028,2025,July,95,33,19,37,5,70680,95.3,4,12,777480,3.9,2280,2247,33,High
St0028,2025,August,117,40,24,42,7,85293,89.8,3,15,1023516,4.1,3159,3080,79,High
St0028,2025,September,135,47,19,53,4,133110,84.2,1,1,1197990,3.8,3915,3789,126,High
St0028,2025,October,231,80,22,50,8,122892,83.9,2,6,1474704,3.8,6468,6297,171,High
St0028,2025,November,226,79,12,47,4,129272,64.8,2,6,1163448,4.0,5876,5706,170,Medium
St0028,2025,December,220,77,22,46,8,110880,90.4,2,4,1330560,4.5,5280,5094,186,High
St0029,2021,January,117,40,24,49,6,60021,84.5,3,3,780273,4.3,3159,3047,112,High
St0029,2021,February,131,45,20,35,7,111350,71.1,2,8,1670250,3.9,3275,3210,65,Medium
St0029,2021,March,221,77,15,32,3,132600,66.4,4,20,1193400,4.4,5304,5214,90,Medium
St0029,2021,April,166,58,18,40,7,134460,68.9,4,16,1479060,3.9,4482,4311,171,Medium
St0029,2021,May,188,65,16,31,7,100016,83.5,2,4,1200192,4.4,5264,5234,30,High
St0029,2021,June,213,74,17,40,6,172530,68.5,0,0,2587950,4.6,5751,5539,212,Medium
St0029,2021,July,103,36,14,55,3,58916,47.0,2,2,530244,4.5,2678,2633,45,Low
St0029,2021,August,201,70,19,38,5,120600,62.9,1,4,1326600,4.1,4824,4796,28,Medium
St0029,2021,September,153,53,16,38,5,105570,52.7,2,2,1689120,4.2,4590,4435,155,Low
St0029,2021,October,243,85,12,38,3,236196,47.8,1,4,3070548,4.0,6561,6334,227,Low
St0029,2021,November,193,67,13,46,6,194544,45.7,4,12,2334528,4.0,5404,5316,88,Low
St0029,2021,December,235,82,16,30,7,224895,51.7,1,4,2923635,3.9,6815,6700,115,Low
St0029,2022,January,168,58,20,33,7,120960,65.5,2,4,1693440,4.4,5040,4926,114,Medium
St0029,2022,February,206,72,19,48,4,121128,63.5,4,20,1695792,3.9,5768,5638,130,Medium
St0029,2022,March,132,46,14,43,4,84216,60.6,3,3,1179024,4.1,3828,3759,69,Medium
St0029,2022,April,224,78,20,43,6,169344,81.3,2,10,1524096,4.0,6048,5896,152,High
St0029,2022,May,205,71,16,42,6,138375,74.8,1,3,1245375,4.4,5535,5390,145,Medium
St0029,2022,June,227,79,16,46,5,197490,62.8,3,9,2172390,4.6,6583,6376,207,Medium
St0029,2022,July,269,94,14,55,3,150640,62.2,0,0,1657040,4.7,7532,7490,42,Medium
St0029,2022,August,228,79,23,52,6,201552,84.0,3,6,2217072,4.6,5928,5816,112,High
St0029,2022,September,203,71,17,48,5,170520,61.0,2,6,1705200,4.6,4872,4722,150,Medium
St0029,2022,October,158,55,22,47,7,142042,77.5,1,5,1420420,3.9,4582,4502,80,Medium
St0029,2022,November,297,103,16,52,4,158004,51.9,4,20,2370060,3.7,8316,8224,92,Low
St0029,2022,December,313,109,12,37,4,163386,59.4,0,0,2124018,4.8,9077,8868,209,Low
St0029,2023,January,168,58,14,48,3,108864,55.4,3,9,1088640,4.2,4536,4357,179,Low
St0029,2023,February,306,107,18,34,5,165240,88.0,2,10,2478600,4.7,8262,8142,120,High
St0029,2023,March,172,60,12,49,3,167184,57.6,0,0,1839024,4.9,4644,4538,106,Low
St0029,2023,April,180,62,16,47,6,109620,72.8,2,8,1534680,4.3,5220,5092,128,Medium
St0029,2023,May,139,48,19,52,7,60048,71.2,4,16,600480,3.8,3336,3311,25,Medium
St0029,2023,June,264,92,16,31,7,198000,54.6,0,0,2574000,4.3,7920,7731,189,Low
St0029,2023,July,168,58,20,30,6,100800,80.7,2,4,1008000,3.9,4200,4159,41,High
St0029,2023,August,191,66,25,36,6,144396,87.0,0,0,1299564,4.9,5157,4958,199,High
St0029,2023,September,266,93,15,35,4,263340,68.5,1,1,2896740,3.8,7980,7871,109,Medium
St0029,2023,October,315,110,20,37,8,165375,90.9,3,3,1488375,4.1,7875,7767,108,High
St0029,2023,November,301,105,23,38,7,183309,90.1,0,0,2199708,4.4,8729,8632,97,High
St0029,2023,December,257,89,13,44,4,246720,53.4,3,6,3207360,4.5,7710,7577,133,Low
St0029,2024,January,296,103,23,41,8,215784,78.0,3,15,2589408,3.9,7992,7756,236,Medium
St0029,2024,February,212,74,18,52,6,133560,70.1,2,2,1736280,4.4,6360,6132,228,Medium
St0029,2024,March,275,96,12,50,6,158125,63.6,2,2,1423125,3.8,6875,6804,71,Medium
St0029,2024,April,376,131,23,49,7,223344,84.3,1,5,2680128,4.6,10152,9856,296,High
St0029,2024,May,174,60,15,48,6,140244,62.7,0,0,1402440,4.2,4524,4404,120,Medium
St0029,2024,June,341,119,17,35,6,186186,70.3,3,3,2420418,4.0,8866,8628,238,Medium
St0029,2024,July,183,64,11,42,2,131760,58.6,4,4,1449360,4.0,4392,4292,100,Low
St0029,2024,August,361,126,23,43,6,232484,82.9,1,5,2789808,4.5,10108,9704,404,High
St0029,2024,September,294,102,18,39,4,132300,74.6,4,8,1719900,4.0,7350,7071,279,Medium
St0029,2024,October,431,150,21,55,6,437465,69.7,4,12,6999440,4.5,12499,12396,103,Medium
St0029,2024,November,201,70,17,38,7,179091,64.9,2,10,2865456,4.2,5427,5366,61,Medium
St0029,2024,December,227,79,21,37,6,170250,81.6,3,3,1872750,3.9,6810,6760,50,High
St0029,2025,January,356,124,19,51,4,219296,64.0,1,4,2412256,4.3,9968,9655,313,Medium
St0029,2025,February,215,75,23,53,5,224460,94.2,3,3,2020140,4.0,6235,6126,109,High
St0029,2025,March,396,138,21,52,7,342144,83.8,1,5,3763584,3.7,9504,9383,121,High
St0029,2025,April,302,105,23,49,8,135900,95.5,2,2,2038500,4.0,7550,7505,45,High
St0029,2025,May,337,117,26,41,8,185687,94.2,4,12,2599618,3.9,9773,9533,240,High
St0029,2025,June,319,111,15,46,4,249777,69.2,3,6,3746655,4.2,8613,8312,301,Medium
St0029,2025,July,350,122,21,38,7,274400,85.8,1,5,3018400,4.1,9800,9629,171,High
St0029,2025,August,181,63,14,52,5,136474,71.0,2,2,2047110,3.6,5249,5056,193,Medium
St0029,2025,September,332,116,21,42,6,358560,80.6,2,4,5378400,3.9,9960,9756,204,High
St0029,2025,October,387,135,23,53,6,314244,94.8,2,10,4085172,4.5,10836,10610,226,High
St0029,2025,November,269,94,21,33,7,239679,83.3,4,4,3355506,4.3,7263,7085,178,High
St0029,2025,December,277,96,12,36,5,166200,61.1,1,1,2493000,4.7,6925,6661,264,Medium
St0030,2021,January,60,21,10,32,2,59160,48.2,1,2,709920,4.6,1740,1730,10,Low
St0030,2021,February,116,40,12,52,3,81200,58.6,2,6,730800,4.3,2900,2822,78,Low
St0030,2021,March,118,41,23,41,7,85550,82.8,1,5,1197700,4.2,2950,2915,35,High
St0030,2021,April,64,22,18,36,5,48000,72.8,1,5,480000,3.8,1600,1578,22,Medium
St0030,2021,May,119,41,18,30,7,64260,72.5,2,2,642600,4.0,3570,3506,64,Medium
St0030,2021,June,59,20,22,51,6,35282,82.5,2,8,564512,4.5,1534,1488,46,High
St0030,2021,July,51,17,18,42,7,47430,57.4,0,0,616590,4.7,1530,1489,41,Low
St0030,2021,August,66,23,12,33,3,56628,64.2,3,12,566280,4.3,1716,1655,61,Medium
St0030,2021,September,104,36,18,49,4,57304,59.7,0,0,515736,4.8,3016,2964,52,Low
St0030,2021,October,114,39,17,37,6,51984,83.7,2,8,779760,4.1,2736,2640,96,High
St0030,2021,November,75,26,16,32,4,55800,62.5,1,3,669600,3.9,1800,1737,63,Medium
St0030,2021,December,118,41,13,47,3,79650,59.6,0,0,1274400,4.4,2950,2889,61,Low
St0030,2022,January,90,31,20,51,7,81000,67.6,4,16,891000,4.2,2250,2173,77,Medium
St0030,2022,February,122,42,15,34,5,73200,48.2,2,2,1098000,4.0,2928,2900,28,Low
St0030,2022,March,73,25,11,53,2,45625,57.8,1,2,410625,4.7,1825,1788,37,Low
St0030,2022,April,140,49,17,44,7,109760,63.8,3,12,987840,4.1,3920,3863,57,Medium
St0030,2022,May,119,41,16,43,7,124236,53.6,1,1,1242360,4.0,3451,3403,48,Low
St0030,2022,June,104,36,22,46,5,66352,86.3,2,8,1061632,3.8,3016,2943,73,High
St0030,2022,July,104,36,20,54,8,68640,62.7,3,15,1098240,4.1,3120,3066,54,Medium
St0030,2022,August,96,33,24,52,9,64896,83.5,2,2,713856,4.3,2496,2407,89,High
St0030,2022,September,122,42,24,32,6,68320,84.3,3,6,819840,3.6,3416,3339,77,High
St0030,2022,October,80,28,16,51,4,62640,52.0,0,0,876960,4.2,2320,2233,87,Low
St0030,2022,November,74,25,16,36,6,42550,61.2,0,0,510600,3.9,1850,1825,25,Medium
St0030,2022,December,159,55,15,55,3,71550,66.7,2,4,715500,4.3,3975,3875,100,Medium
St0030,2023,January,163,57,17,36,4,127140,63.1,4,4,1144260,4.5,4890,4830,60,Medium
St0030,2023,February,161,56,21,34,5,146510,90.0,4,4,1904630,4.1,4186,4101,85,High
St0030,2023,March,159,55,18,55,4,115275,74.0,2,10,1498575,4.5,4611,4531,80,Medium
St0030,2023,April,91,31,19,45,4,91728,77.4,1,5,1100736,4.8,2548,2523,25,Medium
St0030,2023,May,150,52,20,39,6,81900,73.6,3,6,1310400,4.6,3900,3755,145,Medium
St0030,2023,June,153,53,20,51,7,130050,62.1,2,2,2080800,3.7,3825,3776,49,Medium
St0030,2023,July,145,50,21,44,5,147900,71.7,0,0,2366400,4.0,4350,4258,92,Medium
St0030,2023,August,162,56,16,44,4,109350,52.7,2,6,984150,4.3,4050,3982,68,Low
St0030,2023,September,137,47,13,35,6,73980,66.5,0,0,1109700,4.8,3699,3600,99,Medium
St0030,2023,October,104,36,21,49,8,102960,65.0,4,16,1544400,3.5,3120,3097,23,Medium
St0030,2023,November,169,59,17,38,5,147875,57.0,1,3,1330875,4.5,4225,4189,36,Low
St0030,2023,December,125,43,15,39,5,94500,54.1,3,15,1417500,4.7,3500,3365,135,Low
St0030,2024,January,179,62,20,41,7,94512,78.5,2,8,850608,4.6,4296,4170,126,Medium
St0030,2024,February,165,57,24,31,7,134640,92.1,3,3,1615680,3.7,3960,3932,28,High
St0030,2024,March,183,64,12,47,3,167994,63.1,4,12,1847934,4.5,4941,4831,110,Medium
St0030,2024,April,175,61,17,51,5,141750,59.8,3,12,1559250,4.4,4725,4666,59,Low
St0030,2024,May,107,37,21,33,7,98868,82.4,0,0,988680,4.5,2996,2892,104,High
St0030,2024,June,148,51,18,41,4,81400,60.6,0,0,1058200,4.0,3700,3654,46,Medium
St0030,2024,July,88,30,22,45,5,66352,92.1,3,15,862576,4.6,2552,2526,26,High
St0030,2024,August,116,40,15,38,4,93960,60.4,3,3,1503360,3.8,3132,3008,124,Medium
St0030,2024,September,177,61,21,33,5,148680,68.5,3,9,1338120,4.0,4248,4112,136,Medium
St0030,2024,October,228,79,19,49,7,114912,56.2,1,3,1149120,4.3,6384,6172,212,Low
St0030,2024,November,169,59,19,45,4,125736,85.4,0,0,1508832,4.8,4056,3978,78,High
St0030,2024,December,209,73,17,35,5,169708,69.1,1,2,2375912,4.6,5852,5682,170,Medium
St0030,2025,January,114,39,22,45,5,82080,78.1,4,4,1231200,4.3,3420,3324,96,Medium
St0030,2025,February,200,70,17,32,5,180000,76.4,3,9,2880000,4.0,6000,5944,56,Medium
St0030,2025,March,205,71,16,39,7,107625,82.4,0,0,1722000,4.9,5125,5080,45,High
St0030,2025,April,171,59,20,41,7,133380,83.0,3,9,1333800,3.8,5130,4933,197,High
St0030,2025,May,111,38,11,39,3,101010,59.5,3,6,1313130,3.7,2886,2842,44,Low
St0030,2025,June,224,78,19,31,5,188160,67.9,0,0,2822400,4.1,5376,5167,209,Medium
St0030,2025,July,199,69,16,53,4,185070,75.2,3,9,2035770,4.7,5970,5820,150,Medium
St0030,2025,August,149,52,20,39,7,111750,77.7,3,9,1676250,4.5,3725,3663,62,Medium
St0030,2025,September,203,71,22,50,6,112056,80.2,0,0,1568784,4.8,4872,4742,130,High
St0030,2025,October,118,41,16,37,4,63720,73.2,2,4,637200,3.8,3186,3069,117,Medium
St0030,2025,November,196,68,20,50,8,186592,90.5,3,9,2239104,4.4,5488,5320,168,High
St0030,2025,December,212,74,24,31,9,228960,90.2,3,9,3434400,4.0,6360,6111,249,High
St0031,2021,January,122,42,16,40,7,102114,80.6,4,8,919026,4.4,3294,3218,76,High
St0031,2021,February,147,51,20,42,5,111132,67.1,2,8,1111320,4.1,3969,3898,71,Medium
St0031,2021,March,187,65,16,37,6,95931,53.1,0,0,959310,4.0,5049,4858,191,Low
St0031,2021,April,168,58,20,51,8,163296,78.2,0,0,1632960,4.0,4536,4361,175,Medium
St0031,2021,May,259,90,17,40,4,194250,51.8,0,0,2719500,4.3,7770,7693,77,Low
St0031,2021,June,151,52,23,42,7,90600,81.5,3,12,1449600,4.1,3775,3744,31,High
St0031,2021,July,207,72,23,30,7,134550,78.1,3,12,1480050,4.6,5175,4971,204,Medium
St0031,2021,August,236,82,16,37,6,194700,54.9,0,0,1947000,4.3,5900,5755,145,Low
St0031,2021,September,154,53,12,42,3,115500,57.1,4,4,1270500,3.8,4620,4539,81,Low
St0031,2021,October,140,49,22,45,8,94500,83.8,1,3,1039500,4.3,3500,3474,26,High
St0031,2021,November,276,96,17,52,7,260820,57.2,3,3,2347380,4.4,7452,7254,198,Low
St0031,2021,December,309,108,18,54,6,313635,61.7,3,15,3136350,3.7,8961,8726,235,Medium
St0031,2022,January,229,80,16,31,6,119538,80.0,2,4,1314918,4.1,6641,6595,46,Medium
St0031,2022,February,162,56,12,41,6,122148,63.2,4,20,1832220,3.5,4698,4615,83,Medium
St0031,2022,March,291,101,19,32,5,194097,63.4,0,0,2329164,4.0,8439,8362,77,Medium
St0031,2022,April,262,91,13,49,6,183400,66.9,2,2,2384200,4.3,6550,6368,182,Medium
St0031,2022,May,268,93,14,36,5,150080,55.8,2,8,2101120,3.8,7504,7335,169,Low
St0031,2022,June,334,116,15,37,5,261856,49.6,4,12,3665984,4.5,9352,9267,85,Low
St0031,2022,July,195,68,12,34,6,154440,50.1,2,10,1544400,4.6,4680,4592,88,Low
St0031,2022,August,299,104,15,46,3,303485,60.7,4,4,3338335,4.4,8671,8496,175,Medium
St0031,2022,September,332,116,15,43,4,224100,48.6,1,5,3361500,4.0,8964,8852,112,Low
St0031,2022,October,325,113,18,38,5,207350,68.4,4,4,2488200,3.9,9425,9265,160,Medium
St0031,2022,November,285,99,14,41,4,239400,59.8,3,15,3830400,4.5,6840,6628,212,Low
St0031,2022,December,283,99,22,30,8,267435,84.5,2,4,4011525,4.1,7641,7482,159,High
St0031,2023,January,175,61,23,36,5,120750,83.3,2,6,1086750,4.1,5250,5046,204,High
St0031,2023,February,277,96,17,54,7,274230,80.3,0,0,2742300,4.3,8310,8077,233,High
St0031,2023,March,350,122,18,37,4,192500,89.5,2,2,1925000,4.2,8750,8689,61,High
St0031,2023,April,332,116,23,35,5,221444,87.0,3,15,3100216,4.1,9628,9461,167,High
St0031,2023,May,197,68,20,34,8,143416,90.0,1,3,2007824,4.6,5122,4955,167,High
St0031,2023,June,327,114,10,32,4,306072,53.5,3,15,3672864,3.6,8502,8403,99,Low
St0031,2023,July,324,113,19,44,7,139968,59.6,1,1,1819584,4.3,7776,7591,185,Low
St0031,2023,August,350,122,25,54,8,207900,86.7,0,0,3118500,3.9,9450,9299,151,High
St0031,2023,September,394,137,18,43,4,265950,90.9,2,10,3989250,3.8,10638,10380,258,High
St0031,2023,October,409,143,18,31,5,343560,69.9,1,2,3779160,3.8,11452,11152,300,Medium
St0031,2023,November,419,146,18,41,4,437436,89.0,1,1,6124104,4.5,12151,12042,109,High
St0031,2023,December,225,78,18,30,7,206550,56.4,4,4,1858950,4.5,6075,5905,170,Low
St0031,2024,January,207,72,21,52,8,208656,76.3,0,0,1877904,4.0,5796,5646,150,Medium
St0031,2024,February,332,116,17,46,6,284856,83.1,1,1,3418272,4.4,8632,8506,126,High
St0031,2024,March,297,103,19,52,7,168399,56.6,1,3,1852389,3.9,8019,7704,315,Low
St0031,2024,April,316,110,20,52,8,159264,83.8,1,3,2388960,4.5,8848,8744,104,High
St0031,2024,May,297,103,16,53,5,267300,75.7,2,8,2405700,3.9,7425,7325,100,Medium
St0031,2024,June,408,142,24,38,9,253368,82.1,0,0,2280312,4.4,11016,10582,434,High
St0031,2024,July,254,88,18,32,4,144780,60.5,3,15,1447800,4.0,7620,7420,200,Medium
St0031,2024,August,428,149,16,32,5,297888,71.2,2,8,3574656,3.8,12412,12319,93,Medium
St0031,2024,September,256,89,18,51,5,219648,72.0,3,3,3075072,4.2,6656,6620,36,Medium
St0031,2024,October,344,120,21,52,6,165120,68.5,3,3,2641920,4.6,8256,8110,146,Medium
St0031,2024,November,511,178,19,41,5,370475,92.6,1,5,4816175,4.4,14819,14505,314,High
St0031,2024,December,478,167,15,30,3,443584,73.5,3,12,4435840,4.4,13862,13314,548,Medium
St0031,2025,January,279,97,20,46,5,202275,70.3,4,8,3236400,3.6,8091,7832,259,Medium
St0031,2025,February,419,146,21,45,5,366625,95.0,0,0,5499375,4.8,10475,10098,377,High
St0031,2025,March,463,162,17,53,6,311136,80.2,3,9,3422496,4.0,11112,11030,82,High
St0031,2025,April,385,134,19,50,5,312620,60.2,4,8,2813580,4.4,11165,11024,141,Medium
St0031,2025,May,263,92,19,30,5,160167,76.8,4,16,2562672,3.6,7627,7527,100,Medium
St0031,2025,June,331,115,23,46,8,270096,84.5,1,2,2700960,3.9,7944,7902,42,High
St0031,2025,July,252,88,21,55,5,234360,91.2,0,0,2577960,4.4,7560,7442,118,High
St0031,2025,August,485,169,21,39,6,314280,81.1,2,10,3142800,4.6,13095,12695,400,High
St0031,2025,September,424,148,18,47,7,286624,77.0,2,4,4299360,4.5,11024,10736,288,Medium
St0031,2025,October,593,207,13,54,6,309546,63.5,4,4,4024098,4.4,17197,16855,342,Medium
St0031,2025,November,309,108,19,32,4,203940,86.9,0,0,2651220,4.3,9270,9050,220,High
St0031,2025,December,572,200,19,35,6,400400,57.5,1,4,5205200,4.5,14300,13964,336,Low
St0032,2021,January,110,38,9,49,4,52800,46.4,1,1,792000,4.3,2640,2619,21,Low
St0032,2021,February,137,47,21,32,8,123300,68.1,4,16,1972800,4.1,3425,3315,110,Medium
St0032,2021,March,166,58,18,50,4,87648,73.7,2,2,964128,3.9,3984,3884,100,Medium
St0032,2021,April,161,56,12,53,3,139104,59.1,1,3,1251936,4.5,3864,3844,20,Low
St0032,2021,May,100,35,13,44,3,91000,51.0,2,4,1183000,4.0,2600,2498,102,Low
St0032,2021,June,104,36,9,52,4,75400,45.3,0,0,754000,4.6,3016,2919,97,Low
St0032,2021,July,105,36,11,48,2,94500,49.6,4,16,945000,4.4,3150,3046,104,Low
St0032,2021,August,136,47,12,45,6,122400,52.4,0,0,1836000,4.8,4080,3930,150,Low
St0032,2021,September,118,41,22,49,8,105728,75.7,3,3,1374464,3.9,3304,3263,41,Medium
St0032,2021,October,200,70,16,35,6,163200,63.8,2,2,1795200,4.5,4800,4703,97,Medium
St0032,2021,November,162,56,22,31,8,99792,79.1,1,1,1397088,4.0,4536,4361,175,Medium
St0032,2021,December,129,45,18,32,4,127710,71.5,4,8,1532520,4.0,3870,3717,153,Medium
St0032,2022,January,167,58,17,52,7,168336,64.1,4,16,2020032,4.3,4676,4566,110,Medium
St0032,2022,February,194,67,16,49,6,146664,61.0,2,2,2346624,4.5,5432,5332,100,Medium
St0032,2022,March,139,48,18,37,7,141780,71.7,1,5,1417800,4.2,4170,4028,142,Medium
St0032,2022,April,118,41,11,43,4,112926,50.0,1,5,1693890,3.8,3422,3390,32,Low
St0032,2022,May,122,42,9,38,5,64050,48.1,4,16,768600,4.2,3050,2994,56,Low
St0032,2022,June,186,65,11,54,3,96720,59.3,3,6,870480,4.3,4836,4653,183,Low
St0032,2022,July,136,47,10,30,3,66096,54.5,2,8,727056,3.8,3672,3609,63,Low
St0032,2022,August,101,35,17,55,4,73225,79.0,4,8,878700,3.8,2525,2432,93,Medium
St0032,2022,September,218,76,16,40,5,188352,64.6,4,20,2071872,4.2,5232,5133,99,Medium
St0032,2022,October,251,87,20,46,7,160138,70.7,0,0,2402070,4.8,7279,7211,68,Medium
St0032,2022,November,186,65,13,54,3,104160,52.8,2,10,1354080,4.6,5208,5153,55,Low
St0032,2022,December,150,52,17,38,6,117450,54.2,0,0,1879200,4.6,4050,3951,99,Low
St0032,2023,January,204,71,22,50,6,153000,71.0,1,5,1377000,4.0,6120,6037,83,Medium
St0032,2023,February,145,50,18,50,6,86130,86.7,4,16,1205820,3.6,3915,3884,31,High
St0032,2023,March,164,57,17,55,7,137268,56.7,4,16,1647216,3.9,4428,4379,49,Low
St0032,2023,April,193,67,14,35,3,93798,63.5,3,9,1406970,3.9,5211,5103,108,Medium
St0032,2023,May,200,70,16,44,6,106400,64.0,0,0,1596000,4.8,5600,5500,100,Medium
St0032,2023,June,137,47,20,43,7,69048,81.8,0,0,897624,4.7,3836,3720,116,High
St0032,2023,July,255,89,21,44,6,247860,72.7,3,3,2726460,4.1,6885,6733,152,Medium
St0032,2023,August,149,52,21,40,8,136782,73.9,0,0,2051730,4.2,4023,3934,89,Medium
St0032,2023,September,244,85,17,36,7,131760,59.3,4,16,1581120,3.8,7320,7255,65,Low
St0032,2023,October,295,103,19,36,7,292050,75.3,4,12,4672800,4.2,8850,8636,214,Medium
St0032,2023,November,263,92,21,47,7,221183,81.5,1,3,3096562,4.4,7627,7510,117,High
St0032,2023,December,202,70,16,52,5,180992,73.0,4,12,2533888,4.6,5656,5466,190,Medium
St0032,2024,January,182,63,20,43,8,196560,65.0,1,4,2358720,3.8,5460,5329,131,Medium
St0032,2024,February,240,84,12,54,3,226800,57.6,1,3,2268000,4.2,6480,6383,97,Low
St0032,2024,March,246,86,21,38,8,243540,78.4,0,0,3896640,4.6,7380,7277,103,Medium
St0032,2024,April,152,53,16,45,4,90896,70.5,2,2,1363440,3.7,3952,3825,127,Medium
St0032,2024,May,235,82,18,52,7,230300,70.5,0,0,2763600,4.3,6580,6512,68,Medium
St0032,2024,June,294,102,19,42,6,246960,67.8,3,12,2716560,3.9,7056,6783,273,Medium
St0032,2024,July,185,64,21,40,6,134125,75.6,3,12,1207125,3.6,4625,4441,184,Medium
St0032,2024,August,248,86,24,47,9,215760,90.9,2,8,2157600,4.5,7440,7332,108,High
St0032,2024,September,224,78,23,55,5,190400,77.2,1,2,2856000,4.7,5600,5448,152,Medium
St0032,2024,October,283,99,14,49,6,155933,64.6,3,3,1403397,4.0,8207,8078,129,Medium
St0032,2024,November,305,106,22,45,6,159210,77.6,4,8,2228940,3.9,8845,8649,196,Medium
St0032,2024,December,272,95,14,53,5,254592,69.8,4,20,3055104,4.2,7072,6980,92,Medium
St0032,2025,January,310,108,23,30,5,215760,79.0,4,16,3020640,3.6,7440,7315,125,Medium
St0032,2025,February,208,72,14,50,4,124384,61.7,1,2,1865760,4.4,5408,5348,60,Medium
St0032,2025,March,175,61,14,41,6,126875,58.3,4,8,1395625,4.3,4375,4310,65,Low
St0032,2025,April,178,62,22,53,6,160200,70.0,3,6,1441800,3.9,4450,4336,114,Medium
St0032,2025,May,336,117,15,50,3,244608,62.4,4,20,3179904,3.6,8736,8559,177,Medium
St0032,2025,June,310,108,23,42,5,201500,82.9,1,4,2015000,4.5,8060,7977,83,High
St0032,2025,July,198,69,22,43,8,166320,77.8,0,0,2328480,4.8,4752,4669,83,Medium
St0032,2025,August,182,63,19,55,4,117208,71.9,4,20,1054872,3.6,5096,4904,192,Medium
St0032,2025,September,276,96,25,51,9,288144,92.3,3,6,3745872,4.1,8004,7699,305,High
St0032,2025,October,388,135,18,34,5,232800,79.5,4,20,3026400,4.1,9700,9583,117,Medium
St0032,2025,November,244,85,16,34,6,215696,65.9,0,0,2372656,3.8,6344,6259,85,Medium
St0032,2025,December,351,122,25,50,8,217971,86.2,1,3,3051594,3.8,9477,9199,278,High
St0033,2021,January,117,40,14,34,5,88218,67.8,3,12,1323270,4.5,3042,2921,121,Medium
St0033,2021,February,192,67,18,31,7,168000,70.1,1,5,2184000,4.2,4800,4642,158,Medium
St0033,2021,March,108,37,19,51,7,81432,56.6,1,5,1302912,4.4,3132,3014,118,Low
St0033,2021,April,172,60,18,35,5,111800,70.0,0,0,1341600,4.7,4300,4148,152,Medium
St0033,2021,May,142,49,17,45,5,105648,63.8,2,4,1584720,3.9,3408,3377,31,Medium
St0033,2021,June,168,58,16,51,5,117600,59.3,3,9,1293600,3.7,4704,4566,138,Low
St0033,2021,July,125,43,13,37,5,98000,56.3,2,8,1078000,3.6,3500,3413,87,Low
St0033,2021,August,111,38,18,48,7,57942,73.3,4,8,927072,4.3,3219,3148,71,Medium
St0033,2021,September,174,60,22,46,8,164430,71.8,2,2,1644300,4.0,4698,4572,126,Medium
St0033,2021,October,159,55,24,50,6,133719,83.0,0,0,1738347,4.7,4611,4534,77,High
St0033,2021,November,183,64,15,51,5,109800,47.9,3,15,1647000,4.0,4392,4344,48,Low
St0033,2021,December,224,78,17,36,4,112896,76.1,4,12,1241856,3.6,6272,6028,244,Medium
St0033,2022,January,222,77,11,46,5,149184,51.0,1,3,1790208,4.7,5328,5258,70,Low
St0033,2022,February,157,54,21,36,6,109900,65.4,3,6,1538600,3.9,3925,3808,117,Medium
St0033,2022,March,141,49,13,48,3,84600,59.6,2,6,930600,4.5,3384,3365,19,Low
St0033,2022,April,161,56,11,33,2,78246,57.6,3,6,704214,4.5,4347,4245,102,Low
St0033,2022,May,156,54,12,40,5,81432,49.8,3,9,977184,4.5,4524,4498,26,Low
St0033,2022,June,147,51,16,53,6,88200,63.0,1,3,793800,4.6,4410,4371,39,Medium
St0033,2022,July,158,55,22,38,8,88480,80.3,4,4,1150240,4.2,4424,4302,122,High
St0033,2022,August,202,70,19,39,7,157560,76.7,2,2,2363400,4.4,5252,5151,101,Medium
St0033,2022,September,164,57,14,49,4,128576,70.8,1,2,1928640,3.8,4592,4565,27,Medium
St0033,2022,October,223,78,16,43,6,180630,59.1,1,1,2528820,4.4,6690,6583,107,Low
St0033,2022,November,126,44,20,51,8,88200,71.9,0,0,793800,4.7,3528,3461,67,Medium
St0033,2022,December,147,51,22,55,6,67032,80.8,1,3,1072512,4.8,3528,3437,91,High
St0033,2023,January,133,46,16,51,4,76076,72.3,4,8,912912,4.5,3458,3429,29,Medium
St0033,2023,February,232,81,18,36,6,169128,69.5,2,10,2029536,4.5,6264,6157,107,Medium
St0033,2023,March,286,100,17,34,6,267696,73.1,2,2,3212352,4.7,7436,7326,110,Medium
St0033,2023,April,183,64,15,33,3,92232,75.2,1,3,1291248,4.8,5124,4989,135,Medium
St0033,2023,May,177,61,19,30,7,167265,71.5,0,0,2341710,4.1,4779,4631,148,Medium
St0033,2023,June,215,75,14,42,6,180600,61.4,4,20,1986600,3.6,5160,5050,110,Medium
St0033,2023,July,160,56,18,49,7,142560,85.7,0,0,1710720,4.6,4320,4230,90,High
St0033,2023,August,237,82,13,42,4,226809,57.4,2,4,3628944,4.1,6873,6725,148,Low
St0033,2023,September,160,56,18,45,7,96000,77.9,3,12,1344000,4.2,4000,3900,100,Medium
St0033,2023,October,318,111,14,36,6,154548,52.2,3,3,2318220,4.1,8586,8401,185,Low
St0033,2023,November,308,107,14,46,3,314160,56.2,0,0,3455760,4.9,9240,8890,350,Low
St0033,2023,December,165,57,17,35,6,167475,71.4,4,20,2344650,3.5,4785,4758,27,Medium
St0033,2024,January,241,84,23,32,7,192800,92.8,2,2,2120800,4.4,6025,5784,241,High
St0033,2024,February,238,83,12,49,3,122094,59.5,4,16,1831410,4.2,6426,6378,48,Low
St0033,2024,March,158,55,21,36,8,102700,70.0,0,0,1437800,4.3,3950,3869,81,Medium
St0033,2024,April,261,91,18,44,5,176175,71.2,1,4,2290275,3.8,6525,6444,81,Medium
St0033,2024,May,234,81,18,55,4,170352,74.3,3,9,2384928,4.3,6084,5977,107,Medium
St0033,2024,June,229,80,18,46,5,111294,81.4,0,0,1780704,4.6,6183,6089,94,High
St0033,2024,July,193,67,23,39,8,115800,91.8,1,5,1273800,4.8,4632,4576,56,High
St0033,2024,August,265,92,20,40,5,230550,83.5,4,16,3458250,4.0,7685,7557,128,High
St0033,2024,September,295,103,17,40,7,258125,87.4,0,0,3097500,4.2,7375,7313,62,High
St0033,2024,October,265,92,18,42,7,237440,71.2,3,6,3086720,3.8,7420,7158,262,Medium
St0033,2024,November,216,75,23,48,6,146016,90.4,1,4,1460160,4.8,5616,5455,161,High
St0033,2024,December,365,127,14,50,3,275210,54.8,1,3,2752100,4.5,9490,9349,141,Low
St0033,2025,January,259,90,23,49,8,235690,96.8,3,6,2592590,4.4,6734,6518,216,High
St0033,2025,February,194,67,14,38,6,126100,66.7,4,8,1261000,3.8,4850,4695,155,Medium
St0033,2025,March,282,98,16,38,4,186120,67.5,1,5,1675080,4.7,8460,8149,311,Medium
St0033,2025,April,178,62,24,42,8,81168,94.5,0,0,1217520,4.8,4272,4127,145,High
St0033,2025,May,285,99,22,46,8,192660,84.3,4,20,2311920,4.5,7410,7174,236,High
St0033,2025,June,204,71,23,48,5,187272,78.2,2,2,1872720,4.6,5508,5451,57,Medium
St0033,2025,July,344,120,18,48,6,288960,60.4,4,16,3467520,4.4,9632,9578,54,Medium
St0033,2025,August,175,61,23,51,6,152250,89.3,1,1,1979250,3.8,5250,5103,147,High
St0033,2025,September,320,112,16,50,6,182400,60.6,1,5,1641600,3.8,9600,9373,227,Medium
St0033,2025,October,225,78,17,36,6,127575,78.4,4,20,1403325,4.5,6075,6010,65,Medium
St0033,2025,November,259,90,19,42,6,248640,85.8,1,4,3232320,4.4,7770,7578,192,High
St0033,2025,December,388,135,19,34,5,184300,93.3,3,15,2211600,4.4,9700,9371,329,High
St0034,2021,January,153,53,18,40,7,123930,64.2,2,8,1611090,4.6,4131,4067,64,Medium
St0034,2021,February,125,43,18,52,6,101250,83.6,0,0,1417500,4.6,3750,3686,64,High
St0034,2021,March,111,38,19,38,6,80808,77.8,2,4,1212120,3.8,3108,3040,68,Medium
St0034,2021,April,143,50,16,54,6,130130,75.7,0,0,1691690,3.8,3718,3667,51,Medium
St0034,2021,May,138,48,15,36,6,112608,47.8,2,8,1351296,4.5,3312,3291,21,Low
St0034,2021,June,134,46,13,36,3,87100,53.6,4,4,1306500,4.1,3350,3317,33,Low
St0034,2021,July,156,54,16,42,4,117936,60.7,4,12,1179360,3.7,4368,4342,26,Medium
St0034,2021,August,119,41,10,30,2,99603,51.0,0,0,1494045,4.6,3213,3167,46,Low
St0034,2021,September,147,51,14,49,5,83349,71.1,3,12,1250235,4.1,3969,3900,69,Medium
St0034,2021,October,188,65,18,42,4,164500,67.4,3,12,2303000,4.4,4700,4668,32,Medium
St0034,2021,November,143,50,20,41,6,136136,64.2,3,6,1497496,4.0,4004,3850,154,Medium
St0034,2021,December,153,53,21,42,6,110925,70.3,4,16,1442025,4.2,4437,4367,70,Medium
St0034,2022,January,174,60,16,49,4,89262,79.2,1,5,981882,3.7,4698,4654,44,Medium
St0034,2022,February,124,43,22,39,7,83700,76.3,1,2,1088100,4.1,3348,3294,54,Medium
St0034,2022,March,104,36,22,49,6,52000,72.5,2,10,780000,4.7,2600,2500,100,Medium
St0034,2022,April,179,62,18,36,5,140157,83.3,0,0,2242512,4.0,4833,4771,62,High
St0034,2022,May,156,54,16,45,4,70200,63.5,1,5,772200,4.4,3900,3878,22,Medium
St0034,2022,June,229,80,16,53,5,142896,48.1,4,20,2143440,3.6,5954,5804,150,Low
St0034,2022,July,205,71,22,33,7,106600,83.5,1,2,1172600,3.7,5330,5143,187,High
St0034,2022,August,155,54,17,51,5,86800,59.0,3,9,868000,3.6,4340,4257,83,Low
St0034,2022,September,204,71,14,53,5,97920,71.8,1,1,1566720,3.9,4896,4766,130,Medium
St0034,2022,October,122,42,22,37,6,95160,71.7,4,8,1427400,4.1,3172,3097,75,Medium
St0034,2022,November,200,70,23,41,7,124200,75.4,2,6,1366200,4.4,5400,5341,59,Medium
St0034,2022,December,184,64,15,44,4,193200,50.6,2,8,2898000,4.2,5520,5317,203,Low
St0034,2023,January,259,90,21,40,7,209790,85.4,3,15,2937060,3.7,7770,7559,211,High
St0034,2023,February,272,95,18,54,5,152320,85.4,3,15,1370880,4.4,7616,7388,228,High
St0034,2023,March,174,60,20,43,5,156600,73.8,3,9,1879200,3.7,4350,4189,161,Medium
St0034,2023,April,228,79,23,35,8,148200,82.8,2,8,2371200,3.7,5928,5844,84,High
St0034,2023,May,272,95,17,42,6,179520,82.9,1,3,1615680,4.2,8160,8042,118,High
St0034,2023,June,120,42,22,55,5,62400,79.7,1,5,873600,4.5,3120,3095,25,Medium
St0034,2023,July,148,51,14,51,5,73112,52.1,4,16,1096680,4.3,3848,3745,103,Low
St0034,2023,August,170,59,20,40,8,119340,80.3,0,0,1193400,4.9,4590,4485,105,High
St0034,2023,September,197,68,23,43,7,137112,90.9,4,16,1508232,3.9,4728,4594,134,High
St0034,2023,October,242,84,13,35,3,147378,66.0,3,3,2063292,4.5,7018,6943,75,Medium
St0034,2023,November,160,56,19,40,5,152320,87.3,0,0,1980160,4.6,4480,4356,124,High
St0034,2023,December,283,99,16,32,4,246210,80.4,2,8,3446940,4.5,8490,8203,287,High
St0034,2024,January,152,53,20,48,8,116736,83.5,4,8,1400832,4.4,3648,3609,39,High
St0034,2024,February,318,111,24,50,6,165996,80.7,2,4,2157948,3.9,9222,8946,276,High
St0034,2024,March,247,86,26,55,8,186238,93.5,3,15,1676142,3.8,6422,6249,173,High
St0034,2024,April,305,106,21,34,6,185745,70.2,1,2,1671705,4.4,8845,8759,86,Medium
St0034,2024,May,250,87,17,30,6,252000,63.6,3,9,3276000,4.2,7000,6853,147,Medium
St0034,2024,June,299,104,17,40,6,239200,74.6,4,20,3109600,4.3,7475,7217,258,Medium
St0034,2024,July,240,84,13,47,5,150000,56.7,4,4,1950000,3.8,6000,5854,146,Low
St0034,2024,August,228,79,17,54,5,136800,77.5,1,2,1231200,4.8,5472,5373,99,Medium
St0034,2024,September,158,55,15,52,6,150416,61.7,4,8,2105824,4.3,4424,4309,115,Medium
St0034,2024,October,173,60,15,45,6,98610,62.8,4,8,1281930,4.4,5190,5098,92,Medium
St0034,2024,November,276,96,22,41,8,172500,86.5,2,6,1725000,3.9,6900,6771,129,High
St0034,2024,December,293,102,17,34,6,219750,84.5,4,20,2197500,4.2,7325,7084,241,High
St0034,2025,January,232,81,16,41,6,233856,84.4,1,2,2104704,4.1,6496,6236,260,High
St0034,2025,February,308,107,22,45,6,205436,79.3,2,6,2465232,4.1,8932,8822,110,Medium
St0034,2025,March,330,115,19,47,5,178200,66.6,4,4,1603800,3.5,9900,9848,52,Medium
St0034,2025,April,300,105,17,34,7,260400,72.2,0,0,3385200,4.5,8400,8249,151,Medium
St0034,2025,May,253,88,17,46,5,221375,81.3,3,3,3099250,4.3,6325,6225,100,High
St0034,2025,June,176,61,26,41,8,127600,96.3,1,4,1148400,4.7,4400,4330,70,High
St0034,2025,July,292,102,24,34,8,204984,85.5,0,0,3279744,4.0,7592,7367,225,High
St0034,2025,August,312,109,16,36,7,174720,76.0,3,12,1921920,4.1,8736,8659,77,Medium
St0034,2025,September,295,103,12,30,3,274350,59.9,3,15,3566550,4.2,8850,8765,85,Low
St0034,2025,October,306,107,24,32,8,146880,89.8,2,6,1468800,4.6,7344,7113,231,High
St0034,2025,November,335,117,23,49,6,328300,81.2,2,2,4596200,4.5,9380,9134,246,High
St0034,2025,December,394,137,23,44,6,216700,81.6,1,3,2817100,4.0,9850,9752,98,High
St0035,2021,January,180,62,16,46,6,120960,79.8,3,9,1693440,3.7,5040,4839,201,Medium
St0035,2021,February,250,87,13,35,6,117000,68.9,3,15,1638000,4.4,6500,6266,234,Medium
St0035,2021,March,244,85,19,34,4,191296,67.6,3,9,3060736,3.9,6832,6729,103,Medium
St0035,2021,April,251,87,17,46,5,150600,54.8,3,6,2108400,4.5,6024,5987,37,Low
St0035,2021,May,192,67,16,44,6,109440,74.7,0,0,1641600,4.3,5760,5725,35,Medium
St0035,2021,June,207,72,15,30,6,174087,77.3,2,2,2437218,4.2,6003,5808,195,Medium
St0035,2021,July,174,60,19,40,6,131544,55.6,3,9,2104704,4.5,4698,4603,95,Low
St0035,2021,August,177,61,16,45,6,128856,81.8,3,3,1159704,4.0,4956,4789,167,High
St0035,2021,September,176,61,16,54,6,142560,78.9,3,15,1283040,4.3,4752,4601,151,Medium
St0035,2021,October,211,73,15,37,5,177240,61.3,4,20,2126880,4.4,6330,6272,58,Medium
St0035,2021,November,197,68,15,53,3,111699,52.8,4,8,1116990,4.6,5319,5211,108,Low
St0035,2021,December,204,71,20,48,7,159120,60.0,0,0,2227680,4.2,6120,5907,213,Low
St0035,2022,January,297,103,16,42,5,228096,72.8,4,4,2737152,3.7,7128,6987,141,Medium
St0035,2022,February,239,83,17,45,4,200760,55.5,2,8,2810640,3.8,5736,5524,212,Low
St0035,2022,March,132,46,20,31,7,92664,76.5,0,0,1019304,4.9,3432,3391,41,Medium
St0035,2022,April,179,62,15,48,6,145348,62.0,2,4,1308132,3.8,5191,5064,127,Medium
St0035,2022,May,233,81,24,50,8,116500,83.6,4,20,1514500,3.7,5825,5678,147,High
St0035,2022,June,197,68,23,50,5,189120,87.5,3,12,2458560,3.7,5910,5687,223,High
St0035,2022,July,216,75,24,52,8,151632,82.3,2,8,1516320,4.0,5832,5627,205,High
St0035,2022,August,190,66,21,52,8,86640,77.3,3,12,866400,3.7,4560,4463,97,Medium
St0035,2022,September,204,71,16,52,4,134640,69.3,0,0,1750320,3.9,6120,5876,244,Medium
St0035,2022,October,268,93,22,50,6,139360,73.4,2,4,2090400,4.6,6968,6877,91,Medium
St0035,2022,November,233,81,16,38,7,130480,66.8,2,8,1696240,4.7,6524,6470,54,Medium
St0035,2022,December,169,59,19,53,7,147030,87.0,4,20,2205450,3.8,4901,4800,101,High
St0035,2023,January,203,71,23,30,6,172550,90.8,2,6,2415700,4.6,5075,4968,107,High
St0035,2023,February,228,79,20,31,5,160056,67.0,1,2,2560896,4.7,5928,5745,183,Medium
St0035,2023,March,184,64,18,48,5,154744,86.1,3,3,2321160,4.5,5336,5306,30,High
St0035,2023,April,229,80,18,43,5,166941,55.8,3,9,2337174,4.6,6183,6067,116,Low
St0035,2023,May,257,89,15,54,5,193778,78.8,1,5,2325336,4.2,6682,6585,97,Medium
St0035,2023,June,194,67,21,51,7,146276,79.3,1,4,1609036,4.5,5626,5562,64,Medium
St0035,2023,July,271,94,18,34,7,292680,85.4,3,9,2634120,4.5,8130,8082,48,High
St0035,2023,August,283,99,11,40,4,122256,52.6,0,0,1956096,4.2,6792,6680,112,Low
St0035,2023,September,345,120,18,53,5,207000,51.9,1,1,3312000,4.4,8280,8107,173,Low
St0035,2023,October,399,139,20,48,7,242991,66.2,0,0,3158883,4.2,11571,11238,333,Medium
St0035,2023,November,373,130,16,49,4,205896,83.8,4,16,2264856,4.5,8952,8885,67,High
St0035,2023,December,325,113,23,47,7,204750,90.2,3,12,2661750,3.7,9750,9379,371,High
St0035,2024,January,319,111,16,54,7,260304,72.5,0,0,3904560,3.8,7656,7617,39,Medium
St0035,2024,February,250,87,18,35,7,225000,93.2,4,8,2250000,4.4,6250,6210,40,High
St0035,2024,March,216,75,23,47,5,127008,84.5,1,1,1143072,4.8,6048,5890,158,High
St0035,2024,April,367,128,23,30,6,211392,89.4,3,6,2748096,3.7,8808,8602,206,High
St0035,2024,May,359,125,19,41,4,260275,89.6,4,8,2602750,4.1,10411,10321,90,High
St0035,2024,June,231,80,23,34,6,135828,91.7,0,0,2173248,4.7,6468,6372,96,High
St0035,2024,July,304,106,16,30,6,279072,82.4,1,1,2790720,4.2,8208,7955,253,High
St0035,2024,August,244,85,15,41,4,120536,78.5,0,0,1205360,4.8,6344,6223,121,Medium
St0035,2024,September,217,75,14,52,5,162750,61.9,1,3,1953000,3.9,5425,5275,150,Medium
St0035,2024,October,429,150,18,37,6,356928,77.0,0,0,3212352,4.6,11154,10826,328,Medium
St0035,2024,November,395,138,13,49,5,266625,57.4,0,0,2666250,4.4,10665,10506,159,Low
St0035,2024,December,334,116,14,43,6,164996,73.8,0,0,2309944,4.9,8684,8627,57,Medium
St0035,2025,January,197,68,22,42,8,93575,84.5,2,8,1310050,4.7,4925,4768,157,High
St0035,2025,February,381,133,19,36,4,349758,67.8,0,0,4896612,4.6,10287,10100,187,Medium
St0035,2025,March,198,69,13,48,4,148500,59.7,0,0,2079000,4.4,4950,4890,60,Low
St0035,2025,April,468,163,16,44,4,389376,79.0,2,8,4672512,4.7,12168,11787,381,Medium
St0035,2025,May,339,118,26,33,7,294252,96.1,4,12,3825276,3.8,9492,9226,266,High
St0035,2025,June,283,99,19,53,7,280170,92.6,3,3,3081870,3.9,8490,8363,127,High
St0035,2025,July,430,150,16,52,5,361200,63.0,2,4,5418000,4.6,12040,11635,405,Medium
St0035,2025,August,414,144,23,31,7,193752,95.5,4,16,1743768,3.8,10764,10503,261,High
St0035,2025,September,225,78,14,35,3,234900,72.7,2,8,2349000,4.3,6525,6317,208,Medium
St0035,2025,October,507,177,20,54,6,389376,68.8,0,0,6230016,3.8,12168,11770,398,Medium
St0035,2025,November,394,137,19,32,4,342780,79.0,1,1,3770580,4.2,11426,11043,383,Medium
St0035,2025,December,251,87,21,43,5,160138,74.7,2,10,2241932,3.9,7279,6991,288,Medium
St0036,2021,January,66,23,22,53,7,58806,78.8,0,0,823284,4.1,1782,1718,64,Medium
St0036,2021,February,42,14,17,52,7,31668,54.9,0,0,443352,4.5,1218,1181,37,Low
St0036,2021,March,59,20,11,38,5,46256,53.1,3,3,508816,4.3,1652,1614,38,Low
St0036,2021,April,41,14,12,50,4,26158,61.3,4,8,235422,4.5,1189,1180,9,Medium
St0036,2021,May,56,19,15,46,4,31920,78.4,4,16,446880,4.1,1680,1638,42,Medium
St0036,2021,June,68,23,20,41,5,57120,82.2,4,8,856800,3.8,2040,1977,63,High
St0036,2021,July,70,24,16,54,7,41580,57.6,3,15,665280,4.6,1890,1855,35,Low
St0036,2021,August,61,21,16,43,5,45750,71.0,1,2,686250,4.5,1525,1473,52,Medium
St0036,2021,September,52,18,9,51,3,42432,45.1,4,4,466752,4.1,1248,1199,49,Low
St0036,2021,October,65,22,16,51,7,58240,47.0,4,20,524160,4.6,1820,1775,45,Low
St0036,2021,November,78,27,14,47,5,48438,54.0,0,0,581256,4.7,2106,2028,78,Low
St0036,2021,December,68,23,15,30,5,66640,61.4,0,0,799680,4.4,1904,1843,61,Medium
St0036,2022,January,50,17,17,45,4,33750,55.5,0,0,472500,4.7,1350,1305,45,Low
St0036,2022,February,50,17,16,52,4,31900,64.8,2,10,510400,3.7,1450,1435,15,Medium
St0036,2022,March,59,20,12,34,5,48675,60.6,1,3,486750,3.9,1475,1438,37,Medium
St0036,2022,April,36,12,14,31,4,27000,60.4,3,12,297000,4.1,1080,1047,33,Medium
St0036,2022,May,76,26,18,32,6,38304,65.6,3,15,383040,3.7,1824,1758,66,Medium
St0036,2022,June,56,19,21,46,6,36400,86.3,2,8,436800,3.8,1456,1444,12,High
St0036,2022,July,84,29,22,49,8,48300,71.7,4,4,434700,3.7,2100,2031,69,Medium
St0036,2022,August,59,20,17,43,6,63720,68.4,3,3,764640,4.0,1770,1717,53,Medium
St0036,2022,September,54,18,22,55,6,45198,74.0,1,3,587574,4.7,1458,1446,12,Medium
St0036,2022,October,71,24,16,43,7,59640,74.2,1,5,775320,4.3,1988,1944,44,Medium
St0036,2022,November,43,15,17,33,6,34830,85.9,4,4,522450,3.8,1290,1277,13,High
St0036,2022,December,76,26,17,48,4,38304,67.9,2,10,574560,3.6,2128,2066,62,Medium
St0036,2023,January,81,28,21,51,6,54027,72.9,2,2,756378,4.2,2349,2274,75,Medium
St0036,2023,February,66,23,16,30,6,44616,54.2,0,0,669240,4.5,1716,1673,43,Low
St0036,2023,March,77,26,18,33,4,43890,77.7,0,0,482790,4.4,2310,2265,45,Medium
St0036,2023,April,43,15,12,34,4,38012,60.4,2,10,494156,4.4,1118,1095,23,Medium
St0036,2023,May,65,22,21,46,5,34125,90.1,3,15,511875,3.6,1625,1585,40,High
St0036,2023,June,97,33,21,35,6,73332,78.2,1,4,879984,4.2,2716,2627,89,Medium
St0036,2023,July,43,15,22,54,6,40635,76.6,3,9,487620,4.6,1161,1143,18,Medium
St0036,2023,August,90,31,25,49,7,67860,86.3,0,0,1017900,4.2,2340,2250,90,High
St0036,2023,September,51,17,21,46,8,34272,73.4,4,16,376992,3.5,1224,1197,27,Medium
St0036,2023,October,81,28,14,38,5,53460,54.7,0,0,481140,4.5,2430,2399,31,Low
St0036,2023,November,101,35,20,45,6,51813,74.8,1,2,466317,4.3,2727,2663,64,Medium
St0036,2023,December,100,35,20,31,5,98600,77.4,0,0,887400,4.4,2900,2786,114,Medium
St0036,2024,January,57,19,24,44,7,32490,81.0,3,15,292410,4.5,1710,1699,11,High
St0036,2024,February,105,36,17,41,6,85050,61.6,1,4,935550,3.8,3150,3125,25,Medium
St0036,2024,March,85,29,20,38,8,78540,67.2,4,20,942480,3.7,2380,2300,80,Medium
St0036,2024,April,65,22,22,43,7,43680,91.8,4,12,611520,4.1,1820,1753,67,High
St0036,2024,May,91,31,14,33,4,50141,58.9,3,9,802256,4.2,2639,2587,52,Low
St0036,2024,June,110,38,17,33,5,85800,69.7,2,4,772200,4.1,2860,2801,59,Medium
St0036,2024,July,82,28,19,49,4,41000,63.2,4,16,574000,3.7,2050,2017,33,Medium
St0036,2024,August,112,39,14,53,6,101920,65.8,1,1,1223040,4.1,2912,2852,60,Medium
St0036,2024,September,93,32,13,47,3,83700,63.7,0,0,1255500,4.3,2790,2741,49,Medium
St0036,2024,October,63,22,17,47,7,47628,80.6,2,8,714420,4.6,1701,1672,29,High
St0036,2024,November,77,26,18,48,7,44044,92.2,3,12,660660,3.6,2002,1946,56,High
St0036,2024,December,78,27,14,49,4,65286,62.2,4,16,587574,3.9,2106,2044,62,Medium
St0036,2025,January,58,20,26,32,8,41760,95.7,0,0,668160,4.3,1740,1676,64,High
St0036,2025,February,108,37,19,43,6,57456,74.2,1,2,804384,4.3,3024,2903,121,Medium
St0036,2025,March,106,37,19,31,7,92220,73.0,3,6,1475520,3.6,3180,3068,112,Medium
St0036,2025,April,119,41,24,43,9,62118,84.6,3,9,993888,4.3,3451,3314,137,High
St0036,2025,May,113,39,21,41,6,64636,92.8,3,9,775632,4.4,2938,2860,78,High
St0036,2025,June,87,30,18,33,4,58464,73.0,3,15,876960,4.2,2436,2385,51,Medium
St0036,2025,July,130,45,17,51,7,116870,86.5,2,8,1636180,3.6,3770,3737,33,High
St0036,2025,August,108,37,19,50,4,58320,95.6,3,9,583200,3.8,3240,3111,129,High
St0036,2025,September,132,46,26,55,6,121176,92.8,3,15,1817640,3.6,3564,3448,116,High
St0036,2025,October,153,53,18,46,4,124236,77.9,2,6,1366596,4.4,4437,4391,46,Medium
St0036,2025,November,137,47,18,52,7,109600,62.2,0,0,986400,4.8,3425,3388,37,Medium
St0036,2025,December,83,29,24,50,8,62748,86.6,1,3,878472,3.7,2241,2217,24,High
St0037,2021,January,66,23,17,38,5,47520,58.8,1,3,475200,4.7,1584,1525,59,Low
St0037,2021,February,52,18,12,33,6,33800,45.1,1,5,338000,4.4,1352,1333,19,Low
St0037,2021,March,37,12,14,48,5,33263,64.7,0,0,432419,4.3,1073,1039,34,Medium
St0037,2021,April,69,24,16,47,5,67620,57.1,0,0,946680,4.5,1932,1893,39,Low
St0037,2021,May,52,18,16,48,7,44928,55.1,4,8,449280,4.3,1248,1212,36,Low
St0037,2021,June,59,20,19,37,6,54870,75.1,2,10,713310,4.2,1770,1743,27,Medium
St0037,2021,July,37,12,19,33,7,32967,80.3,3,9,329670,4.3,999,990,9,High
St0037,2021,August,43,15,18,34,5,30186,73.2,3,12,271674,3.7,1118,1097,21,Medium
St0037,2021,September,42,14,17,38,7,26208,83.0,2,4,235872,4.1,1092,1061,31,High
St0037,2021,October,51,17,18,32,4,37944,78.8,2,6,569160,4.6,1224,1217,7,Medium
St0037,2021,November,38,13,15,46,6,28272,78.6,1,4,254448,3.8,912,904,8,Medium
St0037,2021,December,62,21,20,49,7,44640,83.9,0,0,401760,4.1,1860,1811,49,High
St0037,2022,January,85,29,14,36,6,89250,68.1,2,6,803250,4.0,2550,2496,54,Medium
St0037,2022,February,61,21,25,30,8,60146,86.9,2,10,902190,4.6,1769,1749,20,High
St0037,2022,March,78,27,18,30,7,67392,60.8,1,2,1010880,4.2,2106,2052,54,Medium
St0037,2022,April,48,16,16,38,5,27648,82.4,1,1,414720,3.8,1152,1131,21,High
St0037,2022,May,41,14,23,46,6,33292,79.2,4,8,366212,3.9,1189,1170,19,Medium
St0037,2022,June,65,22,21,47,6,31590,65.1,0,0,347490,4.2,1755,1709,46,Medium
St0037,2022,July,76,26,15,34,5,77520,48.0,4,16,775200,3.8,2280,2205,75,Low
St0037,2022,August,73,25,21,47,8,71978,82.0,0,0,863736,4.9,2117,2069,48,High
St0037,2022,September,67,23,22,47,7,62176,84.6,0,0,621760,4.1,1943,1881,62,High
St0037,2022,October,47,16,22,31,5,23688,87.8,3,3,379008,3.6,1128,1119,9,High
St0037,2022,November,43,15,18,48,6,21672,81.4,3,12,325080,4.4,1032,996,36,High
St0037,2022,December,78,27,21,35,8,54756,75.3,2,10,821340,4.1,2106,2033,73,Medium
St0037,2023,January,77,26,15,42,5,53900,71.5,1,3,700700,4.7,1925,1851,74,Medium
St0037,2023,February,49,17,17,54,4,28224,84.9,2,6,451584,4.6,1176,1142,34,High
St0037,2023,March,72,25,16,31,6,66816,73.1,2,6,1002240,4.4,2088,2053,35,Medium
St0037,2023,April,68,23,18,50,6,53040,51.0,2,4,795600,4.3,2040,1972,68,Low
St0037,2023,May,89,31,19,52,6,74760,55.2,3,12,1046640,4.6,2670,2649,21,Low
St0037,2023,June,65,22,18,41,4,42250,53.3,4,20,507000,4.3,1625,1614,11,Low
St0037,2023,July,47,16,20,50,8,23218,87.9,2,4,348270,4.0,1222,1205,17,High
St0037,2023,August,98,34,23,54,5,61152,75.3,0,0,856128,4.7,2352,2286,66,Medium
St0037,2023,September,66,23,17,53,7,51480,80.0,1,5,514800,4.0,1716,1661,55,Medium
St0037,2023,October,90,31,22,50,8,81000,77.5,3,6,1134000,3.6,2700,2680,20,Medium
St0037,2023,November,119,41,19,42,6,77350,59.6,3,6,928200,3.9,3094,2974,120,Low
St0037,2023,December,112,39,22,41,8,106624,85.6,1,2,1705984,4.6,3136,3060,76,High
St0037,2024,January,84,29,13,50,4,68544,63.7,3,15,891072,3.8,2016,1971,45,Medium
St0037,2024,February,110,38,25,41,9,86130,88.1,0,0,947430,4.7,2970,2921,49,High
St0037,2024,March,52,18,20,41,5,37440,62.6,0,0,336960,4.3,1560,1514,46,Medium
St0037,2024,April,69,24,19,51,5,44436,66.9,3,3,533232,4.2,1932,1880,52,Medium
St0037,2024,May,100,35,20,51,8,57600,75.4,0,0,748800,4.2,2400,2335,65,Medium
St0037,2024,June,78,27,18,50,5,63180,67.7,3,6,631800,4.1,2340,2291,49,Medium
St0037,2024,July,94,32,17,44,4,63168,63.2,1,1,821184,4.3,2632,2613,19,Medium
St0037,2024,August,116,40,14,33,6,72384,66.8,1,3,723840,4.7,3016,2920,96,Medium
St0037,2024,September,111,38,21,31,7,59940,75.9,1,5,899100,4.2,2997,2886,111,Medium
St0037,2024,October,106,37,18,45,7,63600,82.5,1,2,636000,4.3,2544,2459,85,High
St0037,2024,November,89,31,22,43,6,66750,75.8,2,2,867750,3.8,2225,2140,85,Medium
St0037,2024,December,80,28,15,31,4,42240,65.5,2,10,422400,3.8,1920,1885,35,Medium
St0037,2025,January,134,46,19,35,4,112560,76.6,2,4,1125600,4.1,4020,3876,144,Medium
St0037,2025,February,62,21,24,52,8,37758,84.8,1,5,377580,4.8,1798,1750,48,High
St0037,2025,March,68,23,17,30,4,69020,61.3,2,6,690200,4.4,1972,1944,28,Medium
St0037,2025,April,121,42,21,41,7,63525,85.8,3,3,889350,4.5,3025,2961,64,High
St0037,2025,May,96,33,25,45,6,51072,93.4,3,3,459648,4.1,2688,2586,102,High
St0037,2025,June,86,30,21,52,7,67424,95.0,3,3,1078784,4.1,2408,2319,89,High
St0037,2025,July,64,22,15,42,5,38400,75.8,4,12,499200,4.0,1536,1491,45,Medium
St0037,2025,August,72,25,16,48,5,46656,60.2,4,12,466560,4.0,1944,1883,61,Medium
St0037,2025,September,82,28,17,30,4,39360,63.1,1,5,393600,4.6,1968,1911,57,Medium
St0037,2025,October,120,42,19,40,7,60000,76.1,0,0,780000,4.0,3000,2984,16,Medium
St0037,2025,November,97,33,20,33,6,104760,95.1,2,10,1257120,4.7,2910,2829,81,High
St0037,2025,December,79,27,23,42,7,45504,81.9,2,10,500544,4.7,1896,1864,32,High
St0038,2021,January,148,51,24,41,6,78144,81.8,4,8,703296,4.4,3552,3454,98,High
St0038,2021,February,114,39,20,52,8,94848,80.3,0,0,948480,4.1,2964,2852,112,High
St0038,2021,March,105,36,14,50,5,81900,68.4,3,15,1064700,4.3,3150,3026,124,Medium
St0038,2021,April,116,40,16,34,5,75168,64.6,2,2,826848,4.2,3132,3072,60,Medium
St0038,2021,May,110,38,15,43,4,47520,66.7,0,0,712800,4.8,2640,2600,40,Medium
St0038,2021,June,179,62,22,53,5,161100,73.5,2,8,1449900,4.2,5370,5314,56,Medium
St0038,2021,July,150,52,19,46,4,134400,61.4,3,9,1881600,4.0,4200,4107,93,Medium
St0038,2021,August,201,70,16,39,7,196980,66.9,4,16,2954700,4.1,5628,5453,175,Medium
St0038,2021,September,236,82,15,48,6,175584,79.3,3,15,1755840,4.6,5664,5595,69,Medium
St0038,2021,October,254,88,19,38,4,192024,77.8,1,3,1920240,3.7,7112,6992,120,Medium
St0038,2021,November,268,93,19,37,7,225388,69.4,1,3,2028492,4.2,7772,7675,97,Medium
St0038,2021,December,259,90,18,34,4,132867,59.6,3,6,1727271,4.0,6993,6796,197,Low
St0038,2022,January,168,58,21,40,7,88200,80.6,3,3,1234800,4.2,4200,4147,53,High
St0038,2022,February,280,98,13,54,4,211120,48.9,0,0,2533440,3.9,8120,8015,105,Low
St0038,2022,March,221,77,25,55,8,113373,87.6,2,2,1813968,3.7,5967,5767,200,High
St0038,2022,April,149,52,11,39,5,85675,57.5,2,2,1113775,3.9,3725,3654,71,Low
St0038,2022,May,191,66,19,53,6,95500,87.2,0,0,1241500,4.4,4775,4623,152,High
St0038,2022,June,152,53,14,42,5,150480,60.6,3,15,1504800,3.7,4560,4533,27,Medium
St0038,2022,July,132,46,20,50,8,96096,65.3,3,6,1249248,4.3,3696,3591,105,Medium
St0038,2022,August,184,64,25,55,8,119232,86.6,3,3,1907712,4.6,4416,4317,99,High
St0038,2022,September,189,66,17,53,4,127764,66.9,4,8,1660932,3.7,4914,4725,189,Medium
St0038,2022,October,298,104,18,44,7,225288,81.4,2,10,2928744,4.7,8046,7727,319,High
St0038,2022,November,152,53,24,48,6,123120,83.0,4,16,1108080,4.0,4560,4506,54,High
St0038,2022,December,295,103,15,34,4,254880,67.7,4,8,3058560,4.4,7080,6821,259,Medium
St0038,2023,January,297,103,16,48,5,259875,64.5,0,0,4158000,4.4,7425,7386,39,Medium
St0038,2023,February,228,79,17,51,7,147744,80.5,3,9,1329696,4.0,5472,5364,108,High
St0038,2023,March,220,77,17,50,5,121440,79.8,1,2,1092960,3.7,5280,5152,128,Medium
St0038,2023,April,298,104,12,37,5,233632,59.3,3,6,2569952,4.5,8344,8081,263,Low
St0038,2023,May,335,117,19,36,6,233160,74.2,0,0,3730560,4.2,9715,9559,156,Medium
St0038,2023,June,240,84,20,43,5,215040,81.5,4,16,2150400,3.7,6720,6508,212,High
St0038,2023,July,201,70,14,51,6,163212,55.2,1,1,2121756,4.4,5628,5586,42,Low
St0038,2023,August,308,107,17,48,5,214368,67.5,2,4,3001152,4.7,7392,7145,247,Medium
St0038,2023,September,326,114,13,51,3,296660,61.7,1,2,2669940,4.4,8476,8285,191,Medium
St0038,2023,October,316,110,22,32,6,256592,76.7,2,10,2565920,3.8,9164,9007,157,Medium
St0038,2023,November,389,136,16,55,4,315090,53.8,2,2,4726350,4.7,11670,11603,67,Low
St0038,2023,December,169,59,21,39,8,162240,85.2,1,2,2109120,4.4,5070,4934,136,High
St0038,2024,January,299,104,21,32,7,243984,90.1,2,2,2927808,4.7,7176,7106,70,High
St0038,2024,February,297,103,15,49,5,216216,69.0,2,4,2594592,4.1,7722,7586,136,Medium
St0038,2024,March,384,134,14,35,4,368640,74.2,4,4,5160960,4.5,11520,11462,58,Medium
St0038,2024,April,290,101,24,32,9,281880,87.5,3,15,3100680,3.8,7830,7707,123,High
St0038,2024,May,395,138,21,44,8,366560,65.8,3,3,3665600,4.4,11455,11038,417,Medium
St0038,2024,June,359,125,22,37,7,301919,88.8,4,8,3623028,4.2,10411,10230,181,High
St0038,2024,July,342,119,12,40,5,205200,62.0,4,20,2462400,4.5,10260,9896,364,Medium
St0038,2024,August,195,68,20,33,8,157950,73.8,2,8,2369250,4.4,5265,5193,72,Medium
St0038,2024,September,393,137,18,33,7,398895,83.9,4,4,6382320,4.5,11397,11113,284,High
St0038,2024,October,349,122,20,43,7,272220,61.4,4,4,2722200,3.6,10470,10144,326,Medium
St0038,2024,November,440,154,20,43,7,356400,77.9,0,0,4989600,4.7,11880,11417,463,Medium
St0038,2024,December,396,138,20,38,7,298584,80.8,4,4,2985840,4.1,11484,11154,330,High
St0038,2025,January,352,123,18,53,7,295680,74.5,2,6,3252480,4.7,9856,9584,272,Medium
St0038,2025,February,333,116,14,45,6,259740,57.7,4,12,3636360,4.2,8658,8445,213,Low
St0038,2025,March,438,153,22,36,6,273312,80.4,3,9,2459808,4.2,10512,10407,105,High
St0038,2025,April,402,140,24,48,9,279792,96.9,2,8,2797920,4.4,9648,9267,381,High
St0038,2025,May,430,150,26,30,8,193500,92.0,1,1,1741500,4.5,10750,10546,204,High
St0038,2025,June,450,157,19,32,7,287100,71.8,0,0,4019400,4.5,13050,12725,325,Medium
St0038,2025,July,375,131,16,34,7,351000,78.1,1,4,3510000,4.7,9750,9662,88,Medium
St0038,2025,August,240,84,17,45,4,181440,66.5,4,8,2721600,3.6,6720,6519,201,Medium
St0038,2025,September,262,91,21,40,6,224796,78.8,0,0,2023164,4.6,6812,6595,217,Medium
St0038,2025,October,320,112,17,33,4,296960,67.7,1,2,3860480,4.0,9280,9082,198,Medium
St0038,2025,November,485,169,16,53,7,315250,59.7,2,10,3152500,4.6,12125,11909,216,Low
St0038,2025,December,332,116,19,40,5,276224,81.1,1,1,3590912,3.8,8632,8561,71,High
St0039,2021,January,71,24,11,48,5,31950,58.9,2,2,479250,4.7,1775,1733,42,Low
St0039,2021,February,51,17,12,49,4,28917,63.3,3,9,462672,3.7,1377,1342,35,Medium
St0039,2021,March,46,16,17,41,6,46920,68.1,2,6,563040,3.8,1380,1325,55,Medium
St0039,2021,April,53,18,17,51,5,24168,64.4,0,0,265848,4.5,1272,1227,45,Medium
St0039,2021,May,63,22,24,34,7,34020,82.2,2,8,306180,4.3,1890,1822,68,High
St0039,2021,June,59,20,16,41,7,39353,65.2,4,8,511589,3.5,1711,1681,30,Medium
St0039,2021,July,63,22,18,31,5,51030,66.7,0,0,816480,4.6,1701,1657,44,Medium
St0039,2021,August,57,19,16,49,5,44175,72.7,3,6,441750,3.8,1425,1416,9,Medium
St0039,2021,September,60,21,17,34,4,36000,48.9,4,12,396000,4.4,1800,1768,32,Low
St0039,2021,October,54,18,13,45,6,39150,65.7,4,8,391500,4.4,1350,1313,37,Medium
St0039,2021,November,75,26,15,39,6,65250,58.0,0,0,978750,3.8,2175,2129,46,Low
St0039,2021,December,56,19,19,46,5,55440,57.6,0,0,887040,4.6,1680,1631,49,Low
St0039,2022,January,66,23,25,41,9,51744,87.2,3,15,517440,4.0,1848,1837,11,High
St0039,2022,February,44,15,18,51,5,40392,50.6,2,2,444312,4.5,1188,1164,24,Low
St0039,2022,March,83,29,21,31,7,58266,65.2,2,10,873990,3.9,2241,2184,57,Medium
St0039,2022,April,63,22,25,34,6,38808,86.4,0,0,388080,4.0,1764,1736,28,High
St0039,2022,May,48,16,16,53,4,24960,53.1,4,16,224640,4.4,1248,1206,42,Low
St0039,2022,June,69,24,18,50,6,48438,84.9,2,10,484380,4.6,1863,1801,62,High
St0039,2022,July,72,25,17,37,5,46656,65.6,1,3,746496,4.7,1944,1913,31,Medium
St0039,2022,August,43,15,24,41,7,35991,83.7,3,9,467883,3.8,1161,1132,29,High
St0039,2022,September,69,24,18,52,5,59892,87.6,2,8,898380,4.7,1932,1899,33,High
St0039,2022,October,78,27,18,31,6,61152,54.0,0,0,917280,4.6,2184,2098,86,Low
St0039,2022,November,76,26,14,32,6,79344,52.6,1,1,1190160,4.1,2204,2135,69,Low
St0039,2022,December,61,21,17,39,6,41236,65.8,2,6,618540,4.5,1586,1546,40,Medium
St0039,2023,January,70,24,18,51,7,56840,54.3,0,0,795760,3.8,1960,1909,51,Low
St0039,2023,February,90,31,23,32,8,78300,86.7,4,20,1096200,3.8,2700,2601,99,High
St0039,2023,March,82,28,20,31,8,35424,69.7,0,0,566784,3.8,1968,1907,61,Medium
St0039,2023,April,70,24,24,33,8,41160,84.7,4,16,452760,4.6,1960,1920,40,High
St0039,2023,May,102,35,11,40,4,79968,55.5,1,1,1039584,4.6,2856,2746,110,Low
St0039,2023,June,81,28,17,36,6,42120,61.7,3,9,505440,4.4,2106,2055,51,Medium
St0039,2023,July,91,31,13,53,3,58604,52.0,1,5,527436,4.2,2548,2521,27,Low
St0039,2023,August,69,24,19,48,5,52164,77.4,1,3,573804,3.7,1863,1851,12,Medium
St0039,2023,September,101,35,16,39,5,63024,62.8,2,8,630240,4.6,2626,2577,49,Medium
St0039,2023,October,58,20,16,51,5,31958,75.0,4,16,383496,3.5,1682,1656,26,Medium
St0039,2023,November,115,40,19,51,6,51750,84.3,2,8,569250,4.5,2875,2813,62,High
St0039,2023,December,73,25,24,50,8,39420,81.6,2,8,473040,4.5,2190,2105,85,High
St0039,2024,January,77,26,18,51,6,55440,85.1,3,6,554400,4.5,2310,2223,87,High
St0039,2024,February,89,31,22,47,6,74760,80.9,2,6,1196160,3.7,2670,2629,41,High
St0039,2024,March,51,17,18,31,5,35496,91.0,4,16,425952,4.3,1224,1175,49,High
St0039,2024,April,61,21,18,50,5,51240,64.0,3,15,461160,4.4,1464,1434,30,Medium
St0039,2024,May,72,25,17,31,4,56160,73.8,1,4,505440,4.1,1872,1833,39,Medium
St0039,2024,June,117,40,19,53,4,70200,78.3,4,16,842400,4.5,3510,3378,132,Medium
St0039,2024,July,72,25,17,34,5,59400,86.4,4,4,772200,3.8,1800,1755,45,High
St0039,2024,August,112,39,18,43,6,100688,85.3,3,6,1107568,3.8,3248,3125,123,High
St0039,2024,September,109,38,25,39,7,76518,86.2,2,8,841698,4.3,2834,2769,65,High
St0039,2024,October,125,43,19,31,7,101500,66.2,2,6,1218000,4.3,3500,3365,135,Medium
St0039,2024,November,87,30,18,52,4,61074,90.0,3,6,855036,4.5,2262,2177,85,High
St0039,2024,December,84,29,14,36,4,46200,71.5,1,2,646800,4.1,2100,2082,18,Medium
St0039,2025,January,102,35,18,34,6,68034,91.9,1,5,816408,3.8,2958,2926,32,High
St0039,2025,February,103,36,19,52,4,51500,96.3,1,5,669500,4.2,2575,2524,51,High
St0039,2025,March,58,20,26,54,6,53940,95.1,1,4,485460,4.8,1740,1713,27,High
St0039,2025,April,78,27,18,33,6,46800,66.8,2,2,468000,3.9,1872,1862,10,Medium
St0039,2025,May,104,36,14,55,4,84240,62.6,0,0,1095120,3.9,3120,3014,106,Medium
St0039,2025,June,109,38,19,52,6,91560,94.0,3,3,915600,4.3,3052,3003,49,High
St0039,2025,July,124,43,16,43,6,61256,57.5,4,16,612560,4.0,3224,3114,110,Low
St0039,2025,August,87,30,17,50,7,60030,61.1,4,20,900450,3.8,2610,2590,20,Medium
St0039,2025,September,66,23,11,53,3,57420,58.7,1,3,516780,4.3,1914,1876,38,Low
St0039,2025,October,141,49,21,49,6,126900,80.7,4,12,1649700,3.8,3525,3457,68,High
St0039,2025,November,128,44,19,36,4,64512,91.4,0,0,903168,4.4,3072,2976,96,High
St0039,2025,December,83,29,14,39,4,54780,59.7,1,4,547800,4.6,2490,2452,38,Low
St0040,2021,January,70,24,14,44,6,46690,58.3,0,0,420210,4.4,2030,1987,43,Low
St0040,2021,February,135,47,14,34,4,91260,62.5,3,9,821340,3.9,3510,3468,42,Medium
St0040,2021,March,151,52,16,54,5,124575,45.0,0,0,1245750,4.9,3775,3684,91,Low
St0040,2021,April,115,40,19,42,5,110400,80.2,0,0,1656000,4.2,3450,3422,28,High
St0040,2021,May,139,48,13,38,3,93964,64.0,1,5,1503424,4.5,3614,3481,133,Medium
St0040,2021,June,95,33,22,34,5,49590,72.5,0,0,694260,4.7,2755,2724,31,Medium
St0040,2021,July,148,51,13,48,4,133200,54.9,1,1,1332000,4.2,4440,4366,74,Low
St0040,2021,August,86,30,20,55,8,41796,64.5,0,0,417960,3.9,2322,2253,69,Medium
St0040,2021,September,94,32,22,40,5,78208,78.1,2,8,703872,3.8,2444,2385,59,Medium
St0040,2021,October,151,52,10,44,5,83352,47.9,2,6,1333632,4.6,3624,3510,114,Low
St0040,2021,November,130,45,21,36,5,101920,68.0,3,6,1019200,3.7,3640,3607,33,Medium
St0040,2021,December,109,38,9,30,4,70632,49.4,4,12,1059480,4.6,2943,2898,45,Low
St0040,2022,January,94,32,20,34,8,84600,78.1,4,16,1353600,4.5,2350,2268,82,Medium
St0040,2022,February,111,38,18,47,6,87024,81.0,1,5,870240,4.1,3108,2989,119,High
St0040,2022,March,86,30,15,31,5,44720,77.8,0,0,715520,3.9,2236,2158,78,Medium
St0040,2022,April,182,63,18,55,4,117936,77.7,2,2,1769040,4.4,4368,4195,173,Medium
St0040,2022,May,145,50,20,54,8,142100,83.9,3,6,1989400,4.0,4060,3984,76,High
St0040,2022,June,150,52,15,53,6,108750,53.8,3,6,1522500,4.2,3750,3661,89,Low
St0040,2022,July,192,67,16,53,7,184320,59.3,3,12,2211840,3.6,5760,5613,147,Low
St0040,2022,August,203,71,20,41,7,146160,78.3,2,8,2046240,3.7,6090,6036,54,Medium
St0040,2022,September,119,41,15,46,4,103530,51.1,2,4,1035300,3.8,3570,3512,58,Low
St0040,2022,October,108,37,16,45,7,56160,59.1,4,16,617760,4.6,2808,2768,40,Low
St0040,2022,November,114,39,10,51,3,59280,54.8,1,4,533520,4.0,2964,2942,22,Low
St0040,2022,December,231,80,12,46,5,148764,62.0,0,0,1785168,4.6,6468,6210,258,Medium
St0040,2023,January,228,79,14,30,4,130416,70.5,4,16,2086656,3.7,5928,5756,172,Medium
St0040,2023,February,107,37,10,38,4,60990,51.5,3,6,975840,4.0,3210,3130,80,Low
St0040,2023,March,211,73,24,37,8,116050,86.4,1,4,1276550,4.7,5275,5213,62,High
St0040,2023,April,186,65,20,49,7,151032,63.1,4,16,1359288,4.5,5208,5047,161,Medium
St0040,2023,May,148,51,12,53,4,135864,55.6,0,0,1222776,4.7,3996,3888,108,Low
St0040,2023,June,101,35,25,54,9,81406,85.3,3,12,1139684,4.4,2626,2563,63,High
St0040,2023,July,187,65,18,47,4,87516,87.2,4,4,962676,3.7,4862,4748,114,High
St0040,2023,August,202,70,21,36,5,103626,72.5,3,15,1658016,4.0,5454,5289,165,Medium
St0040,2023,September,196,68,17,44,7,123480,78.9,2,6,1852200,4.7,5880,5652,228,Medium
St0040,2023,October,179,62,20,42,8,186876,63.7,0,0,2803140,4.8,5191,5084,107,Medium
St0040,2023,November,143,50,22,43,7,109824,85.4,0,0,1208064,4.3,3432,3364,68,High
St0040,2023,December,215,75,19,46,4,123625,64.8,4,12,1854375,3.8,5375,5179,196,Medium
St0040,2024,January,198,69,13,44,6,108900,62.8,1,3,1197900,4.5,4950,4893,57,Medium
St0040,2024,February,276,96,19,47,5,241500,86.3,3,3,3864000,4.2,6900,6787,113,High
St0040,2024,March,193,67,18,53,7,182385,68.7,3,12,2006235,4.6,5211,5171,40,Medium
St0040,2024,April,186,65,15,52,6,130200,65.7,3,6,1302000,4.5,5208,5063,145,Medium
St0040,2024,May,131,45,21,45,6,81875,85.5,1,2,1146250,3.9,3275,3238,37,High
St0040,2024,June,147,51,23,38,5,91728,77.1,2,6,1100736,4.1,3528,3423,105,Medium
St0040,2024,July,208,72,20,52,5,145600,87.2,0,0,1456000,4.7,5824,5609,215,High
St0040,2024,August,207,72,19,33,5,98325,57.8,2,4,983250,4.3,5175,5101,74,Low
St0040,2024,September,150,52,17,53,4,90000,72.9,3,15,810000,4.2,3600,3480,120,Medium
St0040,2024,October,140,49,14,35,4,79380,60.1,4,4,714420,4.3,3780,3710,70,Medium
St0040,2024,November,298,104,14,31,3,152874,63.9,0,0,1375866,4.5,8046,7961,85,Medium
St0040,2024,December,142,49,16,45,6,63900,63.2,2,2,702900,4.2,3550,3496,54,Medium
St0040,2025,January,150,52,24,33,7,136500,88.2,3,3,1638000,4.4,3900,3789,111,High
St0040,2025,February,308,107,21,52,6,191268,88.0,0,0,2677752,4.6,8316,8240,76,High
St0040,2025,March,172,60,18,48,7,179568,69.9,3,6,1975248,4.0,4988,4790,198,Medium
St0040,2025,April,181,63,15,44,3,122356,78.0,4,12,1957696,4.2,4706,4582,124,Medium
St0040,2025,May,185,64,21,49,7,127650,79.9,3,15,1914750,4.0,5550,5453,97,Medium
St0040,2025,June,189,66,14,40,3,147987,61.8,3,9,1923831,4.6,5103,5046,57,Medium
St0040,2025,July,172,60,23,42,8,173376,85.7,3,3,1560384,4.5,4816,4680,136,High
St0040,2025,August,309,108,14,35,5,294168,59.6,4,12,3824184,3.9,8652,8598,54,Low
St0040,2025,September,297,103,23,54,6,220968,88.4,2,10,2430648,4.1,7128,6932,196,High
St0040,2025,October,164,57,21,38,5,119392,70.3,1,1,1432704,3.8,4264,4237,27,Medium
St0040,2025,November,274,95,20,52,5,137000,74.2,0,0,1644000,4.0,6850,6693,157,Medium
St0040,2025,December,358,125,21,52,8,363370,93.9,0,0,4360440,4.4,10382,10090,292,High
St0041,2021,January,206,72,9,52,2,163152,46.0,0,0,1468368,4.2,4944,4796,148,Low
St0041,2021,February,154,53,14,36,6,99176,45.5,4,16,1487640,4.6,4312,4252,60,Low
St0041,2021,March,128,44,16,33,4,73216,70.8,2,4,805376,4.4,3328,3285,43,Medium
St0041,2021,April,106,37,23,45,7,53424,78.6,4,12,747936,3.5,2544,2464,80,Medium
St0041,2021,May,125,43,20,47,6,112500,79.2,0,0,1350000,3.8,3750,3658,92,Medium
St0041,2021,June,107,37,12,41,4,74900,45.8,0,0,898800,4.1,2996,2922,74,Low
St0041,2021,July,101,35,14,44,6,109080,63.5,0,0,1308960,4.8,3030,2921,109,Medium
St0041,2021,August,162,56,20,38,5,133650,82.0,1,4,1336500,3.8,4050,3913,137,High
St0041,2021,September,119,41,19,36,4,119952,72.3,4,20,1679328,3.8,3332,3314,18,Medium
St0041,2021,October,230,80,24,40,8,138000,82.0,4,16,1242000,3.5,5520,5314,206,High
St0041,2021,November,129,45,18,48,6,63726,66.6,4,8,764712,3.9,3354,3306,48,Medium
St0041,2021,December,139,48,20,33,6,104250,81.0,4,8,1042500,3.9,3475,3431,44,High
St0041,2022,January,143,50,15,31,6,80080,74.9,2,10,720720,4.5,4004,3863,141,Medium
St0041,2022,February,246,86,17,38,4,191880,87.6,4,8,2110680,4.1,6396,6205,191,High
St0041,2022,March,161,56,15,47,4,120750,56.5,3,12,1569750,4.3,4830,4801,29,Low
St0041,2022,April,110,38,14,34,5,68750,55.9,1,2,756250,4.6,2750,2651,99,Low
St0041,2022,May,129,45,14,37,5,107328,48.2,2,2,965952,4.4,3354,3246,108,Low
St0041,2022,June,168,58,14,54,3,104328,63.5,2,6,938952,4.7,4536,4488,48,Medium
St0041,2022,July,228,79,15,45,3,132240,74.8,1,1,1983600,3.7,6612,6450,162,Medium
St0041,2022,August,116,40,23,35,8,101500,78.6,3,9,1116500,3.9,2900,2803,97,Medium
St0041,2022,September,256,89,15,45,6,159744,49.8,4,8,2076672,4.6,6144,6074,70,Low
St0041,2022,October,228,79,18,33,4,120384,63.1,0,0,1685376,4.0,5472,5346,126,Medium
St0041,2022,November,296,103,24,31,8,206016,80.2,1,4,2884224,4.0,8584,8535,49,High
St0041,2022,December,174,60,19,39,4,121104,86.1,1,5,1453248,4.6,4176,4053,123,High
St0041,2023,January,280,98,17,51,7,189000,78.4,2,6,2457000,4.3,7560,7452,108,Medium
St0041,2023,February,229,80,22,31,6,172666,80.6,3,15,1899326,4.4,6641,6470,171,High
St0041,2023,March,158,55,17,38,4,161160,63.5,1,1,1933920,4.8,4740,4583,157,Medium
St0041,2023,April,144,50,22,50,7,67392,80.4,3,9,741312,3.9,3744,3609,135,High
St0041,2023,May,256,89,11,36,3,228096,51.1,3,12,3193344,4.4,6912,6636,276,Low
St0041,2023,June,248,86,23,47,8,215760,86.2,0,0,2157600,4.7,7440,7197,243,High
St0041,2023,July,237,82,20,42,5,179172,89.0,3,6,2508408,4.2,6636,6551,85,High
St0041,2023,August,186,65,17,51,5,87048,56.5,1,5,1131624,4.0,4836,4808,28,Low
St0041,2023,September,266,93,14,51,3,138852,61.0,0,0,1943928,4.3,7714,7586,128,Medium
St0041,2023,October,182,63,19,53,6,127764,63.0,0,0,1916460,4.3,4732,4696,36,Medium
St0041,2023,November,297,103,24,49,8,200475,87.3,3,6,2405700,3.7,8019,7806,213,High
St0041,2023,December,165,57,17,39,5,167475,64.9,2,6,1842225,4.2,4785,4621,164,Medium
St0041,2024,January,188,65,23,48,8,112800,92.4,1,1,1128000,4.7,5640,5424,216,High
St0041,2024,February,175,61,23,46,6,131950,89.8,4,4,1979250,3.9,5075,4946,129,High
St0041,2024,March,337,117,12,41,6,311388,59.9,1,1,4982208,4.5,9436,9371,65,Low
St0041,2024,April,310,108,20,44,5,159030,80.3,1,4,2067390,4.3,8370,8313,57,High
St0041,2024,May,337,117,14,54,5,283417,64.1,1,4,2834170,4.3,9773,9485,288,Medium
St0041,2024,June,296,103,19,46,6,298368,87.7,1,5,3878784,4.5,8288,8036,252,High
St0041,2024,July,247,86,19,34,6,170430,90.1,3,9,2726880,4.4,7410,7301,109,High
St0041,2024,August,349,122,23,47,5,169614,92.3,1,4,2544210,4.2,9423,9247,176,High
St0041,2024,September,312,109,26,44,9,316680,92.4,3,12,4433520,4.5,9048,8717,331,High
St0041,2024,October,322,112,16,46,7,233450,67.2,4,20,2567950,3.6,9338,9258,80,Medium
St0041,2024,November,255,89,18,32,4,249900,70.7,1,1,2249100,3.8,7140,6905,235,Medium
St0041,2024,December,346,121,17,42,5,265728,76.1,1,4,4251648,4.5,8304,8061,243,Medium
St0041,2025,January,385,134,23,36,5,175560,88.3,3,15,1931160,3.9,9240,8999,241,High
St0041,2025,February,186,65,14,33,3,107880,72.5,2,6,1726080,4.6,5394,5242,152,Medium
St0041,2025,March,203,71,21,49,6,206045,81.5,2,8,1854405,4.6,5887,5736,151,High
St0041,2025,April,353,123,13,39,5,285930,62.5,4,4,2859300,4.2,9531,9290,241,Medium
St0041,2025,May,290,101,11,50,4,170520,57.1,4,4,1705200,3.7,8120,7933,187,Low
St0041,2025,June,273,95,12,43,4,145236,64.1,4,16,1597596,4.1,7644,7466,178,Medium
St0041,2025,July,314,109,17,36,5,184632,73.9,1,3,2030952,4.5,8792,8638,154,Medium
St0041,2025,August,380,133,21,44,8,218880,85.6,2,8,2188800,4.7,9120,8815,305,High
St0041,2025,September,352,123,15,43,6,219648,78.8,3,12,2855424,4.4,9152,9049,103,Medium
St0041,2025,October,215,75,19,54,7,110295,91.0,2,8,1433835,4.6,5805,5717,88,High
St0041,2025,November,256,89,16,51,4,221184,58.9,3,6,2211840,3.7,6912,6800,112,Low
St0041,2025,December,370,129,21,40,7,372960,78.5,1,4,5221440,4.2,10360,10153,207,Medium
St0042,2021,January,110,38,12,33,3,105270,58.1,4,12,1684320,4.0,3190,3163,27,Low
St0042,2021,February,221,77,17,37,4,127075,70.2,1,2,1270750,4.3,5525,5405,120,Medium
St0042,2021,March,207,72,20,39,5,155250,79.8,1,2,1397250,4.2,6210,6041,169,Medium
St0042,2021,April,166,58,14,54,6,79680,49.7,0,0,1274880,4.4,3984,3900,84,Low
St0042,2021,May,222,77,22,51,6,132756,76.1,2,6,2124096,4.7,5772,5548,224,Medium
St0042,2021,June,217,75,21,52,7,93744,82.3,0,0,1499904,4.9,5208,5056,152,High
St0042,2021,July,175,61,18,51,4,107800,80.8,0,0,1078000,4.2,4900,4757,143,High
St0042,2021,August,119,41,21,47,5,95914,70.7,4,8,863226,4.5,3094,3056,38,Medium
St0042,2021,September,173,60,18,38,5,110374,60.0,2,4,1214114,3.7,5017,4956,61,Low
St0042,2021,October,253,88,11,36,2,194304,48.0,3,9,2331648,4.4,6072,6023,49,Low
St0042,2021,November,256,89,14,37,3,172800,62.4,2,10,1555200,4.2,6400,6216,184,Medium
St0042,2021,December,229,80,20,47,5,219153,69.7,0,0,2191530,4.7,6641,6578,63,Medium
St0042,2022,January,202,70,24,36,9,120796,84.0,3,3,1932736,3.7,5252,5084,168,High
St0042,2022,February,159,55,19,52,4,122112,87.0,0,0,1099008,4.0,3816,3784,32,High
St0042,2022,March,146,51,23,45,6,129064,75.4,4,8,1419704,4.1,3796,3685,111,Medium
St0042,2022,April,263,92,22,49,5,195672,75.6,1,4,1956720,3.8,6312,6176,136,Medium
St0042,2022,May,271,94,21,54,5,186990,75.8,2,6,2804850,4.6,8130,7999,131,Medium
St0042,2022,June,127,44,13,33,3,132588,66.8,4,8,1856232,4.3,3683,3618,65,Medium
St0042,2022,July,152,53,22,39,7,110656,70.6,1,3,1106560,4.6,4256,4159,97,Medium
St0042,2022,August,245,85,22,41,5,248675,86.1,1,3,2238075,4.7,7105,7037,68,High
St0042,2022,September,218,76,24,51,7,152600,83.9,2,4,1831200,4.2,6104,6018,86,High
St0042,2022,October,249,87,11,30,4,235305,48.3,1,4,3764880,4.6,6723,6683,40,Low
St0042,2022,November,182,63,12,50,4,104104,51.5,2,8,1041040,4.3,4732,4677,55,Low
St0042,2022,December,199,69,18,45,7,139698,51.0,1,2,2095470,3.9,5373,5231,142,Low
St0042,2023,January,153,53,22,38,6,88128,76.6,2,8,1321920,4.1,3672,3534,138,Medium
St0042,2023,February,240,84,15,32,6,252000,61.7,2,10,3024000,4.2,7200,7101,99,Medium
St0042,2023,March,296,103,18,33,6,143856,87.0,4,20,2301696,4.4,7992,7775,217,High
St0042,2023,April,261,91,21,35,8,197316,89.9,4,4,3157056,4.2,7047,6850,197,High
St0042,2023,May,178,62,15,46,6,117480,59.8,3,3,1174800,4.2,5340,5180,160,Low
St0042,2023,June,226,79,22,51,5,178992,88.8,1,3,2326896,3.8,5424,5317,107,High
St0042,2023,July,149,52,19,35,7,104598,65.7,0,0,1150578,4.5,3874,3801,73,Medium
St0042,2023,August,153,53,15,55,3,88740,70.7,0,0,798660,4.4,4437,4394,43,Medium
St0042,2023,September,185,64,22,38,8,149110,73.9,3,12,1491100,4.4,4810,4721,89,Medium
St0042,2023,October,302,105,19,52,5,252774,76.7,3,15,3286062,4.5,8154,7883,271,Medium
St0042,2023,November,241,84,19,35,4,169182,83.6,4,4,2537730,4.6,6507,6383,124,High
St0042,2023,December,297,103,16,33,5,152361,65.7,4,20,1371249,3.6,8019,7760,259,Medium
St0042,2024,January,252,88,22,45,8,132300,72.2,1,1,1852200,4.3,6300,6151,149,Medium
St0042,2024,February,240,84,16,38,4,237600,62.1,0,0,2138400,4.9,7200,7055,145,Medium
St0042,2024,March,258,90,18,44,4,201240,55.5,2,10,2817360,4.5,6708,6533,175,Low
St0042,2024,April,315,110,16,36,6,311850,63.9,1,4,2806650,4.6,9450,9080,370,Medium
St0042,2024,May,284,99,16,37,5,134900,61.5,0,0,1618800,4.8,7100,7038,62,Medium
St0042,2024,June,348,121,16,30,4,208104,72.0,0,0,3121560,4.8,9048,8878,170,Medium
St0042,2024,July,347,121,21,43,7,349776,73.0,1,4,5596416,4.6,9716,9471,245,Medium
St0042,2024,August,259,90,19,52,4,136752,86.5,4,12,1504272,4.5,6216,6119,97,High
St0042,2024,September,210,73,21,55,6,153090,88.6,2,8,1377810,3.7,5670,5606,64,High
St0042,2024,October,182,63,21,43,5,150150,67.4,1,3,1651650,4.2,4550,4385,165,Medium
St0042,2024,November,321,112,18,50,7,167562,72.1,3,12,2010744,4.2,9309,9187,122,Medium
St0042,2024,December,295,103,18,51,4,199125,59.8,3,6,2190375,4.3,7375,7214,161,Low
St0042,2025,January,370,129,20,47,7,182780,78.2,3,15,1827800,3.9,9620,9255,365,Medium
St0042,2025,February,226,79,19,44,4,152550,87.6,4,16,2440800,4.1,5650,5613,37,High
St0042,2025,March,252,88,21,50,7,248472,81.9,4,8,3478608,4.3,7308,7219,89,High
St0042,2025,April,298,104,13,42,6,162708,61.8,4,8,1952496,4.1,7748,7655,93,Medium
St0042,2025,May,420,147,27,50,6,294000,96.0,0,0,4410000,4.5,11760,11396,364,High
St0042,2025,June,351,122,13,32,6,184275,67.8,2,10,1842750,3.7,8775,8504,271,Medium
St0042,2025,July,362,126,24,53,8,304442,94.3,2,6,3653304,4.3,10498,10152,346,High
St0042,2025,August,302,105,21,33,7,204152,72.3,1,5,1837368,3.7,7852,7582,270,Medium
St0042,2025,September,237,82,19,48,5,171825,72.1,3,6,1546425,4.1,5925,5721,204,Medium
St0042,2025,October,426,149,18,39,4,387660,70.7,3,9,3488940,4.2,11076,11003,73,Medium
St0042,2025,November,244,85,19,55,6,234240,76.6,2,10,3045120,4.1,7320,7054,266,Medium
St0042,2025,December,484,169,16,40,7,350900,59.8,0,0,5263500,4.7,14036,13543,493,Low
St0043,2021,January,129,45,16,30,5,68112,63.4,2,2,613008,4.6,3096,2981,115,Medium
St0043,2021,February,140,49,16,39,6,77280,49.1,0,0,1236480,4.1,3360,3276,84,Low
St0043,2021,March,164,57,11,32,3,110700,48.4,4,8,1217700,3.6,4100,3987,113,Low
St0043,2021,April,112,39,23,51,8,58240,79.2,0,0,524160,3.9,2912,2809,103,Medium
St0043,2021,May,152,53,14,54,6,86640,72.4,0,0,1039680,3.9,4560,4494,66,Medium
St0043,2021,June,150,52,22,39,7,82650,80.5,0,0,1157100,4.4,4350,4289,61,High
St0043,2021,July,200,70,12,38,5,108000,49.3,4,16,1728000,4.0,5400,5335,65,Low
St0043,2021,August,103,36,13,41,3,89610,49.2,2,6,1254540,4.7,3090,2980,110,Low
St0043,2021,September,107,37,20,53,8,89559,78.0,3,6,985149,4.5,2889,2792,97,Medium
St0043,2021,October,219,76,20,37,7,128772,64.9,0,0,1416492,4.8,6132,6053,79,Medium
St0043,2021,November,124,43,16,43,5,77004,74.1,0,0,1155060,4.2,3348,3289,59,Medium
St0043,2021,December,125,43,16,39,6,57000,69.9,2,6,570000,4.4,3000,2884,116,Medium
St0043,2022,January,233,81,18,44,5,209700,80.9,2,10,3355200,4.1,6990,6820,170,High
St0043,2022,February,182,63,19,54,6,157248,65.3,1,4,1415232,4.4,4368,4200,168,Medium
St0043,2022,March,117,40,13,42,5,98280,54.3,1,4,1474200,4.5,3276,3259,17,Low
St0043,2022,April,166,58,12,48,5,82004,59.7,4,12,1148056,3.6,4316,4207,109,Low
St0043,2022,May,211,73,14,40,5,200872,53.4,4,12,2008720,4.2,5908,5757,151,Low
St0043,2022,June,169,59,15,53,6,159705,72.1,0,0,2235870,4.1,4563,4414,149,Medium
St0043,2022,July,213,74,22,42,5,214704,73.6,3,3,3435264,3.9,5964,5819,145,Medium
St0043,2022,August,240,84,24,49,9,125280,81.4,1,2,2004480,3.9,6960,6762,198,High
St0043,2022,September,107,37,21,39,7,92448,75.8,0,0,1479168,4.6,2889,2851,38,Medium
St0043,2022,October,280,98,19,41,7,147000,79.4,0,0,2352000,4.3,7000,6946,54,Medium
St0043,2022,November,169,59,16,54,5,109850,77.6,1,4,988650,4.6,4394,4344,50,Medium
St0043,2022,December,260,91,19,49,6,130000,58.1,2,6,1430000,4.1,6500,6400,100,Low
St0043,2023,January,156,54,15,37,4,80028,77.8,3,6,1040364,3.9,4212,4065,147,Medium
St0043,2023,February,231,80,23,39,7,180873,89.1,4,8,1808730,3.5,6237,6184,53,High
St0043,2023,March,195,68,19,31,4,169650,68.1,1,4,2035800,3.8,5655,5531,124,Medium
St0043,2023,April,287,100,23,53,8,189420,78.8,2,4,2651880,4.0,8610,8410,200,Medium
St0043,2023,May,269,94,16,44,6,185610,75.9,3,15,2227320,4.5,8070,7771,299,Medium
St0043,2023,June,265,92,14,47,6,139125,61.4,0,0,1808625,4.2,6625,6515,110,Medium
St0043,2023,July,253,88,18,55,5,163944,87.0,2,2,1639440,4.0,6072,5985,87,High
St0043,2023,August,174,60,15,37,6,95700,59.0,1,2,1148400,4.7,4350,4198,152,Low
St0043,2023,September,189,66,13,40,4,117369,52.3,2,4,1291059,4.0,5103,5033,70,Low
St0043,2023,October,291,101,20,45,8,204282,88.5,3,12,1838538,4.5,7857,7576,281,High
St0043,2023,November,265,92,19,46,5,241150,63.9,2,8,2411500,4.1,6890,6626,264,Medium
St0043,2023,December,246,86,13,39,4,159900,58.5,4,4,1918800,3.8,6396,6206,190,Low
St0043,2024,January,265,92,23,48,5,278250,87.0,1,4,4173750,4.6,7950,7691,259,High
St0043,2024,February,338,118,22,47,6,333268,84.3,1,3,4665752,4.4,9802,9511,291,High
St0043,2024,March,276,96,19,46,4,190440,88.4,0,0,3047040,3.9,8280,8032,248,High
St0043,2024,April,145,50,23,30,5,76560,88.2,1,4,689040,4.0,3480,3385,95,High
St0043,2024,May,141,49,15,39,3,94752,64.1,2,10,1326528,4.4,3384,3279,105,Medium
St0043,2024,June,237,82,13,44,6,130587,66.9,1,2,1305870,3.8,6873,6782,91,Medium
St0043,2024,July,304,106,15,32,6,262656,54.9,3,3,3677184,4.5,8208,8145,63,Low
St0043,2024,August,303,106,19,46,4,234825,76.3,1,5,3757200,3.7,7575,7487,88,Medium
St0043,2024,September,206,72,22,42,6,197760,82.2,2,4,1779840,4.5,6180,6002,178,High
St0043,2024,October,305,106,18,39,6,219600,55.9,2,4,3074400,4.7,9150,9036,114,Low
St0043,2024,November,212,74,15,54,6,189952,63.4,2,8,2089472,4.1,5936,5900,36,Medium
St0043,2024,December,271,94,18,48,5,235770,61.0,4,20,2121930,3.8,7859,7583,276,Medium
St0043,2025,January,314,109,17,40,4,150720,76.7,3,9,2260800,3.6,7536,7332,204,Medium
St0043,2025,February,226,79,19,48,6,196620,87.8,4,4,2162820,4.5,6780,6734,46,High
St0043,2025,March,321,112,15,44,4,325815,73.2,4,4,3909780,4.5,9309,9261,48,Medium
St0043,2025,April,312,109,20,50,5,269568,60.8,4,8,4313088,4.1,7488,7334,154,Medium
St0043,2025,May,323,113,19,51,5,165699,64.5,3,15,2319786,3.6,8721,8550,171,Medium
St0043,2025,June,301,105,18,43,6,200767,89.1,0,0,3212272,4.4,8729,8598,131,High
St0043,2025,July,323,113,19,31,4,224808,59.2,0,0,2697696,4.8,7752,7557,195,Low
St0043,2025,August,302,105,23,35,7,188448,86.1,1,1,1696032,4.3,7248,7039,209,High
St0043,2025,September,340,118,20,33,6,153000,78.3,0,0,1989000,4.8,8500,8374,126,Medium
St0043,2025,October,415,145,24,40,8,264770,81.3,2,4,2382930,4.5,12035,11802,233,High
St0043,2025,November,214,74,13,49,6,101650,67.8,3,15,1016500,3.8,5350,5275,75,Medium
St0043,2025,December,432,151,12,55,5,314496,60.2,2,4,3144960,3.9,12096,11808,288,Medium
St0044,2021,January,47,16,17,37,6,35532,63.8,1,2,319788,4.0,1269,1249,20,Medium
St0044,2021,February,76,26,13,38,4,68324,60.5,3,9,1093184,4.1,2204,2139,65,Medium
St0044,2021,March,66,23,21,45,8,45936,83.2,0,0,734976,4.5,1914,1838,76,High
St0044,2021,April,72,25,17,49,5,58464,61.4,2,2,526176,3.7,2088,2070,18,Medium
St0044,2021,May,59,20,18,50,5,46197,82.0,1,2,739152,4.3,1711,1653,58,High
St0044,2021,June,51,17,18,35,7,38556,72.6,1,4,347004,4.3,1428,1416,12,Medium
St0044,2021,July,40,14,15,48,4,24000,56.5,1,4,312000,4.6,1200,1177,23,Low
St0044,2021,August,66,23,14,41,3,28512,73.0,3,6,256608,3.7,1584,1536,48,Medium
St0044,2021,September,51,17,15,42,4,29325,68.9,2,2,322575,4.6,1275,1244,31,Medium
St0044,2021,October,60,21,22,39,5,35280,80.4,0,0,317520,4.2,1680,1663,17,High
St0044,2021,November,84,29,11,55,4,58968,58.6,2,4,589680,4.5,2184,2118,66,Low
St0044,2021,December,56,19,15,34,4,28728,53.9,1,2,258552,4.7,1512,1470,42,Low
St0044,2022,January,55,19,16,30,5,50490,71.0,1,2,807840,3.9,1485,1475,10,Medium
St0044,2022,February,98,34,13,42,5,84672,56.8,2,6,931392,4.0,2646,2558,88,Low
St0044,2022,March,100,35,13,42,6,70000,49.6,1,5,840000,4.5,2800,2709,91,Low
St0044,2022,April,56,19,11,53,2,53760,52.5,2,8,752640,4.7,1680,1657,23,Low
St0044,2022,May,57,19,18,39,7,41496,64.8,1,5,622440,4.5,1482,1444,38,Medium
St0044,2022,June,60,21,15,41,4,51480,48.3,4,16,566280,3.8,1560,1536,24,Low
St0044,2022,July,53,18,17,41,6,26182,66.2,2,4,261820,3.9,1378,1338,40,Medium
St0044,2022,August,50,17,15,44,3,33800,76.6,4,8,405600,4.1,1300,1262,38,Medium
St0044,2022,September,43,15,20,35,6,23736,78.2,1,5,308568,4.8,1032,1014,18,Medium
St0044,2022,October,93,32,15,51,4,50220,56.6,2,4,502200,4.4,2790,2704,86,Low
St0044,2022,November,56,19,20,34,5,42000,62.6,0,0,504000,4.3,1680,1631,49,Medium
St0044,2022,December,96,33,13,54,4,67200,50.6,2,2,873600,4.5,2400,2310,90,Low
St0044,2023,January,86,30,19,33,5,90300,82.4,1,2,1444800,4.0,2580,2493,87,High
St0044,2023,February,112,39,12,31,6,75264,55.0,3,15,903168,3.9,2688,2596,92,Low
St0044,2023,March,120,42,20,37,8,87360,87.2,0,0,1397760,4.0,3360,3320,40,High
St0044,2023,April,94,32,17,34,5,72850,65.3,2,10,655650,4.1,2350,2309,41,Medium
St0044,2023,May,100,35,18,50,5,92400,60.0,3,6,1293600,3.8,2800,2741,59,Low
St0044,2023,June,92,32,15,49,4,44712,52.3,1,3,715392,3.9,2484,2459,25,Low
St0044,2023,July,75,26,19,36,4,69750,75.2,1,3,837000,4.7,2250,2177,73,Medium
St0044,2023,August,87,30,20,47,7,83520,89.2,2,4,1252800,4.3,2610,2533,77,High
St0044,2023,September,74,25,23,45,7,43956,89.2,3,6,615384,3.6,1998,1982,16,High
St0044,2023,October,88,30,13,41,6,52272,68.4,0,0,627264,4.7,2376,2300,76,Medium
St0044,2023,November,126,44,20,35,6,124740,90.8,0,0,1746360,4.0,3780,3746,34,High
St0044,2023,December,105,36,23,43,6,73500,82.8,2,8,808500,4.4,2625,2563,62,High
St0044,2024,January,97,33,18,51,5,72168,56.7,2,6,1154688,4.1,2328,2236,92,Low
St0044,2024,February,112,39,22,51,6,48384,79.0,2,10,677376,3.8,2688,2599,89,Medium
St0044,2024,March,131,45,25,35,6,110040,89.4,3,3,1320480,3.8,3930,3853,77,High
St0044,2024,April,109,38,20,39,7,76300,66.8,4,8,1068200,3.8,3052,3022,30,Medium
St0044,2024,May,73,25,17,48,4,61101,58.6,3,3,916515,4.0,1971,1903,68,Low
St0044,2024,June,109,38,22,43,8,82404,91.9,4,16,1153656,4.0,2943,2869,74,High
St0044,2024,July,117,40,11,35,5,84240,55.5,2,8,842400,4.7,2808,2703,105,Low
St0044,2024,August,72,25,14,39,4,66528,57.1,4,20,798336,3.8,2016,1996,20,Low
St0044,2024,September,92,32,21,31,6,47840,82.8,3,9,621920,4.4,2392,2318,74,High
St0044,2024,October,138,48,24,45,6,128340,81.4,2,2,1540080,3.8,4140,4018,122,High
St0044,2024,November,156,54,16,51,5,105456,64.3,2,8,949104,3.8,4056,3911,145,Medium
St0044,2024,December,147,51,20,53,7,102312,91.1,4,8,1534680,4.5,3528,3465,63,High
St0044,2025,January,82,28,24,39,6,59696,84.6,2,8,596960,3.9,2132,2049,83,High
St0044,2025,February,73,25,19,46,4,63072,96.6,0,0,1009152,4.0,1971,1894,77,High
St0044,2025,March,90,31,19,46,4,67860,79.9,2,4,678600,4.1,2610,2580,30,Medium
St0044,2025,April,136,47,19,39,6,106080,94.4,0,0,1166880,4.3,3536,3461,75,High
St0044,2025,May,114,39,18,44,5,64638,70.8,1,3,840294,3.8,3078,3023,55,Medium
St0044,2025,June,88,30,26,38,6,52272,95.2,2,10,784080,4.7,2376,2355,21,High
St0044,2025,July,75,26,23,50,8,65250,82.8,4,16,978750,4.3,2250,2218,32,High
St0044,2025,August,145,50,18,47,7,94250,62.5,3,6,1413750,4.2,3770,3659,111,Medium
St0044,2025,September,102,35,18,48,7,99144,66.1,2,4,1388016,4.6,2754,2671,83,Medium
St0044,2025,October,157,54,17,32,4,81954,57.6,3,6,1311264,4.6,4553,4451,102,Low
St0044,2025,November,126,44,21,42,8,105840,68.1,0,0,1058400,4.3,3780,3755,25,Medium
St0044,2025,December,141,49,23,30,5,70500,89.2,3,9,916500,4.2,3525,3487,38,High
St0045,2021,January,263,92,21,45,5,235648,79.4,2,6,2827776,4.5,7364,7210,154,Medium
St0045,2021,February,169,59,22,47,5,87880,78.2,1,2,1230320,4.5,4394,4363,31,Medium
St0045,2021,March,262,91,17,40,4,144362,57.7,2,4,1587982,4.1,7598,7336,262,Low
St0045,2021,April,266,93,16,30,5,161994,74.9,1,4,2429910,4.2,7714,7577,137,Medium
St0045,2021,May,163,57,11,31,4,105950,56.5,4,12,1377350,4.3,4075,4003,72,Low
St0045,2021,June,141,49,15,37,6,88830,79.4,4,8,1332450,3.8,4230,4065,165,Medium
St0045,2021,July,225,78,16,51,4,163800,71.8,2,8,1801800,4.6,5850,5691,159,Medium
St0045,2021,August,239,83,11,40,5,234220,56.0,3,6,3747520,4.1,6692,6462,230,Low
St0045,2021,September,122,42,21,33,7,97600,65.7,2,6,976000,3.9,3050,2991,59,Medium
St0045,2021,October,274,95,17,44,6,149604,68.7,4,8,1795248,3.6,7124,7057,67,Medium
St0045,2021,November,291,101,21,50,8,204282,80.6,1,3,2655666,4.4,7857,7675,182,High
St0045,2021,December,247,86,19,41,6,237120,71.5,4,8,3556800,4.5,7410,7322,88,Medium
St0045,2022,January,226,79,21,48,6,162720,67.4,1,5,1952640,4.1,6780,6524,256,Medium
St0045,2022,February,153,53,17,41,4,102051,73.9,0,0,1122561,3.9,4437,4367,70,Medium
St0045,2022,March,162,56,21,40,8,99792,67.5,3,9,1097712,3.9,4536,4462,74,Medium
St0045,2022,April,263,92,12,36,4,268260,55.8,1,2,3755640,4.2,7890,7692,198,Low
St0045,2022,May,155,54,15,30,4,85405,54.6,2,2,1281075,4.6,4495,4434,61,Low
St0045,2022,June,283,99,19,37,4,213948,73.8,2,8,2995272,4.2,7924,7744,180,Medium
St0045,2022,July,221,77,16,38,4,211497,65.6,1,3,2114970,4.2,6409,6304,105,Medium
St0045,2022,August,234,81,20,33,8,217620,85.1,3,15,3046680,4.3,7020,6884,136,High
St0045,2022,September,243,85,20,55,8,198288,75.1,3,12,2577744,3.8,5832,5657,175,Medium
St0045,2022,October,384,134,17,36,7,248832,60.6,0,0,2737152,4.3,9216,8899,317,Medium
St0045,2022,November,350,122,20,53,5,294000,69.3,2,6,4704000,3.6,9800,9743,57,Medium
St0045,2022,December,280,98,21,35,7,208320,75.2,2,2,3333120,4.6,6720,6623,97,Medium
St0045,2023,January,380,133,23,54,6,237120,78.4,0,0,2845440,4.4,9120,8959,161,Medium
St0045,2023,February,273,95,21,35,5,213759,71.9,4,16,2137590,3.9,7371,7307,64,Medium
St0045,2023,March,413,144,21,47,8,289100,85.9,2,10,2891000,4.0,10325,10183,142,High
St0045,2023,April,229,80,12,50,5,186864,51.4,1,3,2055504,4.8,5496,5332,164,Low
St0045,2023,May,255,89,15,47,3,229500,56.8,1,3,3442500,4.2,7650,7506,144,Low
St0045,2023,June,177,61,12,49,4,148149,62.5,4,8,1629639,3.6,4779,4630,149,Medium
St0045,2023,July,258,90,14,37,6,173376,57.8,0,0,2253888,4.5,6192,6049,143,Low
St0045,2023,August,200,70,17,43,7,168000,87.6,4,8,2520000,3.6,4800,4676,124,High
St0045,2023,September,234,81,19,41,4,131040,71.3,3,6,1965600,3.9,6552,6469,83,Medium
St0045,2023,October,225,78,19,32,7,195750,84.5,4,4,2740500,3.6,6525,6481,44,High
St0045,2023,November,386,135,22,50,8,323082,70.4,3,3,4200066,3.7,10422,10284,138,Medium
St0045,2023,December,269,94,12,42,3,188838,52.7,2,2,2454894,4.2,6994,6899,95,Low
St0045,2024,January,445,155,11,30,2,372465,56.8,3,3,3724650,4.1,12015,11646,369,Low
St0045,2024,February,354,123,11,44,5,318600,57.2,1,1,4460400,4.0,10620,10226,394,Low
St0045,2024,March,320,112,22,31,7,274560,93.7,4,8,4118400,3.5,8320,8227,93,High
St0045,2024,April,207,72,18,55,6,132066,83.4,3,9,1980990,4.4,6003,5812,191,High
St0045,2024,May,453,158,20,47,6,351075,79.0,0,0,5266125,4.8,11325,10906,419,Medium
St0045,2024,June,304,106,16,54,7,308560,81.6,0,0,4011280,4.2,8816,8523,293,High
St0045,2024,July,239,83,19,50,4,207930,74.7,4,16,2911020,4.4,7170,6905,265,Medium
St0045,2024,August,341,119,23,31,5,221650,91.8,3,12,2438150,3.8,8525,8252,273,High
St0045,2024,September,378,132,17,49,5,235872,70.7,1,2,3066336,4.0,9072,8758,314,Medium
St0045,2024,October,304,106,18,44,6,310080,62.5,0,0,3720960,4.1,9120,9069,51,Medium
St0045,2024,November,493,172,21,50,7,469336,66.3,2,8,4224024,4.5,13804,13718,86,Medium
St0045,2024,December,331,115,16,35,7,297569,72.9,0,0,3273259,4.3,9599,9390,209,Medium
St0045,2025,January,322,112,14,51,3,306544,73.5,3,12,3678528,4.3,9016,8692,324,Medium
St0045,2025,February,530,185,23,31,5,372060,79.5,4,20,4464720,3.5,13780,13418,362,Medium
St0045,2025,March,449,157,18,43,4,303075,62.2,4,20,3939975,3.8,11225,11042,183,Medium
St0045,2025,April,262,91,27,40,6,188640,95.5,0,0,2829600,4.7,6288,6121,167,High
St0045,2025,May,472,165,19,34,5,446040,80.3,4,12,4460400,4.4,12744,12317,427,High
St0045,2025,June,301,105,15,54,3,173376,70.0,4,16,1907136,4.3,7224,7012,212,Medium
St0045,2025,July,404,141,19,30,4,242400,83.5,0,0,3636000,4.8,10100,10021,79,High
St0045,2025,August,438,153,14,31,3,294336,67.5,3,15,4415040,3.6,12264,12140,124,Medium
St0045,2025,September,395,138,21,35,5,207375,67.2,3,3,1866375,3.6,9875,9621,254,Medium
St0045,2025,October,390,136,13,44,5,253500,67.2,2,10,3295500,4.1,10140,9815,325,Medium
St0045,2025,November,292,102,19,43,6,157680,89.4,3,3,2049840,4.5,8760,8576,184,High
St0045,2025,December,468,163,13,52,3,413712,64.1,4,12,6619392,4.4,12168,11742,426,Medium
St0046,2021,January,91,31,14,53,6,73710,53.4,0,0,663390,4.2,2457,2413,44,Low
St0046,2021,February,154,53,16,50,5,69300,52.6,0,0,900900,4.9,3850,3711,139,Low
St0046,2021,March,73,25,17,50,7,54750,67.3,3,15,547500,4.1,2190,2170,20,Medium
St0046,2021,April,135,47,9,34,2,112320,49.3,1,3,1797120,4.7,3510,3443,67,Low
St0046,2021,May,103,36,16,34,5,101970,53.6,3,9,1427580,4.2,3090,3058,32,Low
St0046,2021,June,150,52,11,52,2,81900,51.2,0,0,1146600,3.9,3900,3848,52,Low
St0046,2021,July,131,45,14,37,6,109647,56.7,1,4,1535058,3.9,3537,3510,27,Low
St0046,2021,August,119,41,16,51,7,83538,47.4,2,2,918918,3.8,3094,3073,21,Low
St0046,2021,September,126,44,17,45,7,83160,62.1,2,10,748440,3.9,3780,3686,94,Medium
St0046,2021,October,145,50,23,49,5,135720,76.8,0,0,1492920,4.4,3770,3675,95,Medium
St0046,2021,November,86,30,18,33,7,64500,71.2,1,4,774000,4.4,2150,2136,14,Medium
St0046,2021,December,167,58,13,42,3,116900,62.9,3,15,1402800,3.9,4175,4036,139,Medium
St0046,2022,January,110,38,14,35,3,77220,58.8,0,0,1081080,3.9,2970,2927,43,Low
St0046,2022,February,102,35,17,38,6,68544,63.8,3,12,685440,4.0,2856,2808,48,Medium
St0046,2022,March,120,42,23,31,7,69000,86.5,4,12,759000,3.9,3000,2912,88,High
St0046,2022,April,100,35,14,40,4,53200,56.7,1,1,585200,4.4,2800,2703,97,Low
St0046,2022,May,145,50,20,37,7,91350,69.5,3,9,1370250,3.9,4350,4194,156,Medium
St0046,2022,June,94,32,12,39,5,92684,59.2,4,20,1482944,3.7,2726,2619,107,Low
St0046,2022,July,116,40,15,45,5,64960,59.0,2,6,844480,3.8,3248,3189,59,Low
St0046,2022,August,109,38,22,36,7,100716,81.3,0,0,1107876,3.9,3052,2964,88,High
St0046,2022,September,137,47,19,41,5,89050,63.5,0,0,801450,4.0,3562,3531,31,Medium
St0046,2022,October,121,42,15,37,3,52272,58.4,0,0,627264,4.8,2904,2802,102,Low
St0046,2022,November,133,46,15,51,3,93100,68.6,4,4,1024100,4.3,3325,3252,73,Medium
St0046,2022,December,161,56,14,39,6,115920,52.1,4,20,1622880,4.1,3864,3732,132,Low
St0046,2023,January,183,64,22,52,6,122976,77.1,4,20,1721664,4.3,4392,4246,146,Medium
St0046,2023,February,192,67,20,42,5,108864,79.6,4,4,979776,4.5,5184,5111,73,Medium
St0046,2023,March,143,50,23,36,8,132132,88.7,3,6,2114112,4.6,4004,3899,105,High
St0046,2023,April,151,52,15,43,6,105096,79.3,3,12,1576440,4.6,3624,3497,127,Medium
St0046,2023,May,192,67,22,51,6,165888,76.3,0,0,2156544,4.8,5184,5105,79,Medium
St0046,2023,June,158,55,20,40,6,132720,83.8,4,12,1858080,3.6,3792,3669,123,High
St0046,2023,July,128,44,15,34,4,69120,54.8,4,16,622080,4.0,3456,3364,92,Low
St0046,2023,August,119,41,20,50,7,83300,90.0,2,10,1249500,3.9,2975,2914,61,High
St0046,2023,September,122,42,20,36,8,65880,83.7,3,12,790560,3.6,3660,3561,99,High
St0046,2023,October,131,45,14,37,6,63666,68.0,3,15,636660,4.3,3537,3516,21,Medium
St0046,2023,November,187,65,13,36,4,168113,64.7,4,4,1513017,3.8,5423,5268,155,Medium
St0046,2023,December,183,64,20,43,5,114375,67.1,3,15,1830000,3.7,4575,4459,116,Medium
St0046,2024,January,130,45,20,47,7,71760,89.5,3,12,1004640,4.6,3120,3003,117,High
St0046,2024,February,156,54,21,50,5,107640,76.8,2,6,1614600,3.8,4680,4560,120,Medium
St0046,2024,March,149,52,16,54,4,96850,72.2,4,12,1355900,4.5,3725,3624,101,Medium
St0046,2024,April,152,53,18,49,5,80864,70.4,0,0,889504,4.8,4256,4208,48,Medium
St0046,2024,May,115,40,19,54,5,91080,69.0,3,9,1001880,3.8,2760,2737,23,Medium
St0046,2024,June,246,86,19,47,5,214020,63.8,0,0,2140200,4.8,7380,7239,141,Medium
St0046,2024,July,215,75,18,53,6,203175,82.7,0,0,2641275,4.2,5805,5684,121,High
St0046,2024,August,165,57,18,32,7,124740,69.6,3,9,1496880,3.6,4455,4286,169,Medium
St0046,2024,September,141,49,14,33,4,134937,65.4,0,0,1754181,4.0,4089,4001,88,Medium
St0046,2024,October,223,78,20,35,5,162567,77.0,2,4,1788237,4.2,6021,5941,80,Medium
St0046,2024,November,160,56,19,46,5,87360,83.6,2,2,1048320,3.7,4160,4083,77,High
St0046,2024,December,179,62,22,31,6,80550,80.9,0,0,1208250,4.2,4475,4319,156,High
St0046,2025,January,269,94,26,53,6,153868,94.5,4,12,1692548,4.1,6994,6841,153,High
St0046,2025,February,265,92,20,36,8,198750,92.8,3,6,1987500,3.7,6625,6543,82,High
St0046,2025,March,129,45,20,35,5,70434,71.2,2,10,633906,4.6,3354,3242,112,Medium
St0046,2025,April,188,65,23,51,7,103588,86.7,0,0,1139468,4.3,5452,5386,66,High
St0046,2025,May,276,96,25,43,8,144072,96.7,0,0,1728864,4.5,8004,7788,216,High
St0046,2025,June,174,60,19,40,4,99180,74.3,0,0,1586880,4.4,5220,5142,78,Medium
St0046,2025,July,168,58,12,43,5,88704,60.6,2,2,1419264,4.7,4032,4009,23,Medium
St0046,2025,August,197,68,20,34,7,128050,76.1,0,0,2048800,4.1,5122,5069,53,Medium
St0046,2025,September,126,44,13,50,4,74844,69.0,0,0,823284,4.8,3402,3332,70,Medium
St0046,2025,October,190,66,18,39,4,82080,77.2,3,12,820800,3.7,4560,4477,83,Medium
St0046,2025,November,162,56,18,31,4,108054,62.2,1,2,1728864,4.5,4698,4644,54,Medium
St0046,2025,December,177,61,20,44,8,115050,94.9,2,2,1840800,4.5,4425,4259,166,High
St0047,2021,January,191,66,17,33,6,132936,54.5,2,8,1728168,4.2,4584,4519,65,Low
St0047,2021,February,146,51,22,41,8,135780,70.3,2,10,1222020,3.9,4380,4260,120,Medium
St0047,2021,March,161,56,10,35,3,169050,50.1,2,8,2366700,3.7,4830,4706,124,Low
St0047,2021,April,163,57,18,33,4,88020,66.1,1,1,1144260,4.2,4890,4748,142,Medium
St0047,2021,May,132,46,18,36,7,74844,74.4,0,0,823284,4.5,3564,3468,96,Medium
St0047,2021,June,177,61,11,50,3,156468,47.1,3,6,2503488,3.6,4602,4525,77,Low
St0047,2021,July,140,49,17,45,4,76440,55.3,0,0,840840,4.6,3640,3581,59,Low
St0047,2021,August,136,47,17,32,7,102000,48.0,2,10,1122000,3.7,4080,4019,61,Low
St0047,2021,September,190,66,16,44,4,133380,56.0,2,2,1867320,4.7,4940,4877,63,Low
St0047,2021,October,210,73,16,30,4,180180,78.6,1,3,1621620,4.8,5460,5276,184,Medium
St0047,2021,November,140,49,18,50,7,107520,61.5,0,0,1505280,4.4,3360,3253,107,Medium
St0047,2021,December,178,62,11,37,3,81168,58.8,3,12,1217520,4.4,4272,4246,26,Low
St0047,2022,January,172,60,22,33,6,149296,82.0,3,9,2239440,3.8,4816,4718,98,High
St0047,2022,February,218,76,21,43,5,104640,72.9,1,5,1569600,4.0,5232,5076,156,Medium
St0047,2022,March,171,59,22,51,7,143640,79.9,0,0,2010960,4.5,4788,4744,44,Medium
St0047,2022,April,202,70,17,54,7,152308,64.6,0,0,2132312,4.4,5252,5219,33,Medium
St0047,2022,May,116,40,18,53,6,68904,57.0,1,5,757944,3.8,3132,3024,108,Low
St0047,2022,June,224,78,17,31,4,125440,62.7,4,8,1505280,4.0,6272,6053,219,Medium
St0047,2022,July,196,68,16,35,7,98784,82.3,4,16,889056,4.2,5488,5371,117,High
St0047,2022,August,130,45,21,41,8,109200,76.3,0,0,1747200,3.9,3120,3042,78,Medium
St0047,2022,September,108,37,23,49,7,55404,80.8,2,2,720252,4.3,2916,2828,88,High
St0047,2022,October,216,75,16,55,6,220320,49.8,2,10,2864160,3.7,6480,6317,163,Low
St0047,2022,November,261,91,13,35,6,219240,50.5,0,0,2850120,4.4,7830,7661,169,Low
St0047,2022,December,221,77,22,35,5,205088,84.9,0,0,1845792,4.2,6409,6216,193,High
St0047,2023,January,149,52,19,32,6,93125,55.9,1,3,1117500,4.7,3725,3608,117,Low
St0047,2023,February,122,42,11,43,4,98820,56.7,1,4,1383480,4.1,3294,3255,39,Low
St0047,2023,March,259,90,16,41,4,125874,51.9,4,4,1132866,3.7,6993,6830,163,Low
St0047,2023,April,148,51,20,30,8,84360,65.0,3,9,927960,4.0,4440,4298,142,Medium
St0047,2023,May,251,87,20,37,8,200800,79.8,0,0,1807200,4.6,6275,6032,243,Medium
St0047,2023,June,225,78,20,46,7,181350,69.4,0,0,1994850,3.9,5850,5739,111,Medium
St0047,2023,July,266,93,15,44,3,191520,67.8,0,0,2681280,4.1,7980,7678,302,Medium
St0047,2023,August,263,92,23,35,7,149910,79.1,0,0,1649010,4.2,7890,7729,161,Medium
St0047,2023,September,223,78,22,30,5,212296,84.8,2,6,3184440,3.7,6244,6101,143,High
St0047,2023,October,201,70,19,43,6,186528,67.4,3,12,2238336,4.4,5829,5688,141,Medium
St0047,2023,November,209,73,19,41,5,119548,76.2,4,12,1315028,3.9,5434,5267,167,Medium
St0047,2023,December,172,60,18,40,7,111456,80.7,4,16,1783296,4.3,4128,3995,133,High
St0047,2024,January,238,83,16,52,7,173502,81.9,4,20,1561518,3.7,6426,6363,63,High
St0047,2024,February,250,87,24,31,6,162500,90.9,3,15,2275000,3.7,6250,6084,166,High
St0047,2024,March,279,97,14,40,3,210924,56.6,4,8,3163860,4.5,7533,7428,105,Low
St0047,2024,April,179,62,19,32,4,155730,93.4,3,12,2335950,3.6,5370,5291,79,High
St0047,2024,May,216,75,24,50,8,192456,93.2,1,1,2694384,4.3,5832,5729,103,High
St0047,2024,June,247,86,18,35,7,122018,75.5,2,10,1586234,4.0,6422,6358,64,Medium
St0047,2024,July,159,55,18,48,4,92220,57.5,1,4,1106640,4.2,4611,4522,89,Low
St0047,2024,August,177,61,15,36,3,114696,65.7,2,4,1146960,4.5,4779,4713,66,Medium
St0047,2024,September,149,52,14,37,4,111750,68.0,4,4,1676250,4.3,3725,3654,71,Medium
St0047,2024,October,223,78,16,32,5,167250,71.2,1,1,1505250,4.1,5575,5477,98,Medium
St0047,2024,November,296,103,22,35,7,248640,76.1,2,6,3232320,4.0,8880,8791,89,Medium
St0047,2024,December,210,73,16,36,4,187110,78.0,1,5,1871100,4.7,5670,5454,216,Medium
St0047,2025,January,169,59,20,43,5,123201,75.1,2,4,1108809,3.6,4563,4450,113,Medium
St0047,2025,February,336,117,15,30,4,277200,61.9,1,1,2494800,3.8,8400,8081,319,Medium
St0047,2025,March,214,74,19,39,4,191744,86.5,4,16,3067904,4.4,5992,5947,45,High
St0047,2025,April,208,72,16,38,6,178464,63.0,1,1,2320032,4.1,5408,5217,191,Medium
St0047,2025,May,249,87,18,51,6,166083,57.1,4,4,2657328,4.3,7221,7072,149,Low
St0047,2025,June,317,110,13,47,5,319536,64.5,3,12,2875824,3.8,8876,8604,272,Medium
St0047,2025,July,358,125,12,41,5,283536,59.9,2,6,3685968,4.2,8592,8390,202,Low
St0047,2025,August,209,73,13,51,5,146300,62.7,0,0,2340800,4.6,5852,5684,168,Medium
St0047,2025,September,332,116,16,54,6,164008,77.1,3,12,1640080,3.7,8632,8326,306,Medium
St0047,2025,October,268,93,23,54,6,152760,79.6,3,9,1985880,4.2,8040,7718,322,Medium
St0047,2025,November,302,105,14,44,6,204152,68.2,4,4,3266432,3.9,7852,7752,100,Medium
St0047,2025,December,313,109,23,47,8,234750,84.0,3,9,2817000,4.5,7825,7736,89,High
St0048,2021,January,99,34,22,40,8,46332,80.2,4,4,648648,4.2,2574,2549,25,High
St0048,2021,February,129,45,11,46,2,94041,45.8,4,20,1316574,4.5,3483,3429,54,Low
St0048,2021,March,179,62,14,47,6,125658,65.1,3,12,1256580,3.7,4833,4678,155,Medium
St0048,2021,April,170,59,17,42,5,142800,74.6,3,12,1999200,4.5,4080,3942,138,Medium
St0048,2021,May,141,49,15,55,5,110403,71.8,1,2,1435239,4.1,4089,4023,66,Medium
St0048,2021,June,101,35,17,44,6,93930,65.5,3,12,845370,4.4,3030,2980,50,Medium
St0048,2021,July,109,38,18,38,4,54500,57.9,2,10,763000,4.5,2725,2695,30,Low
St0048,2021,August,166,58,21,41,8,127488,77.2,3,12,1274880,4.4,3984,3903,81,Medium
St0048,2021,September,130,45,17,35,6,104000,65.5,3,9,936000,4.3,3250,3145,105,Medium
St0048,2021,October,143,50,10,48,2,92092,47.9,0,0,1105104,4.3,4004,3928,76,Low
St0048,2021,November,166,58,17,49,4,134460,78.0,3,9,2151360,4.1,4980,4852,128,Medium
St0048,2021,December,158,55,13,30,4,127980,64.4,3,9,1279800,4.3,4740,4629,111,Medium
St0048,2022,January,113,39,13,36,4,58986,60.6,1,1,589860,4.3,3277,3211,66,Medium
St0048,2022,February,140,49,20,52,7,87360,74.8,0,0,1310400,4.7,3640,3608,32,Medium
St0048,2022,March,105,36,17,36,6,73710,64.5,0,0,1105650,3.9,2835,2803,32,Medium
St0048,2022,April,214,74,12,41,6,178048,50.5,1,5,2314624,3.8,5564,5399,165,Low
St0048,2022,May,129,45,18,40,4,111972,53.5,0,0,1679580,3.8,3612,3531,81,Low
St0048,2022,June,215,75,22,51,6,174150,74.9,2,10,1741500,4.4,6450,6368,82,Medium
St0048,2022,July,110,38,21,34,7,73920,69.6,3,3,739200,4.1,3080,2994,86,Medium
St0048,2022,August,106,37,10,46,3,90100,49.6,2,6,810900,4.2,2650,2617,33,Low
St0048,2022,September,206,72,15,36,4,154500,65.7,0,0,2008500,4.5,5150,5069,81,Medium
St0048,2022,October,229,80,21,40,7,177475,69.6,3,9,2662125,4.2,5725,5611,114,Medium
St0048,2022,November,107,37,22,40,5,65912,85.1,4,12,593208,3.6,2996,2929,67,High
St0048,2022,December,119,41,16,39,4,71400,51.9,2,4,642600,3.7,3570,3438,132,Low
St0048,2023,January,206,72,16,31,7,97850,55.0,4,12,1369900,3.6,5150,4983,167,Low
St0048,2023,February,237,82,16,36,5,142200,60.7,1,5,1422000,4.0,7110,6971,139,Medium
St0048,2023,March,120,42,19,30,5,97200,63.8,0,0,1263600,4.5,3600,3476,124,Medium
St0048,2023,April,257,89,12,36,5,161910,64.7,3,9,1781010,3.8,7710,7622,88,Medium
St0048,2023,May,169,59,13,42,4,89908,69.1,1,3,1258712,4.6,4732,4589,143,Medium
St0048,2023,June,222,77,20,51,6,118104,61.4,1,3,1417248,4.7,6216,6003,213,Medium
St0048,2023,July,233,81,20,51,6,117432,88.6,3,6,1526616,4.6,5592,5476,116,High
St0048,2023,August,163,57,15,32,6,114426,51.5,3,12,1258686,4.2,4238,4088,150,Low
St0048,2023,September,156,54,16,35,5,85800,81.5,0,0,1115400,4.8,3900,3862,38,High
St0048,2023,October,280,98,17,48,4,160160,66.8,3,9,2082080,4.0,7280,7116,164,Medium
St0048,2023,November,173,60,18,53,7,96880,58.9,0,0,1550080,4.4,4844,4776,68,Low
St0048,2023,December,207,72,11,41,4,134136,54.3,3,9,1877904,3.9,4968,4848,120,Low
St0048,2024,January,274,95,18,34,6,184128,58.9,0,0,2761920,4.6,7672,7518,154,Low
St0048,2024,February,241,84,18,50,4,125320,73.0,3,3,1754480,3.6,6266,6160,106,Medium
St0048,2024,March,213,74,18,51,6,153360,59.4,3,3,2147040,4.0,5112,5000,112,Low
St0048,2024,April,277,96,16,53,6,186144,65.9,4,16,2606016,4.0,7756,7525,231,Medium
St0048,2024,May,128,44,20,36,7,115200,79.4,1,1,1843200,4.4,3840,3723,117,Medium
St0048,2024,June,292,102,20,55,5,131400,89.0,0,0,1445400,4.0,7300,7233,67,High
St0048,2024,July,229,80,16,40,5,154575,63.7,0,0,2318625,4.8,5725,5584,141,Medium
St0048,2024,August,212,74,16,53,7,157728,54.2,2,4,2365920,4.0,5088,4924,164,Low
St0048,2024,September,137,47,21,47,7,103572,80.9,3,9,1346436,4.1,3699,3657,42,High
St0048,2024,October,295,103,15,52,5,199420,79.2,1,3,2393040,4.8,7670,7616,54,Medium
St0048,2024,November,216,75,17,47,7,103680,75.8,4,16,1244160,3.9,5184,5008,176,Medium
St0048,2024,December,254,88,16,54,7,188976,59.6,1,5,2078736,3.9,6096,6044,52,Low
St0048,2025,January,152,53,15,39,5,141056,67.6,3,12,2256896,3.8,4408,4330,78,Medium
St0048,2025,February,224,78,19,50,7,139104,82.0,3,12,1391040,3.8,6048,5863,185,High
St0048,2025,March,269,94,17,32,6,242100,82.7,4,12,3389400,3.8,6725,6689,36,High
St0048,2025,April,322,112,23,45,6,278208,93.8,3,9,4451328,3.6,7728,7655,73,High
St0048,2025,May,221,77,24,55,9,165750,88.4,1,1,1657500,4.5,6630,6495,135,High
St0048,2025,June,323,113,19,42,7,177973,90.7,1,3,2491622,4.2,9367,9303,64,High
St0048,2025,July,216,75,17,43,7,104976,84.3,4,20,1364688,4.2,5832,5606,226,High
St0048,2025,August,149,52,22,46,7,143040,79.9,3,9,1573440,4.4,4470,4380,90,Medium
St0048,2025,September,281,98,12,36,6,134880,59.7,0,0,2158080,4.0,6744,6671,73,Low
St0048,2025,October,251,87,16,37,4,207075,64.9,3,12,3106125,4.5,6275,6065,210,Medium
St0048,2025,November,282,98,19,46,5,261696,72.3,4,8,2355264,3.9,8178,8112,66,Medium
St0048,2025,December,309,108,16,45,4,139050,64.3,4,8,1529550,4.2,7725,7498,227,Medium
St0049,2021,January,198,69,17,42,5,89100,45.6,0,0,1336500,4.7,4950,4874,76,Low
St0049,2021,February,210,73,22,38,8,120960,80.5,0,0,1451520,3.9,5040,4929,111,High
St0049,2021,March,180,62,22,35,6,86400,80.1,4,12,1036800,4.0,4320,4160,160,High
St0049,2021,April,166,58,17,53,7,99600,74.4,2,10,1294800,4.3,4980,4802,178,Medium
St0049,2021,May,127,44,15,31,5,92075,56.0,0,0,1473200,3.9,3175,3122,53,Low
St0049,2021,June,107,37,20,47,8,89880,69.8,0,0,988680,4.2,2568,2526,42,Medium
St0049,2021,July,192,67,20,31,8,144768,84.2,4,12,2316288,4.1,4992,4951,41,High
St0049,2021,August,157,54,21,52,7,75360,80.0,0,0,1055040,4.8,3768,3693,75,Medium
St0049,2021,September,203,71,14,46,4,115101,52.2,1,3,1611414,4.1,5481,5295,186,Low
St0049,2021,October,208,72,14,54,5,122304,64.0,2,4,1589952,4.3,5824,5785,39,Medium
St0049,2021,November,118,41,17,50,6,88972,60.6,0,0,1423552,4.7,3068,2972,96,Medium
St0049,2021,December,176,61,19,39,7,148016,84.8,0,0,1332144,4.0,5104,4920,184,High
St0049,2022,January,242,84,18,42,6,145200,59.2,1,4,1742400,4.7,5808,5751,57,Low
St0049,2022,February,189,66,13,54,6,98280,52.9,2,6,1081080,4.1,4914,4787,127,Low
St0049,2022,March,129,45,19,37,7,111456,84.9,2,8,1671840,3.8,3096,3036,60,High
St0049,2022,April,180,62,17,50,7,151200,59.7,1,5,2268000,4.8,4320,4167,153,Low
St0049,2022,May,209,73,22,42,5,135850,86.3,0,0,2173600,4.6,5434,5301,133,High
St0049,2022,June,230,80,17,36,7,138000,50.5,3,15,1932000,3.8,6900,6848,52,Low
St0049,2022,July,115,40,18,31,7,117300,72.7,4,4,1642200,4.4,3450,3385,65,Medium
St0049,2022,August,255,89,16,55,6,240975,49.0,0,0,3614625,4.5,6885,6647,238,Low
St0049,2022,September,216,75,15,31,4,134784,62.7,2,8,2156544,3.8,5616,5551,65,Medium
St0049,2022,October,266,93,19,45,6,177422,74.3,4,20,1774220,4.2,7714,7552,162,Medium
St0049,2022,November,208,72,16,55,4,130000,71.6,3,12,1170000,4.0,5200,5136,64,Medium
St0049,2022,December,217,75,24,50,7,113274,85.8,4,16,1812384,3.5,6293,6135,158,High
St0049,2023,January,188,65,22,32,8,142128,87.3,0,0,1279152,4.0,5076,4916,160,High
St0049,2023,February,292,102,22,31,8,131400,74.3,4,20,2102400,4.0,7300,7247,53,Medium
St0049,2023,March,230,80,12,33,3,119600,58.4,3,6,1315600,4.3,5980,5797,183,Low
St0049,2023,April,213,74,25,44,8,160602,85.0,1,5,1445418,4.0,6177,5965,212,High
St0049,2023,May,292,102,14,54,4,141912,53.7,4,20,2128680,4.5,7884,7641,243,Low
St0049,2023,June,225,78,22,46,7,115425,79.6,3,12,1846800,3.8,6075,5833,242,Medium
St0049,2023,July,268,93,25,41,9,212256,86.8,1,3,2971584,4.3,6432,6183,249,High
St0049,2023,August,224,78,16,47,4,188160,58.3,4,4,2446080,4.2,6720,6647,73,Low
St0049,2023,September,250,87,19,40,6,187500,71.6,2,10,1687500,4.6,6250,6183,67,Medium
St0049,2023,October,325,113,15,54,3,194350,70.8,0,0,1943500,4.5,8450,8385,65,Medium
St0049,2023,November,166,58,17,41,6,139440,83.8,1,3,2231040,4.3,4648,4603,45,High
St0049,2023,December,276,96,20,53,6,258336,86.5,4,12,3100032,4.3,7176,6931,245,High
St0049,2024,January,271,94,19,31,7,182925,57.2,3,3,2378025,4.4,6775,6680,95,Low
St0049,2024,February,157,54,18,42,4,86507,64.3,2,8,778563,4.6,4553,4411,142,Medium
St0049,2024,March,171,59,23,35,6,163647,84.5,3,15,2291058,4.0,4959,4860,99,High
St0049,2024,April,213,74,15,51,3,106500,55.8,2,10,1704000,4.5,5325,5117,208,Low
St0049,2024,May,274,95,22,49,6,217008,77.7,2,2,3472128,4.1,6576,6361,215,Medium
St0049,2024,June,202,70,20,32,5,174528,79.6,1,2,2792448,4.5,5454,5344,110,Medium
St0049,2024,July,227,79,20,48,5,139832,69.3,1,2,1398320,4.3,6356,6213,143,Medium
St0049,2024,August,338,118,22,42,7,313664,81.1,0,0,3136640,3.8,9802,9700,102,High
St0049,2024,September,318,111,18,35,5,258216,68.6,0,0,2323944,4.5,9222,9046,176,Medium
St0049,2024,October,399,139,19,30,7,197106,87.8,3,9,2562378,4.6,10374,10223,151,High
St0049,2024,November,299,104,19,33,4,277472,70.9,1,5,3052192,4.7,8671,8623,48,Medium
St0049,2024,December,255,89,15,31,4,192270,55.7,0,0,1730430,4.8,6630,6527,103,Low
St0049,2025,January,175,61,26,49,6,100100,92.5,0,0,1001000,4.7,4550,4504,46,High
St0049,2025,February,385,134,17,37,7,280665,78.7,1,3,2806650,4.7,10395,10322,73,Medium
St0049,2025,March,306,107,14,40,4,319464,69.7,4,8,3833568,4.0,8874,8551,323,Medium
St0049,2025,April,319,111,17,41,5,145464,65.8,1,4,1309176,4.1,7656,7433,223,Medium
St0049,2025,May,269,94,18,43,7,266310,89.9,3,6,3728340,4.0,8070,7978,92,High
St0049,2025,June,262,91,19,52,6,165060,68.6,4,12,1815660,3.8,7860,7596,264,Medium
St0049,2025,July,393,137,18,45,5,225975,90.6,0,0,3615600,4.2,9825,9732,93,High
St0049,2025,August,192,67,15,44,4,161280,72.6,3,9,1451520,4.5,4608,4450,158,Medium
St0049,2025,September,234,81,14,38,6,140400,67.5,4,16,1825200,3.9,5616,5428,188,Medium
St0049,2025,October,437,152,22,40,6,199272,93.0,1,2,2989080,4.3,10488,10074,414,High
St0049,2025,November,316,110,20,54,5,244900,92.6,2,2,2938800,4.5,7900,7730,170,High
St0049,2025,December,222,77,24,46,9,155844,82.7,1,5,2181816,4.2,5994,5935,59,High
St0050,2021,January,79,27,15,42,6,53325,78.7,2,10,586575,4.2,2133,2097,36,Medium
St0050,2021,February,49,17,9,36,2,42630,48.2,0,0,426300,4.7,1421,1385,36,Low
St0050,2021,March,97,33,22,34,5,43650,73.2,0,0,436500,4.1,2425,2404,21,Medium
St0050,2021,April,79,27,20,45,5,39500,69.3,2,4,553000,3.9,1975,1898,77,Medium
St0050,2021,May,86,30,9,48,4,58136,48.3,1,2,581360,3.9,2236,2150,86,Low
St0050,2021,June,58,20,14,30,3,34800,70.0,0,0,487200,4.8,1740,1709,31,Medium
St0050,2021,July,82,28,16,54,6,76752,70.1,3,15,767520,4.6,2132,2048,84,Medium
St0050,2021,August,52,18,13,44,3,41600,51.6,2,8,457600,4.4,1300,1253,47,Low
St0050,2021,September,99,34,19,51,6,92664,80.7,1,4,1389960,4.4,2574,2491,83,High
St0050,2021,October,56,19,9,47,5,42224,45.2,3,9,675584,3.9,1624,1582,42,Low
St0050,2021,November,87,30,24,43,8,60900,83.3,1,2,730800,4.8,2436,2357,79,High
St0050,2021,December,81,28,12,54,4,82620,50.2,0,0,1239300,4.8,2430,2415,15,Low
St0050,2022,January,99,34,18,38,7,74250,81.4,0,0,816750,4.6,2970,2900,70,High
St0050,2022,February,128,44,22,32,6,73216,87.8,0,0,1098240,4.0,3328,3305,23,High
St0050,2022,March,129,45,14,44,4,134676,65.9,4,16,1481436,3.6,3741,3629,112,Medium
St0050,2022,April,54,18,22,55,7,24300,80.7,3,12,388800,4.3,1350,1302,48,High
St0050,2022,May,91,31,11,55,2,82810,50.1,4,8,828100,4.5,2366,2319,47,Low
St0050,2022,June,83,29,21,54,8,69471,81.8,2,2,833652,4.6,2241,2193,48,High
St0050,2022,July,105,36,23,43,5,107100,83.9,4,16,1392300,3.7,3150,3026,124,High
St0050,2022,August,118,41,12,35,5,95108,61.2,0,0,1046188,4.3,3068,3038,30,Medium
St0050,2022,September,123,43,19,48,4,73554,56.8,2,6,735540,4.2,3198,3102,96,Low
St0050,2022,October,95,33,24,45,6,45600,86.9,4,20,638400,4.5,2280,2216,64,High
St0050,2022,November,134,46,16,35,5,86296,80.6,3,12,1208144,4.0,3752,3640,112,High
St0050,2022,December,85,29,10,31,4,59670,50.2,2,2,716040,3.8,2210,2144,66,Low
St0050,2023,January,104,36,22,37,8,81432,80.0,2,8,895752,4.1,3016,2984,32,Medium
St0050,2023,February,126,44,23,37,5,124740,90.0,4,8,1995840,4.3,3780,3641,139,High
St0050,2023,March,148,51,21,37,7,120176,76.3,1,1,1682464,4.7,4144,4116,28,Medium
St0050,2023,April,113,39,21,53,8,103734,83.9,1,1,1244808,4.0,3051,2945,106,High
St0050,2023,May,142,49,16,53,7,148248,60.0,1,5,1334232,4.4,4118,4025,93,Low
St0050,2023,June,84,29,19,43,5,70560,89.2,3,12,705600,3.7,2520,2434,86,High
St0050,2023,July,107,37,15,40,4,86884,59.1,0,0,1303260,3.9,3103,3031,72,Low
St0050,2023,August,84,29,12,41,4,65520,60.9,4,20,1048320,4.2,2184,2131,53,Medium
St0050,2023,September,116,40,16,42,4,97092,55.7,0,0,1068012,4.7,3132,3096,36,Low
St0050,2023,October,106,37,18,46,4,51516,83.8,4,4,721224,3.8,2862,2835,27,High
St0050,2023,November,172,60,17,38,7,134676,63.7,4,12,2020140,3.9,4644,4616,28,Medium
St0050,2023,December,97,33,19,48,4,88270,85.4,2,2,1235780,4.7,2522,2467,55,High
St0050,2024,January,81,28,18,35,7,82620,55.2,3,15,826200,4.4,2430,2358,72,Low
St0050,2024,February,131,45,20,47,5,81875,83.1,2,6,982500,4.7,3275,3162,113,High
St0050,2024,March,107,37,18,38,5,66447,70.5,4,16,664470,4.1,2889,2811,78,Medium
St0050,2024,April,151,52,15,38,3,108720,75.5,4,16,1195920,4.1,4530,4399,131,Medium
St0050,2024,May,149,52,14,32,5,95956,56.6,2,8,1343384,4.6,4172,4139,33,Low
St0050,2024,June,114,39,14,39,6,58482,63.9,0,0,760266,4.3,3078,3035,43,Medium
St0050,2024,July,84,29,17,47,6,88200,86.4,0,0,1323000,4.5,2520,2425,95,High
St0050,2024,August,170,59,17,47,5,159120,73.3,1,1,2227680,4.0,4420,4386,34,Medium
St0050,2024,September,140,49,15,55,6,129360,68.7,4,16,1293600,4.5,3920,3784,136,Medium
St0050,2024,October,104,36,12,31,3,62192,54.4,2,8,995072,4.5,2704,2623,81,Low
St0050,2024,November,172,60,18,36,5,148608,88.9,3,3,1931904,3.6,4644,4536,108,High
St0050,2024,December,105,36,20,44,7,99960,60.7,3,9,1299480,3.9,2940,2882,58,Medium
St0050,2025,January,188,65,25,41,7,108100,87.0,0,0,1081000,4.2,4700,4537,163,High
St0050,2025,February,197,68,21,39,7,148932,66.8,4,16,2085048,3.6,5319,5187,132,Medium
St0050,2025,March,92,32,24,52,9,44712,84.4,1,1,536544,4.1,2484,2430,54,High
St0050,2025,April,96,33,20,52,5,74880,91.4,3,9,898560,3.9,2880,2828,52,High
St0050,2025,May,120,42,14,52,6,96000,74.9,1,5,1344000,3.9,3000,2953,47,Medium
St0050,2025,June,202,70,19,43,5,145440,64.0,2,2,1745280,3.8,6060,5863,197,Medium
St0050,2025,July,105,36,13,44,6,103530,69.6,1,1,931770,4.7,3045,2943,102,Medium
St0050,2025,August,159,55,14,41,4,115275,58.1,4,4,1268025,3.6,4611,4490,121,Low
St0050,2025,September,148,51,22,39,8,99900,94.8,1,1,1298700,3.7,3996,3909,87,High
St0050,2025,October,141,49,22,32,7,71064,96.9,4,16,852768,4.1,3948,3923,25,High
St0050,2025,November,141,49,23,34,6,102648,84.0,0,0,923832,4.7,3666,3521,145,High
St0050,2025,December,164,57,21,37,6,142680,96.2,1,1,1712160,4.6,4756,4617,139,High
St0051,2021,January,87,30,18,31,5,63423,55.3,1,5,1014768,3.8,2349,2289,60,Low
St0051,2021,February,102,35,10,50,4,71400,47.7,4,8,856800,3.7,2856,2758,98,Low
St0051,2021,March,113,39,22,53,8,54918,84.9,2,10,494262,4.6,3051,3007,44,High
St0051,2021,April,76,26,14,42,3,38988,54.4,4,4,623808,3.6,2052,1984,68,Low
St0051,2021,May,104,36,16,44,7,96096,48.2,4,16,1153152,4.0,2912,2801,111,Low
St0051,2021,June,112,39,24,34,9,100800,84.6,3,12,1512000,4.2,3360,3286,74,High
St0051,2021,July,100,35,18,37,7,55200,73.1,3,9,552000,3.9,2400,2319,81,Medium
St0051,2021,August,78,27,14,31,6,37440,55.5,4,20,411840,4.1,1872,1805,67,Low
St0051,2021,September,101,35,17,51,6,58176,50.1,2,10,523584,4.7,2424,2411,13,Low
St0051,2021,October,68,23,17,54,4,56100,78.6,2,8,504900,3.9,1700,1670,30,Medium
St0051,2021,November,60,21,19,52,5,46500,57.9,0,0,511500,3.9,1500,1460,40,Low
St0051,2021,December,67,23,17,38,7,53600,51.6,3,3,750400,3.6,1675,1643,32,Low
St0051,2022,January,74,25,15,31,4,46620,72.4,4,4,466200,4.4,2220,2197,23,Medium
St0051,2022,February,117,40,18,42,6,56862,60.5,4,8,909792,4.4,3159,3073,86,Medium
St0051,2022,March,122,42,21,45,8,75152,73.8,2,6,676368,4.0,3416,3309,107,Medium
St0051,2022,April,76,26,19,45,7,55404,87.3,2,4,831060,4.0,2052,2031,21,High
St0051,2022,May,126,44,17,55,4,97650,68.7,0,0,1269450,4.1,3150,3129,21,Medium
St0051,2022,June,69,24,18,31,6,57753,52.0,2,6,519777,4.5,1863,1837,26,Low
St0051,2022,July,88,30,23,47,8,71808,85.2,0,0,789888,4.4,2112,2059,53,High
St0051,2022,August,100,35,20,55,5,87000,85.0,1,1,1392000,4.6,2900,2812,88,High
St0051,2022,September,76,26,17,51,7,34656,81.3,3,15,554496,4.3,1824,1756,68,High
St0051,2022,October,133,46,22,48,5,73283,79.6,4,12,659547,3.9,3857,3773,84,Medium
St0051,2022,November,113,39,17,37,7,69608,82.8,2,10,904904,3.8,3164,3042,122,High
St0051,2022,December,128,44,16,41,7,126208,51.9,2,2,1893120,4.0,3712,3690,22,Low
St0051,2023,January,152,53,21,48,6,106400,68.9,2,2,1170400,4.4,3800,3732,68,Medium
St0051,2023,February,103,36,17,53,4,85696,70.2,4,12,1028352,3.8,2678,2610,68,Medium
St0051,2023,March,122,42,25,42,9,68320,85.5,1,3,1024800,4.3,3416,3379,37,High
St0051,2023,April,136,47,20,47,7,91392,79.2,0,0,822528,3.9,3264,3210,54,Medium
St0051,2023,May,83,29,23,41,5,73372,86.8,1,1,1100580,4.0,2158,2084,74,High
St0051,2023,June,135,47,19,55,7,98415,64.3,1,5,1476225,4.8,3645,3612,33,Medium
St0051,2023,July,72,25,19,45,5,59400,82.7,0,0,950400,4.5,1800,1738,62,High
St0051,2023,August,148,51,16,42,4,124320,79.8,1,3,1367520,4.3,4144,4008,136,Medium
St0051,2023,September,153,53,15,44,5,91800,63.6,2,2,826200,4.3,3672,3554,118,Medium
St0051,2023,October,135,47,12,34,3,105840,56.9,3,6,1375920,3.7,3780,3679,101,Low
St0051,2023,November,134,46,21,46,7,83214,86.9,0,0,748926,4.3,3618,3577,41,High
St0051,2023,December,140,49,19,52,6,121800,61.6,0,0,1218000,4.3,4200,4092,108,Medium
St0051,2024,January,99,34,22,40,5,96228,91.0,0,0,1058508,4.6,2673,2574,99,High
St0051,2024,February,161,56,17,36,7,83720,67.4,0,0,1172080,3.9,4186,4158,28,Medium
St0051,2024,March,122,42,16,54,5,85400,78.6,4,8,1024800,3.7,3416,3369,47,Medium
St0051,2024,April,108,37,14,30,3,67392,69.3,3,12,1078272,4.4,2808,2728,80,Medium
St0051,2024,May,141,49,12,48,5,147204,63.9,4,20,1324836,4.4,4089,3967,122,Medium
St0051,2024,June,114,39,11,54,2,88920,55.5,2,6,1422720,4.3,2964,2874,90,Low
St0051,2024,July,196,68,23,33,5,153664,86.1,1,3,1536640,3.8,5488,5358,130,High
St0051,2024,August,192,67,22,30,5,122496,75.7,1,4,1224960,4.5,5568,5371,197,Medium
St0051,2024,September,108,37,17,49,4,64584,86.3,3,9,839592,4.5,2808,2733,75,High
St0051,2024,October,142,49,13,39,3,82360,69.2,1,4,823600,3.8,4118,4074,44,Medium
St0051,2024,November,108,37,13,45,6,73008,58.8,1,1,657072,3.8,2808,2709,99,Low
St0051,2024,December,217,75,23,55,6,166656,91.2,2,4,1499904,4.1,5208,5102,106,High
St0051,2025,January,114,39,20,30,7,88920,93.7,0,0,978120,4.2,2964,2896,68,High
St0051,2025,February,196,68,17,33,7,107996,76.5,1,1,1295952,4.2,5684,5504,180,Medium
St0051,2025,March,161,56,23,32,8,147798,96.0,2,4,1921374,4.5,4347,4267,80,High
St0051,2025,April,215,75,15,44,3,198660,73.8,0,0,1986600,4.4,6020,5789,231,Medium
St0051,2025,May,124,43,20,40,8,74152,88.6,4,16,1038128,4.1,3224,3137,87,High
St0051,2025,June,115,40,18,33,6,66700,71.5,3,15,1067200,3.6,3335,3289,46,Medium
St0051,2025,July,150,52,21,40,6,120900,75.0,4,20,1450800,4.3,3900,3846,54,Medium
St0051,2025,August,118,41,19,43,6,100300,82.5,3,3,1103300,4.3,2950,2901,49,High
St0051,2025,September,107,37,26,34,8,107856,96.1,0,0,1078560,4.1,2996,2877,119,High
St0051,2025,October,178,62,22,35,5,129050,93.9,3,3,2064800,4.5,5162,5035,127,High
St0051,2025,November,207,72,20,40,8,191268,71.6,3,15,2486484,4.0,5796,5760,36,Medium
St0051,2025,December,175,61,19,43,5,105000,86.1,0,0,1155000,4.4,4375,4224,151,High
St0052,2021,January,34,11,15,46,3,19278,64.3,0,0,289170,4.2,918,900,18,Medium
St0052,2021,February,48,16,16,34,5,25056,47.2,1,2,375840,4.5,1392,1373,19,Low
St0052,2021,March,43,15,17,38,6,20124,84.2,3,9,321984,4.2,1118,1095,23,High
St0052,2021,April,37,12,16,37,6,25974,45.9,1,2,233766,3.9,999,977,22,Low
St0052,2021,May,49,17,14,43,6,45864,62.0,2,8,412776,4.3,1274,1262,12,Medium
St0052,2021,June,37,12,22,34,8,17760,73.7,3,6,230880,4.3,888,870,18,Medium
St0052,2021,July,63,22,17,36,7,54054,76.8,1,1,702702,4.3,1638,1606,32,Medium
St0052,2021,August,58,20,16,46,5,62640,50.3,0,0,1002240,3.8,1740,1728,12,Low
St0052,2021,September,42,14,17,43,4,30576,75.1,1,3,428064,3.8,1176,1141,35,Medium
St0052,2021,October,53,18,10,31,3,33125,48.5,2,2,298125,4.6,1325,1306,19,Low
St0052,2021,November,77,26,16,43,5,64757,48.2,1,2,712327,4.1,2233,2191,42,Low
St0052,2021,December,40,14,21,37,8,34800,71.0,4,16,487200,4.4,1160,1134,26,Medium
St0052,2022,January,86,30,22,41,5,64500,77.7,1,5,709500,4.5,2150,2118,32,Medium
St0052,2022,February,80,28,20,31,8,75600,70.2,3,15,756000,4.6,2160,2101,59,Medium
St0052,2022,March,60,21,13,34,3,37800,63.1,2,8,567000,4.5,1800,1753,47,Medium
St0052,2022,April,72,25,16,43,6,56376,78.9,3,9,676512,4.1,1944,1927,17,Medium
St0052,2022,May,83,29,24,37,8,60175,81.2,3,9,962800,4.2,2407,2341,66,High
St0052,2022,June,61,21,21,37,6,45750,78.9,1,2,594750,3.8,1830,1794,36,Medium
St0052,2022,July,84,29,15,44,4,44688,49.9,1,2,402192,4.1,2352,2276,76,Low
St0052,2022,August,61,21,18,49,6,58560,78.4,2,6,761280,4.3,1830,1795,35,Medium
St0052,2022,September,83,29,12,43,5,51792,50.0,3,12,673296,3.7,1992,1931,61,Low
St0052,2022,October,96,33,14,44,3,83520,70.2,0,0,835200,4.5,2880,2853,27,Medium
St0052,2022,November,73,25,14,52,4,43800,68.3,3,3,700800,4.0,2190,2123,67,Medium
St0052,2022,December,80,28,14,47,6,76560,74.7,3,9,1071840,4.7,2320,2260,60,Medium
St0052,2023,January,84,29,16,33,6,65772,63.8,1,1,855036,4.0,2436,2419,17,Medium
St0052,2023,February,73,25,16,35,6,38106,79.1,2,4,609696,4.6,2117,2045,72,Medium
St0052,2023,March,98,34,21,33,6,58212,86.1,3,3,582120,3.6,2646,2582,64,High
St0052,2023,April,94,32,22,41,7,44650,90.8,0,0,714400,3.9,2350,2297,53,High
St0052,2023,May,94,32,19,51,4,58656,75.4,2,4,645216,4.3,2256,2214,42,Medium
St0052,2023,June,96,33,17,54,7,45600,72.5,0,0,410400,3.9,2400,2371,29,Medium
St0052,2023,July,56,19,16,30,4,33264,58.6,2,10,432432,4.0,1512,1497,15,Low
St0052,2023,August,56,19,16,50,7,47040,79.1,3,15,564480,4.0,1344,1294,50,Medium
St0052,2023,September,47,16,25,49,8,38775,90.8,1,1,581625,4.7,1175,1135,40,High
St0052,2023,October,59,20,18,44,5,30267,81.1,0,0,302670,4.7,1593,1533,60,High
St0052,2023,November,50,17,13,52,4,32400,60.9,3,6,518400,4.5,1350,1305,45,Medium
St0052,2023,December,55,19,17,38,6,44550,74.5,1,1,668250,4.7,1650,1634,16,Medium
St0052,2024,January,92,32,19,54,5,81328,77.7,0,0,731952,4.2,2392,2351,41,Medium
St0052,2024,February,107,37,14,41,5,52858,67.3,3,9,475722,3.6,2782,2684,98,Medium
St0052,2024,March,51,17,19,51,7,36975,80.9,0,0,369750,4.4,1275,1267,8,High
St0052,2024,April,98,34,21,35,6,48412,75.5,3,6,484120,3.8,2548,2524,24,Medium
St0052,2024,May,64,22,18,33,6,44544,55.5,1,2,579072,3.9,1856,1832,24,Low
St0052,2024,June,99,34,21,35,5,87516,74.6,0,0,1225224,4.8,2574,2491,83,Medium
St0052,2024,July,66,23,15,35,4,51678,56.3,2,2,671814,4.0,1782,1727,55,Low
St0052,2024,August,75,26,18,36,7,48750,75.6,2,2,682500,4.6,1950,1928,22,Medium
St0052,2024,September,69,24,14,51,4,44850,54.1,0,0,403650,4.5,1794,1766,28,Low
St0052,2024,October,69,24,20,52,7,51750,89.2,3,3,465750,4.4,2070,2025,45,High
St0052,2024,November,124,43,16,41,5,112840,72.7,1,4,1692600,4.7,3224,3145,79,Medium
St0052,2024,December,134,46,23,50,7,120600,80.2,2,6,1326600,4.2,4020,3877,143,High
St0052,2025,January,98,34,23,40,7,82026,93.2,0,0,902286,4.3,2646,2592,54,High
St0052,2025,February,70,24,23,33,6,75600,94.2,0,0,831600,4.3,2100,2036,64,High
St0052,2025,March,75,26,18,37,4,58500,89.3,2,10,760500,4.1,2250,2222,28,High
St0052,2025,April,61,21,20,41,8,28548,66.4,4,4,285480,3.6,1586,1529,57,Medium
St0052,2025,May,87,30,24,40,7,74646,91.5,2,4,746460,3.9,2262,2225,37,High
St0052,2025,June,79,27,17,52,4,45820,79.6,1,2,412380,4.7,2291,2239,52,Medium
St0052,2025,July,124,43,27,40,7,65100,95.9,1,2,716100,4.0,3100,3057,43,High
St0052,2025,August,103,36,18,52,6,59740,93.0,1,1,597400,4.0,2987,2912,75,High
St0052,2025,September,117,40,22,38,8,112320,86.7,2,4,1347840,4.5,3510,3457,53,High
St0052,2025,October,67,23,24,55,7,49848,88.4,3,15,598176,3.9,1608,1598,10,High
St0052,2025,November,94,32,26,42,6,47000,93.7,1,2,517000,4.4,2350,2321,29,High
St0052,2025,December,97,33,16,40,4,63050,58.0,1,4,1008800,4.2,2522,2463,59,Low
St0053,2021,January,139,48,17,43,4,90072,55.3,1,4,1261008,4.8,3336,3257,79,Low
St0053,2021,February,206,72,17,42,4,117832,60.6,4,8,1178320,4.2,5356,5182,174,Medium
St0053,2021,March,207,72,10,42,3,134550,45.4,4,16,2018250,3.9,5382,5341,41,Low
St0053,2021,April,133,46,21,31,7,134995,74.9,4,20,2159920,3.8,3857,3817,40,Medium
St0053,2021,May,226,79,16,39,7,115938,66.3,0,0,1159380,4.3,6102,5904,198,Medium
St0053,2021,June,141,49,19,41,5,72333,73.8,4,12,650997,4.5,3807,3684,123,Medium
St0053,2021,July,176,61,14,49,6,113344,62.3,2,2,1586816,4.6,4928,4886,42,Medium
St0053,2021,August,125,43,14,42,5,78000,48.5,3,3,780000,4.1,3250,3223,27,Low
St0053,2021,September,156,54,14,47,4,117936,68.5,1,4,1769040,4.7,4368,4218,150,Medium
St0053,2021,October,199,69,14,35,6,134325,46.4,2,10,1880550,4.5,4975,4789,186,Low
St0053,2021,November,185,64,17,30,4,116550,60.6,1,5,1748250,4.1,5550,5398,152,Medium
St0053,2021,December,219,76,10,39,2,187902,49.8,3,15,2442726,4.3,5694,5529,165,Low
St0053,2022,January,199,69,21,44,7,117012,77.2,4,16,1755180,4.2,5572,5374,198,Medium
St0053,2022,February,157,54,19,36,5,80541,83.9,1,2,724869,4.2,4239,4126,113,High
St0053,2022,March,142,49,14,41,5,122688,58.9,1,3,1840320,4.4,3834,3728,106,Low
St0053,2022,April,212,74,22,50,7,142464,73.1,4,12,2279424,4.2,5088,4930,158,Medium
St0053,2022,May,146,51,17,35,6,97382,87.0,4,4,1265966,4.2,4234,4079,155,High
St0053,2022,June,166,58,24,51,7,120848,81.0,3,3,1691872,4.4,4316,4261,55,High
St0053,2022,July,219,76,21,49,6,159432,76.7,4,20,1913184,3.9,5694,5637,57,Medium
St0053,2022,August,125,43,19,51,6,94250,62.9,2,6,1413750,4.1,3625,3546,79,Medium
St0053,2022,September,224,78,19,39,5,127008,55.1,2,4,1524096,4.2,6048,5969,79,Low
St0053,2022,October,185,64,22,48,7,98420,73.8,0,0,1279460,4.3,5180,5105,75,Medium
St0053,2022,November,168,58,12,36,5,133056,50.5,1,2,1995840,4.1,4032,3911,121,Low
St0053,2022,December,159,55,16,46,6,95400,77.9,1,1,858600,3.7,3975,3905,70,Medium
St0053,2023,January,194,67,15,34,4,197880,52.5,3,3,1780920,3.6,5820,5757,63,Low
St0053,2023,February,293,102,19,31,7,212425,88.5,0,0,2549100,4.9,8497,8316,181,High
St0053,2023,March,287,100,18,50,6,198030,86.1,3,3,2772420,4.4,8610,8556,54,High
St0053,2023,April,309,108,18,50,4,283662,80.8,3,9,3687606,4.2,8343,8031,312,High
St0053,2023,May,324,113,23,53,7,253692,83.1,1,2,3044304,3.8,8748,8446,302,High
St0053,2023,June,299,104,12,34,4,209898,61.6,3,9,1889082,4.5,7774,7661,113,Medium
St0053,2023,July,236,82,24,46,7,219480,85.9,2,10,3072720,4.2,7080,6912,168,High
St0053,2023,August,328,114,18,55,5,254200,82.9,4,16,3813000,4.0,8200,7917,283,High
St0053,2023,September,286,100,22,48,5,185900,77.0,1,4,2602600,4.3,7436,7228,208,Medium
St0053,2023,October,241,84,14,40,5,174725,62.8,4,16,2446150,3.9,6989,6735,254,Medium
St0053,2023,November,361,126,19,33,7,262808,82.0,0,0,2890888,4.5,9386,9190,196,High
St0053,2023,December,171,59,16,44,6,76950,66.9,3,3,692550,3.7,4275,4228,47,Medium
St0053,2024,January,226,79,13,54,6,184416,54.8,4,12,1844160,4.4,5424,5316,108,Low
St0053,2024,February,377,131,21,41,6,327990,91.0,2,6,4591860,3.8,11310,11017,293,High
St0053,2024,March,243,85,16,52,5,139968,81.5,1,1,1399680,4.4,5832,5743,89,High
St0053,2024,April,264,92,18,38,6,206976,56.8,3,3,3104640,3.7,7392,7324,68,Low
St0053,2024,May,269,94,21,34,7,265234,82.3,2,6,3448042,4.6,7801,7617,184,High
St0053,2024,June,312,109,22,50,6,316680,77.7,0,0,2850120,4.7,9048,8963,85,Medium
St0053,2024,July,237,82,18,34,7,247428,71.9,4,4,2969136,4.3,6873,6746,127,Medium
St0053,2024,August,205,71,12,45,6,160515,61.4,4,20,2086695,4.4,5535,5373,162,Medium
St0053,2024,September,200,70,18,32,6,165000,54.7,0,0,2475000,4.1,5000,4886,114,Low
St0053,2024,October,383,134,14,55,4,278824,65.5,4,12,3624712,4.5,9958,9640,318,Medium
St0053,2024,November,244,85,21,39,7,152256,85.4,0,0,2131584,3.8,5856,5701,155,High
St0053,2024,December,278,97,15,45,6,163464,62.0,4,8,1798104,4.3,7784,7577,207,Medium
St0053,2025,January,262,91,14,45,3,182352,58.6,0,0,2917632,3.9,7598,7485,113,Low
St0053,2025,February,383,134,25,38,9,351594,94.2,3,9,5273910,3.6,10341,10017,324,High
St0053,2025,March,273,95,19,34,4,191646,92.0,2,4,3066336,3.8,7371,7145,226,High
St0053,2025,April,228,79,18,46,6,213408,89.3,3,9,2134080,4.7,5928,5822,106,High
St0053,2025,May,236,82,17,33,7,152928,70.1,2,2,1529280,4.0,5664,5558,106,Medium
St0053,2025,June,207,72,19,51,4,145314,91.0,0,0,2325024,4.1,5382,5307,75,High
St0053,2025,July,193,67,23,33,8,156716,76.4,3,3,1880592,3.6,5404,5274,130,Medium
St0053,2025,August,251,87,16,34,7,125500,76.1,2,4,1631500,4.5,6275,6080,195,Medium
St0053,2025,September,283,99,20,39,5,252153,81.2,2,4,2773683,4.2,7641,7373,268,High
St0053,2025,October,433,151,20,36,7,238150,63.2,2,10,3334100,4.3,10825,10700,125,Medium
St0053,2025,November,398,139,14,38,6,380886,62.3,4,20,4951518,3.8,11542,11308,234,Medium
St0053,2025,December,378,132,19,37,5,260820,73.9,0,0,3651480,4.1,11340,10912,428,Medium
St0054,2021,January,266,93,19,32,7,199500,82.4,2,10,2194500,4.0,6650,6507,143,High
St0054,2021,February,187,65,20,43,5,84150,83.5,0,0,1009800,4.4,4675,4533,142,High
St0054,2021,March,255,89,13,51,6,162690,60.5,4,20,2277660,3.6,7395,7226,169,Medium
St0054,2021,April,220,77,13,45,5,133980,69.4,1,2,2009700,4.5,6380,6193,187,Medium
St0054,2021,May,191,66,15,34,6,182787,59.3,2,10,1645083,4.5,5539,5426,113,Low
St0054,2021,June,201,70,15,31,4,135876,68.9,1,1,1766388,4.5,5226,5122,104,Medium
St0054,2021,July,270,94,13,39,3,240570,64.6,2,10,2165130,4.4,7290,7250,40,Medium
St0054,2021,August,156,54,18,44,6,121680,83.0,0,0,1581840,4.9,4680,4501,179,High
St0054,2021,September,198,69,13,38,6,108900,64.0,3,15,980100,3.9,4950,4852,98,Medium
St0054,2021,October,312,109,23,37,6,227136,83.1,4,16,3634176,4.4,8736,8616,120,High
St0054,2021,November,237,82,16,52,6,119448,76.9,1,3,1194480,4.5,5688,5646,42,Medium
St0054,2021,December,170,59,15,30,3,79560,61.2,0,0,875160,4.8,4420,4375,45,Medium
St0054,2022,January,310,108,15,52,3,200880,76.2,4,20,2209680,4.3,8370,8182,188,Medium
St0054,2022,February,164,57,15,38,4,76752,55.4,2,8,1228032,4.3,4264,4134,130,Low
St0054,2022,March,171,59,12,47,3,100548,58.5,2,6,1106028,4.4,4788,4717,71,Low
St0054,2022,April,300,105,21,42,5,232500,73.9,0,0,2790000,4.8,7500,7424,76,Medium
St0054,2022,May,154,53,22,30,8,84700,76.5,0,0,762300,4.8,3850,3747,103,Medium
St0054,2022,June,224,78,22,34,6,174720,76.7,0,0,2620800,4.1,6720,6592,128,Medium
St0054,2022,July,227,79,20,30,8,171158,73.9,2,10,2396212,4.6,5902,5858,44,Medium
St0054,2022,August,258,90,23,30,5,136224,77.7,2,6,1907136,4.5,6192,5982,210,Medium
St0054,2022,September,296,103,22,45,5,230880,81.6,2,10,2539680,4.1,7696,7573,123,High
St0054,2022,October,267,93,9,33,4,176220,49.4,4,8,2819520,4.3,8010,7856,154,Low
St0054,2022,November,164,57,15,55,6,79704,74.2,2,6,1275264,3.8,4428,4315,113,Medium
St0054,2022,December,371,129,15,55,4,278250,71.5,1,2,2782500,4.1,11130,10847,283,Medium
St0054,2023,January,325,113,20,44,7,171600,77.8,1,5,2230800,4.6,7800,7702,98,Medium
St0054,2023,February,262,91,20,42,7,141480,70.4,3,15,1556280,3.7,7860,7621,239,Medium
St0054,2023,March,199,69,12,48,6,134325,63.1,1,3,1880550,4.3,5373,5286,87,Medium
St0054,2023,April,298,104,21,30,7,214560,80.4,0,0,2145600,3.9,8940,8772,168,High
St0054,2023,May,362,126,22,32,5,271500,86.9,2,8,3258000,3.8,9050,8874,176,High
St0054,2023,June,202,70,17,53,4,105444,61.2,3,15,1265328,4.6,5858,5659,199,Medium
St0054,2023,July,166,58,24,37,8,116200,82.1,2,6,1743000,4.4,4150,4030,120,High
St0054,2023,August,255,89,17,30,7,189720,76.0,0,0,2086920,4.6,6120,5966,154,Medium
St0054,2023,September,239,83,14,34,6,211276,61.3,4,4,3169140,4.4,6214,6048,166,Medium
St0054,2023,October,374,130,18,44,6,363528,82.6,2,10,4725864,4.6,10098,10043,55,High
St0054,2023,November,243,85,23,51,6,236196,75.7,3,6,2598156,4.2,6561,6478,83,Medium
St0054,2023,December,206,72,17,52,7,133488,77.5,0,0,1735344,4.7,5562,5497,65,Medium
St0054,2024,January,255,89,11,39,5,240975,57.0,0,0,2168775,4.4,6885,6831,54,Low
St0054,2024,February,292,102,19,45,4,189800,92.5,1,2,2657200,4.1,7300,7231,69,High
St0054,2024,March,360,125,22,48,7,233280,92.3,1,3,2799360,4.1,9720,9484,236,High
St0054,2024,April,302,105,26,41,6,202944,92.7,2,2,2435328,3.6,7248,6977,271,High
St0054,2024,May,225,78,16,31,7,195300,61.9,4,20,2929500,4.5,6300,6245,55,Medium
St0054,2024,June,281,98,17,36,7,155112,89.0,1,1,1706232,3.8,6744,6684,60,High
St0054,2024,July,438,153,19,30,7,354780,70.3,2,6,4966920,4.3,13140,12679,461,Medium
St0054,2024,August,339,118,17,48,6,167466,71.3,4,12,2344524,3.8,8814,8630,184,Medium
St0054,2024,September,320,112,16,38,7,232960,76.4,3,12,2329600,4.1,8960,8784,176,Medium
St0054,2024,October,266,93,15,44,3,239400,73.9,0,0,3112200,4.2,7980,7845,135,Medium
St0054,2024,November,422,147,15,32,3,189900,60.5,0,0,2088900,4.2,10550,10458,92,Medium
St0054,2024,December,286,100,20,36,5,237952,91.2,1,4,2379520,3.9,7436,7267,169,High
St0054,2025,January,351,122,18,44,5,235872,92.7,3,9,3538080,4.4,8424,8138,286,High
St0054,2025,February,369,129,26,30,7,230256,95.4,4,20,3223584,4.1,9594,9541,53,High
St0054,2025,March,220,77,22,35,8,110000,88.2,4,12,990000,3.8,5500,5306,194,High
St0054,2025,April,356,124,16,49,5,320044,80.1,3,15,4160572,4.5,10324,10248,76,High
St0054,2025,May,479,167,23,55,8,448344,96.3,3,3,4931784,3.9,12454,12372,82,High
St0054,2025,June,394,137,24,36,9,198576,86.7,2,4,1985760,3.9,9456,9319,137,High
St0054,2025,July,298,104,14,40,6,178204,58.5,2,6,1960244,3.7,7748,7685,63,Low
St0054,2025,August,389,136,11,45,5,326760,58.0,2,4,4574640,4.7,10892,10505,387,Low
St0054,2025,September,307,107,19,36,7,257880,96.0,1,4,3610320,3.8,7368,7282,86,High
St0054,2025,October,375,131,19,55,7,178125,70.3,4,4,2493750,3.7,9375,9232,143,Medium
St0054,2025,November,258,90,17,35,7,127452,72.6,4,20,2039232,3.5,6708,6542,166,Medium
St0054,2025,December,499,174,17,49,6,449100,59.8,3,15,6287400,3.7,12475,11979,496,Low
St0055,2021,January,164,57,13,33,6,123656,61.7,2,6,1854840,4.0,4264,4200,64,Medium
St0055,2021,February,143,50,19,32,4,68640,83.0,3,3,1029600,4.0,3432,3388,44,High
St0055,2021,March,127,44,19,55,6,67564,68.3,4,8,1013460,3.8,3556,3529,27,Medium
St0055,2021,April,145,50,21,37,7,119625,80.4,4,12,1794375,4.2,3625,3537,88,High
St0055,2021,May,116,40,11,37,2,90944,49.6,4,12,818496,4.1,3248,3181,67,Low
St0055,2021,June,125,43,20,37,7,97875,70.9,1,1,1076625,4.3,3625,3551,74,Medium
St0055,2021,July,108,37,18,49,4,77760,69.3,4,12,777600,4.1,2592,2496,96,Medium
St0055,2021,August,157,54,22,37,8,122460,80.4,4,20,1347060,4.4,4082,3925,157,High
St0055,2021,September,108,37,23,39,8,77760,75.2,2,6,699840,4.1,3240,3206,34,Medium
St0055,2021,October,126,44,16,54,7,87696,63.7,1,1,1140048,4.6,3654,3609,45,Medium
St0055,2021,November,147,51,18,45,4,110838,68.5,0,0,1219218,4.4,4263,4185,78,Medium
St0055,2021,December,140,49,18,37,5,79380,59.9,1,1,952560,4.3,3780,3705,75,Low
St0055,2022,January,189,66,13,42,6,122472,57.7,2,6,1469664,4.6,4536,4442,94,Low
St0055,2022,February,203,71,14,54,4,102312,59.0,0,0,1227744,4.5,5684,5523,161,Low
St0055,2022,March,187,65,20,41,6,188496,68.6,2,4,2827440,4.6,5236,5139,97,Medium
St0055,2022,April,137,47,15,48,6,90420,65.7,1,5,1446720,4.2,4110,4045,65,Medium
St0055,2022,May,144,50,19,35,5,82368,68.2,1,2,1317888,4.4,3744,3621,123,Medium
St0055,2022,June,120,42,14,45,6,68040,61.2,2,2,952560,4.5,3240,3191,49,Medium
St0055,2022,July,171,59,18,43,6,133893,65.6,4,16,2142288,4.0,4959,4924,35,Medium
St0055,2022,August,104,36,18,49,5,67600,87.4,2,4,946400,4.7,2704,2614,90,High
St0055,2022,September,165,57,20,44,6,107250,66.6,4,4,965250,3.8,4125,4061,64,Medium
St0055,2022,October,121,42,20,55,8,69696,73.0,1,4,975744,4.5,2904,2814,90,Medium
St0055,2022,November,137,47,17,32,4,110422,72.1,1,4,1545908,4.3,3562,3429,133,Medium
St0055,2022,December,157,54,20,44,6,152604,70.3,2,4,1373436,4.0,4239,4096,143,Medium
St0055,2023,January,135,47,16,32,7,87480,70.3,4,12,1137240,4.2,3240,3184,56,Medium
St0055,2023,February,224,78,15,40,3,193536,74.8,0,0,2128896,4.5,6048,5907,141,Medium
St0055,2023,March,151,52,22,34,5,105700,84.4,0,0,1585500,4.7,3775,3736,39,High
St0055,2023,April,240,84,22,45,7,168480,88.5,3,9,2358720,4.4,6480,6330,150,High
St0055,2023,May,133,46,22,40,7,143640,77.8,3,15,1580040,3.7,3990,3925,65,Medium
St0055,2023,June,198,69,15,50,3,163350,68.1,0,0,2613600,4.3,4950,4754,196,Medium
St0055,2023,July,198,69,17,53,5,156816,70.2,4,8,2352240,4.3,4752,4680,72,Medium
St0055,2023,August,215,75,11,37,2,141900,58.1,4,8,2270400,3.7,6450,6403,47,Low
St0055,2023,September,251,87,14,40,6,263550,60.1,2,10,2635500,4.7,7530,7244,286,Medium
St0055,2023,October,161,56,15,47,3,154560,70.6,2,6,1545600,3.8,4830,4784,46,Medium
St0055,2023,November,224,78,21,51,7,139776,80.7,1,5,1397760,4.5,5376,5258,118,High
St0055,2023,December,254,88,20,32,8,246888,88.8,4,16,2221992,3.9,6858,6770,88,High
St0055,2024,January,152,53,18,45,4,95000,81.1,3,3,855000,4.6,3800,3747,53,High
St0055,2024,February,235,82,25,30,9,183300,86.9,4,8,2199600,4.4,6110,5963,147,High
St0055,2024,March,166,58,13,43,4,139606,63.5,0,0,2233696,4.2,4814,4681,133,Medium
St0055,2024,April,268,93,21,55,5,181168,84.2,0,0,2717520,4.5,6968,6884,84,High
St0055,2024,May,187,65,23,41,7,141372,91.5,1,1,2261952,4.8,5049,4915,134,High
St0055,2024,June,219,76,17,42,6,197100,89.6,1,3,2168100,4.1,5475,5370,105,High
St0055,2024,July,220,77,16,36,6,121220,65.8,4,20,1939520,3.7,6380,6182,198,Medium
St0055,2024,August,251,87,26,32,9,126504,93.3,4,4,1518048,4.3,7028,6876,152,High
St0055,2024,September,218,76,22,50,8,147150,84.4,0,0,2207250,4.4,5886,5767,119,High
St0055,2024,October,222,77,21,33,5,133200,87.6,4,20,1998000,4.4,5328,5126,202,High
St0055,2024,November,196,68,22,39,6,164640,93.4,0,0,1811040,4.2,4704,4568,136,High
St0055,2024,December,147,51,12,46,5,74088,64.5,3,12,740880,3.6,4116,4004,112,Medium
St0055,2025,January,146,51,21,50,7,113880,90.0,1,5,1138800,4.1,3796,3679,117,High
St0055,2025,February,282,98,12,45,5,189504,62.9,3,12,2274048,3.8,6768,6522,246,Medium
St0055,2025,March,286,100,21,40,8,247104,92.6,3,6,3212352,4.3,6864,6748,116,High
St0055,2025,April,179,62,21,30,7,80550,70.9,4,12,1047150,3.6,4475,4319,156,Medium
St0055,2025,May,330,115,21,50,7,188760,78.2,0,0,2642640,4.8,8580,8377,203,Medium
St0055,2025,June,213,74,17,50,6,210018,58.1,0,0,2940252,4.2,6177,6003,174,Low
St0055,2025,July,147,51,19,34,4,115248,73.3,1,3,1498224,4.3,4116,3975,141,Medium
St0055,2025,August,275,96,24,36,7,221650,82.8,1,4,2881450,3.9,7150,7076,74,High
St0055,2025,September,189,66,20,37,5,127764,78.7,3,6,1660932,3.6,4914,4847,67,Medium
St0055,2025,October,248,86,16,31,6,167400,58.3,3,9,1506600,4.3,6200,6042,158,Low
St0055,2025,November,279,97,20,39,5,258912,76.8,2,2,3883680,4.3,8091,7998,93,Medium
St0055,2025,December,376,131,24,30,6,406080,95.8,4,8,5685120,3.9,11280,10864,416,High
St0056,2021,January,136,47,16,47,6,102816,55.9,3,12,1233792,4.1,3808,3724,84,Low
St0056,2021,February,120,42,16,44,6,104400,50.7,2,6,939600,4.6,3480,3432,48,Low
St0056,2021,March,165,57,18,44,4,128700,55.5,1,2,2059200,4.7,4950,4914,36,Low
St0056,2021,April,89,31,23,49,8,49840,78.3,2,6,498400,4.5,2492,2468,24,Medium
St0056,2021,May,72,25,19,38,6,50400,75.2,3,3,756000,3.9,1800,1760,40,Medium
St0056,2021,June,82,28,16,52,7,83230,71.6,2,10,1248450,4.0,2378,2305,73,Medium
St0056,2021,July,70,24,12,52,4,39900,51.1,3,3,638400,4.2,2100,2081,19,Low
St0056,2021,August,130,45,18,52,5,76440,73.1,3,6,1146600,3.7,3640,3524,116,Medium
St0056,2021,September,137,47,21,52,8,72884,65.7,4,20,1166144,4.0,3836,3739,97,Medium
St0056,2021,October,110,38,21,31,7,82500,75.8,2,2,742500,3.6,3300,3200,100,Medium
St0056,2021,November,166,58,20,39,8,107568,64.7,2,6,1505952,4.2,4482,4372,110,Medium
St0056,2021,December,141,49,17,46,5,74448,45.3,2,4,1042272,4.3,3384,3356,28,Low
St0056,2022,January,150,52,12,35,4,84000,54.2,0,0,1008000,4.6,4200,4138,62,Low
St0056,2022,February,126,44,18,33,5,88200,61.4,0,0,1323000,4.3,3528,3394,134,Medium
St0056,2022,March,111,38,14,53,5,65268,73.3,4,12,717948,4.2,3108,2985,123,Medium
St0056,2022,April,128,44,15,47,3,115200,59.2,4,16,1036800,3.6,3200,3098,102,Low
St0056,2022,May,184,64,14,50,5,149040,54.8,4,20,1937520,3.8,5520,5415,105,Low
St0056,2022,June,155,54,22,49,8,112375,77.1,1,3,1348500,4.8,3875,3721,154,Medium
St0056,2022,July,127,44,15,41,4,100584,68.3,4,8,905256,3.7,3048,3015,33,Medium
St0056,2022,August,136,47,18,34,7,74800,57.4,1,4,897600,4.6,3400,3276,124,Low
St0056,2022,September,90,31,13,40,5,79560,48.4,0,0,1272960,4.2,2340,2284,56,Low
St0056,2022,October,151,52,22,51,7,148886,83.6,1,3,2084404,3.9,4379,4230,149,High
St0056,2022,November,106,37,21,31,7,101442,80.9,3,15,1521630,4.2,3074,3022,52,High
St0056,2022,December,215,75,19,55,4,206400,82.5,1,1,3302400,4.1,6450,6415,35,High
St0056,2023,January,138,48,18,45,5,76038,70.6,4,20,1216608,4.1,4002,3855,147,Medium
St0056,2023,February,142,49,15,53,6,68160,51.1,0,0,1022400,4.5,3408,3388,20,Low
St0056,2023,March,123,43,20,42,6,110577,63.6,1,3,995193,4.3,3567,3462,105,Medium
St0056,2023,April,114,39,17,39,5,87552,61.2,0,0,1225728,4.7,2736,2673,63,Medium
St0056,2023,May,117,40,19,41,5,52650,60.9,0,0,473850,4.6,2925,2903,22,Medium
St0056,2023,June,169,59,21,52,7,109850,78.4,0,0,1537900,4.3,4394,4257,137,Medium
St0056,2023,July,171,59,13,55,6,167580,64.8,4,20,2346120,4.2,4788,4613,175,Medium
St0056,2023,August,124,43,19,50,4,118048,86.6,4,16,1652672,3.6,3472,3357,115,High
St0056,2023,September,210,73,20,55,7,201600,62.1,2,2,2016000,3.8,6300,6219,81,Medium
St0056,2023,October,129,45,20,33,7,127710,82.9,4,12,1915650,4.1,3870,3771,99,High
St0056,2023,November,266,93,10,37,5,231420,52.5,4,20,2314200,4.1,7980,7759,221,Low
St0056,2023,December,179,62,22,50,6,149823,70.1,1,2,1648053,4.7,4833,4695,138,Medium
St0056,2024,January,141,49,13,31,6,122388,58.5,0,0,1223880,4.7,3948,3808,140,Low
St0056,2024,February,272,95,25,31,7,236096,90.0,0,0,2360960,4.7,7616,7382,234,High
St0056,2024,March,208,72,18,45,4,193024,85.8,1,1,1737216,3.9,6032,5809,223,High
St0056,2024,April,269,94,19,44,6,185610,66.2,4,12,2227320,4.0,8070,8007,63,Medium
St0056,2024,May,116,40,21,30,8,75400,67.5,4,4,829400,3.8,2900,2841,59,Medium
St0056,2024,June,223,78,19,30,7,179738,60.4,4,4,1797380,4.1,5798,5722,76,Medium
St0056,2024,July,162,56,11,44,4,97200,55.8,2,8,1069200,4.5,4860,4807,53,Low
St0056,2024,August,252,88,18,51,4,151200,93.4,3,9,1965600,3.9,6048,5946,102,High
St0056,2024,September,203,71,15,51,3,116116,60.4,3,15,1161160,3.7,5278,5222,56,Medium
St0056,2024,October,168,58,16,47,7,100800,77.7,2,2,907200,3.9,4032,3905,127,Medium
St0056,2024,November,213,74,18,33,4,102240,87.8,3,15,1635840,4.0,5112,4944,168,High
St0056,2024,December,182,63,18,35,4,150150,79.8,4,4,2102100,4.3,4550,4456,94,Medium
St0056,2025,January,301,105,13,47,5,137256,64.3,3,12,1647072,4.3,7224,7042,182,Medium
St0056,2025,February,143,50,19,48,4,96096,63.3,4,20,864864,3.7,3432,3369,63,Medium
St0056,2025,March,242,84,21,41,8,127776,93.7,4,8,2044416,3.6,5808,5582,226,High
St0056,2025,April,239,83,21,41,7,220836,80.4,0,0,1987524,3.9,6692,6650,42,High
St0056,2025,May,257,89,25,43,8,153686,90.1,1,3,2458976,3.8,6682,6548,134,High
St0056,2025,June,147,51,19,37,7,128625,84.0,3,15,1414875,3.7,3675,3561,114,High
St0056,2025,July,214,74,21,55,7,160500,79.5,0,0,2247000,4.3,5350,5236,114,Medium
St0056,2025,August,156,54,19,37,4,144768,94.8,0,0,1881984,3.9,4524,4436,88,High
St0056,2025,September,246,86,16,53,5,151536,73.7,2,8,2273040,4.3,6888,6780,108,Medium
St0056,2025,October,232,81,23,44,8,181656,95.6,1,3,2906496,4.6,6728,6561,167,High
St0056,2025,November,335,117,23,46,5,251250,89.0,0,0,3266250,4.6,10050,9995,55,High
St0056,2025,December,331,115,17,30,5,196614,67.4,4,8,2359368,3.9,8937,8580,357,Medium
St0057,2021,January,201,70,16,46,6,122409,56.1,0,0,1101681,4.1,5829,5697,132,Low
St0057,2021,February,193,67,14,40,6,166752,66.6,1,3,1834272,4.3,4632,4563,69,Medium
St0057,2021,March,202,70,11,48,2,156550,49.8,2,4,1408950,4.6,5050,5018,32,Low
St0057,2021,April,197,68,21,51,6,133172,76.5,0,0,1598064,4.1,5122,4948,174,Medium
St0057,2021,May,146,51,15,55,3,69350,79.9,3,15,970900,3.9,3650,3535,115,Medium
St0057,2021,June,138,48,18,35,5,72450,71.8,0,0,796950,4.2,3450,3376,74,Medium
St0057,2021,July,174,60,13,34,6,140244,61.3,2,4,1402440,4.3,4524,4409,115,Medium
St0057,2021,August,162,56,16,30,6,133650,57.3,0,0,1202850,4.9,4050,4003,47,Low
St0057,2021,September,133,46,19,36,6,96425,80.0,3,12,867825,4.2,3325,3230,95,Medium
St0057,2021,October,238,83,16,54,6,119000,63.2,1,1,1428000,4.7,5950,5879,71,Medium
St0057,2021,November,137,47,15,39,6,79460,62.8,3,3,715140,4.5,3973,3903,70,Medium
St0057,2021,December,128,44,11,34,3,138240,55.1,2,4,1797120,4.4,3840,3712,128,Low
St0057,2022,January,231,80,10,53,4,138600,51.2,4,4,1524600,4.6,5775,5621,154,Low
St0057,2022,February,242,84,11,31,4,114950,54.0,3,12,1149500,4.0,6050,5984,66,Low
St0057,2022,March,227,79,13,30,4,184324,57.5,3,3,2396212,4.4,6583,6337,246,Low
St0057,2022,April,187,65,19,33,4,178959,56.1,1,3,1610631,4.5,5423,5226,197,Low
St0057,2022,May,191,66,19,42,6,89388,56.4,4,12,1340820,4.1,4966,4831,135,Low
St0057,2022,June,222,77,20,42,6,173160,83.8,1,1,2251080,4.3,6660,6615,45,High
St0057,2022,July,225,78,13,33,5,140625,62.1,2,2,1265625,4.3,5625,5466,159,Medium
St0057,2022,August,140,49,18,48,7,127400,82.6,3,9,1656200,4.2,3640,3505,135,High
St0057,2022,September,144,50,17,43,6,82800,72.2,0,0,993600,3.8,3600,3529,71,Medium
St0057,2022,October,248,86,16,44,4,193440,65.8,0,0,1934400,3.8,7440,7298,142,Medium
St0057,2022,November,265,92,18,46,4,164565,78.1,1,1,1974780,4.6,7155,7051,104,Medium
St0057,2022,December,165,57,14,53,6,134640,53.3,1,1,2019600,4.1,3960,3910,50,Low
St0057,2023,January,186,65,18,30,6,89280,79.4,2,4,1339200,3.8,4464,4423,41,Medium
St0057,2023,February,145,50,17,36,6,76125,83.2,0,0,837375,4.2,3625,3509,116,High
St0057,2023,March,221,77,17,48,6,119340,85.2,4,4,1193400,4.3,6630,6392,238,High
St0057,2023,April,166,58,12,35,5,147906,64.7,2,4,1922778,4.7,4482,4435,47,Medium
St0057,2023,May,160,56,19,40,4,103040,81.2,1,2,927360,4.6,4480,4307,173,High
St0057,2023,June,220,77,19,30,5,131560,71.5,3,6,1841840,4.6,5720,5634,86,Medium
St0057,2023,July,192,67,24,46,6,124800,86.6,4,20,1872000,4.3,4800,4758,42,High
St0057,2023,August,247,86,22,52,8,179816,85.1,1,5,1977976,3.9,6422,6250,172,High
St0057,2023,September,286,100,15,40,4,283140,66.3,1,1,4247100,4.2,8580,8413,167,Medium
St0057,2023,October,231,80,16,52,7,130977,66.7,2,6,1178793,4.2,6237,6170,67,Medium
St0057,2023,November,236,82,12,43,3,141128,64.1,1,3,1552408,4.8,6136,5920,216,Medium
St0057,2023,December,240,84,18,54,4,155520,62.6,2,2,1866240,4.4,5760,5542,218,Medium
St0057,2024,January,176,61,20,42,6,183744,62.6,4,12,2756160,3.7,5104,4961,143,Medium
St0057,2024,February,193,67,23,54,7,182385,91.4,0,0,2006235,4.5,5211,5136,75,High
St0057,2024,March,279,97,20,51,7,150660,84.6,2,10,2259900,4.4,7533,7243,290,High
St0057,2024,April,164,57,15,30,3,152192,62.1,1,4,1369728,4.0,4756,4596,160,Medium
St0057,2024,May,346,121,20,34,5,232512,62.8,0,0,3022656,4.1,9688,9468,220,Medium
St0057,2024,June,267,93,19,43,7,185832,71.1,4,12,2044152,3.7,6408,6188,220,Medium
St0057,2024,July,266,93,17,33,7,269990,68.0,3,3,2429910,3.9,7714,7487,227,Medium
St0057,2024,August,160,56,20,45,7,102080,90.0,2,6,1429120,3.7,4640,4498,142,High
St0057,2024,September,246,86,21,32,6,123000,79.5,1,3,1353000,4.0,6150,6114,36,Medium
St0057,2024,October,383,134,17,46,5,275760,60.6,2,10,3309120,4.4,9192,9126,66,Medium
St0057,2024,November,349,122,22,51,8,303630,71.8,0,0,4858080,4.6,10470,10328,142,Medium
St0057,2024,December,224,78,12,43,4,151424,55.2,1,5,2271360,3.9,5824,5605,219,Low
St0057,2025,January,261,91,19,43,6,225504,96.5,1,5,3608064,4.2,7047,6972,75,High
St0057,2025,February,231,80,25,47,6,121275,95.1,3,6,1819125,4.1,5775,5697,78,High
St0057,2025,March,373,130,23,41,6,302130,76.1,0,0,3323430,4.3,11190,10955,235,Medium
St0057,2025,April,376,131,13,32,5,218080,65.5,4,4,3053120,4.1,10904,10649,255,Medium
St0057,2025,May,172,60,18,35,6,107328,82.0,2,2,1717248,4.4,4472,4342,130,High
St0057,2025,June,205,71,16,55,4,214020,63.4,4,16,2568240,3.8,5945,5839,106,Medium
St0057,2025,July,276,96,16,48,6,216384,79.1,0,0,2163840,4.4,7728,7682,46,Medium
St0057,2025,August,353,123,16,39,7,330408,76.0,1,3,3634488,4.2,9178,9001,177,Medium
St0057,2025,September,257,89,23,51,7,186325,78.2,1,3,2608550,3.9,7453,7368,85,Medium
St0057,2025,October,387,135,23,48,5,383130,86.3,0,0,4597560,4.0,11610,11384,226,High
St0057,2025,November,368,128,16,51,5,220800,66.5,4,4,2870400,4.5,11040,10930,110,Medium
St0057,2025,December,296,103,25,45,9,191808,90.6,4,8,2493504,4.3,7104,7050,54,High
St0058,2021,January,92,32,17,36,7,52440,76.8,4,4,576840,3.7,2760,2732,28,Medium
St0058,2021,February,56,19,13,53,6,38976,55.5,1,5,428736,4.1,1344,1332,12,Low
St0058,2021,March,72,25,18,33,4,73440,55.0,4,8,660960,3.9,2160,2134,26,Low
St0058,2021,April,95,33,16,47,5,76950,45.9,3,12,692550,3.9,2565,2486,79,Low
St0058,2021,May,85,29,17,47,7,80920,63.8,2,6,1294720,4.4,2380,2318,62,Medium
St0058,2021,June,50,17,18,44,5,49300,75.1,0,0,493000,4.0,1450,1431,19,Medium
St0058,2021,July,44,15,12,41,5,44352,49.9,0,0,620928,4.4,1232,1223,9,Low
St0058,2021,August,92,32,15,43,3,75072,77.8,2,10,750720,4.5,2208,2147,61,Medium
St0058,2021,September,51,17,17,54,7,34272,61.9,2,10,479808,4.0,1428,1370,58,Medium
St0058,2021,October,77,26,16,49,5,33264,72.7,4,16,365904,3.9,1848,1792,56,Medium
St0058,2021,November,48,16,18,54,6,40176,75.5,3,15,401760,3.8,1296,1284,12,Medium
St0058,2021,December,95,33,14,32,4,46930,72.2,3,3,469300,3.6,2470,2377,93,Medium
St0058,2022,January,88,30,19,51,5,87120,76.0,0,0,1306800,4.3,2640,2580,60,Medium
St0058,2022,February,107,37,18,53,4,68266,63.6,2,10,750926,4.5,3103,3045,58,Medium
St0058,2022,March,79,27,17,48,4,49375,64.1,0,0,641875,4.3,1975,1928,47,Medium
St0058,2022,April,91,31,19,39,7,68614,76.1,0,0,686140,4.7,2366,2283,83,Medium
St0058,2022,May,104,36,21,32,6,66352,87.3,2,4,796224,4.3,3016,2957,59,High
St0058,2022,June,56,19,19,45,5,34944,61.5,1,4,454272,3.9,1344,1311,33,Medium
St0058,2022,July,76,26,16,37,4,62700,66.3,3,15,689700,4.3,1900,1835,65,Medium
St0058,2022,August,105,36,14,43,3,56700,55.9,1,3,793800,3.8,2835,2810,25,Low
St0058,2022,September,84,29,22,37,6,42336,82.0,3,12,550368,3.7,2352,2288,64,High
St0058,2022,October,117,40,16,48,5,91260,55.4,1,4,1460160,4.3,3510,3488,22,Low
St0058,2022,November,86,30,21,31,7,47472,76.0,4,4,522192,4.3,2064,2043,21,Medium
St0058,2022,December,96,33,18,44,5,66240,81.4,0,0,794880,3.9,2880,2791,89,High
St0058,2023,January,125,43,17,45,6,108000,87.1,2,2,1080000,4.5,3000,2940,60,High
St0058,2023,February,120,42,24,37,8,103680,82.4,0,0,1036800,3.8,2880,2776,104,High
St0058,2023,March,132,46,16,31,4,91080,51.1,0,0,1184040,4.7,3960,3822,138,Low
St0058,2023,April,57,19,23,53,6,42750,89.3,2,10,384750,4.1,1710,1675,35,High
St0058,2023,May,95,33,17,35,7,84645,53.9,3,3,1015740,4.1,2565,2519,46,Low
St0058,2023,June,100,35,21,35,8,93000,83.1,3,3,930000,3.9,3000,2889,111,High
St0058,2023,July,128,44,14,31,5,138240,59.4,0,0,1520640,4.2,3840,3713,127,Low
St0058,2023,August,92,32,17,44,4,78936,70.1,3,6,1184040,4.2,2392,2350,42,Medium
St0058,2023,September,121,42,19,34,4,91234,84.8,3,3,1459744,4.0,3146,3081,65,High
St0058,2023,October,126,44,16,41,4,74088,62.6,2,4,740880,4.4,3528,3496,32,Medium
St0058,2023,November,133,46,21,55,8,67032,89.8,4,8,1005480,4.2,3724,3625,99,High
St0058,2023,December,95,33,21,49,5,78375,82.8,2,4,705375,4.0,2375,2342,33,High
St0058,2024,January,124,43,22,35,8,61256,82.2,1,4,980096,3.8,3224,3203,21,High
St0058,2024,February,112,39,18,43,4,63504,57.9,2,4,952560,4.1,3024,2954,70,Low
St0058,2024,March,102,35,17,46,6,65688,72.7,3,15,656880,3.9,2856,2792,64,Medium
St0058,2024,April,151,52,23,42,6,137410,85.9,1,5,1511510,3.9,3926,3796,130,High
St0058,2024,May,86,30,23,49,5,55728,91.4,0,0,613008,4.6,2322,2266,56,High
St0058,2024,June,83,29,18,33,6,41500,61.4,4,12,498000,4.0,2075,1995,80,Medium
St0058,2024,July,82,28,13,35,4,66420,55.6,2,2,863460,4.0,2460,2396,64,Low
St0058,2024,August,86,30,17,48,5,79808,59.1,3,9,1197120,4.1,2494,2410,84,Low
St0058,2024,September,91,31,17,32,6,76440,58.5,0,0,993720,4.0,2184,2102,82,Low
St0058,2024,October,145,50,20,50,6,90045,83.5,2,4,990495,4.2,3915,3888,27,High
St0058,2024,November,120,42,17,48,5,86400,82.2,0,0,1123200,4.0,2880,2821,59,High
St0058,2024,December,142,49,21,54,6,61344,72.2,2,2,736128,4.1,3408,3350,58,Medium
St0058,2025,January,120,42,15,52,3,106920,68.1,4,4,1069200,4.4,3240,3134,106,Medium
St0058,2025,February,163,57,21,30,5,138550,86.4,3,12,1385500,4.1,4075,3952,123,High
St0058,2025,March,136,47,20,51,8,81600,91.5,2,4,816000,4.2,4080,3979,101,High
St0058,2025,April,144,50,20,41,5,100800,63.8,0,0,1612800,4.7,3600,3546,54,Medium
St0058,2025,May,171,59,12,46,4,129276,57.8,0,0,1551312,4.3,4617,4575,42,Low
St0058,2025,June,113,39,17,46,7,75371,81.3,4,20,753710,4.4,3277,3219,58,High
St0058,2025,July,105,36,20,33,7,73500,63.4,2,2,882000,3.9,2940,2877,63,Medium
St0058,2025,August,141,49,24,31,8,148050,88.5,4,12,1628550,4.4,4230,4160,70,High
St0058,2025,September,171,59,19,50,6,133893,85.0,4,16,1338930,3.9,4959,4771,188,High
St0058,2025,October,180,62,20,50,7,120960,73.4,3,15,1935360,3.6,5040,4839,201,Medium
St0058,2025,November,188,65,20,38,7,177660,69.3,1,1,2842560,4.0,5076,4919,157,Medium
St0058,2025,December,100,35,22,55,8,88400,72.0,0,0,884000,4.7,2600,2520,80,Medium
St0059,2021,January,150,52,14,35,3,120000,73.0,3,6,1080000,4.0,3750,3640,110,Medium
St0059,2021,February,111,38,18,34,4,112665,51.2,4,4,1577310,3.7,3219,3112,107,Low
St0059,2021,March,115,40,16,33,7,105570,46.2,2,2,1583550,4.1,3105,3058,47,Low
St0059,2021,April,86,30,15,53,6,69660,65.7,4,12,905580,3.5,2322,2294,28,Medium
St0059,2021,May,124,43,19,33,5,106392,65.4,0,0,1276704,4.0,3224,3139,85,Medium
St0059,2021,June,104,36,17,46,5,81536,57.4,3,3,1059968,4.1,2912,2844,68,Low
St0059,2021,July,192,67,17,54,7,138240,56.2,2,4,1244160,4.1,5760,5571,189,Low
St0059,2021,August,171,59,15,39,5,137826,69.6,2,2,1378260,4.5,4446,4313,133,Medium
St0059,2021,September,137,47,22,37,8,108504,82.1,3,6,1736064,4.3,3288,3267,21,High
St0059,2021,October,160,56,24,30,9,129600,82.6,1,4,1944000,3.8,4320,4184,136,High
St0059,2021,November,153,53,15,31,6,123930,57.4,2,4,1487160,3.7,4590,4434,156,Low
St0059,2021,December,154,53,18,40,5,103950,71.2,0,0,1039500,4.6,4158,4114,44,Medium
St0059,2022,January,229,80,20,41,8,172666,86.0,1,2,1899326,3.8,5954,5850,104,High
St0059,2022,February,222,77,19,41,5,126984,64.2,2,6,1650792,4.3,5772,5685,87,Medium
St0059,2022,March,214,74,20,49,6,123264,79.2,2,6,1725696,4.4,5136,5069,67,Medium
St0059,2022,April,108,37,11,55,2,54432,59.7,2,2,598752,4.5,2592,2503,89,Low
St0059,2022,May,192,67,11,38,3,104832,56.1,0,0,1257984,4.0,4992,4875,117,Low
St0059,2022,June,216,75,20,41,8,102600,82.7,3,12,1333800,3.8,5400,5263,137,High
St0059,2022,July,191,66,12,37,4,162350,51.2,1,2,1785850,3.8,4775,4585,190,Low
St0059,2022,August,218,76,18,33,5,215820,87.9,0,0,2589840,4.5,6540,6426,114,High
St0059,2022,September,152,53,18,55,7,96976,64.6,3,9,1454640,4.1,4408,4334,74,Medium
St0059,2022,October,166,58,21,41,5,145250,75.2,3,6,2178750,3.6,4150,4111,39,Medium
St0059,2022,November,200,70,14,40,5,124800,64.3,1,2,1123200,4.4,4800,4747,53,Medium
St0059,2022,December,268,93,18,40,6,146328,70.3,0,0,2194920,4.2,6968,6710,258,Medium
St0059,2023,January,201,70,14,51,4,104520,57.2,1,1,1045200,4.0,5226,5041,185,Low
St0059,2023,February,174,60,19,41,5,91872,66.4,2,10,826848,3.8,4176,4154,22,Medium
St0059,2023,March,200,70,20,38,8,162400,81.2,0,0,1786400,4.4,5600,5413,187,High
St0059,2023,April,195,68,23,43,6,101400,84.2,3,3,1622400,3.7,5070,4897,173,High
St0059,2023,May,228,79,15,51,5,123120,57.7,4,20,1108080,4.2,6840,6721,119,Low
St0059,2023,June,232,81,15,30,4,110200,73.5,2,4,1212200,3.7,5800,5706,94,Medium
St0059,2023,July,238,83,18,49,4,160650,70.3,0,0,2570400,4.3,6426,6299,127,Medium
St0059,2023,August,237,82,17,30,6,147177,72.2,2,10,2354832,4.6,6399,6315,84,Medium
St0059,2023,September,222,77,16,48,7,198912,61.2,0,0,1790208,4.0,6216,6006,210,Medium
St0059,2023,October,325,113,22,44,7,263900,90.4,0,0,3694600,4.0,9425,9269,156,High
St0059,2023,November,212,74,24,30,9,154548,82.8,2,4,1700028,4.4,5724,5658,66,High
St0059,2023,December,239,83,20,32,5,223704,89.5,4,20,3131856,3.7,6214,6157,57,High
St0059,2024,January,244,85,19,44,5,170800,56.2,0,0,2220400,4.7,6832,6796,36,Low
St0059,2024,February,169,59,13,50,4,161733,64.8,4,8,2264262,4.5,4901,4737,164,Medium
St0059,2024,March,222,77,13,47,3,179820,61.5,2,10,2877120,3.6,5994,5879,115,Medium
St0059,2024,April,322,112,22,46,8,317492,71.6,1,4,4444888,4.6,9338,9249,89,Medium
St0059,2024,May,307,107,19,53,5,199550,84.3,3,6,2594150,4.5,7675,7570,105,High
St0059,2024,June,169,59,18,34,7,109512,93.4,4,8,1642680,3.8,4563,4393,170,High
St0059,2024,July,308,107,24,46,6,238700,90.0,4,8,3341800,4.6,7700,7481,219,High
St0059,2024,August,148,51,18,45,5,107300,80.2,1,2,1502200,4.3,3700,3583,117,High
St0059,2024,September,174,60,20,38,6,121104,87.2,0,0,1211040,4.3,4176,4088,88,High
St0059,2024,October,301,105,21,30,7,316050,68.7,3,6,2844450,4.6,9030,8887,143,Medium
St0059,2024,November,210,73,21,40,6,109200,90.1,1,1,1638000,3.9,5460,5273,187,High
St0059,2024,December,221,77,17,46,7,182325,61.6,1,5,2734875,4.7,5525,5391,134,Medium
St0059,2025,January,342,119,23,38,6,297540,89.7,4,12,2677860,3.9,9918,9599,319,High
St0059,2025,February,346,121,15,34,4,373680,69.1,2,8,3736800,3.9,10380,10088,292,Medium
St0059,2025,March,304,106,23,43,8,182400,83.9,4,4,2736000,3.8,7296,7069,227,High
St0059,2025,April,380,133,21,45,5,291840,86.3,3,12,4085760,4.0,9120,8862,258,High
St0059,2025,May,223,78,18,35,4,189550,85.2,4,12,2653700,4.0,5575,5440,135,High
St0059,2025,June,163,57,15,46,6,132356,70.4,2,4,1852984,4.7,4727,4669,58,Medium
St0059,2025,July,252,88,19,44,6,117936,79.6,4,8,1769040,4.4,6552,6403,149,Medium
St0059,2025,August,214,74,15,32,5,202230,76.3,4,20,1820070,4.0,5778,5685,93,Medium
St0059,2025,September,242,84,24,48,9,203280,93.3,3,15,3049200,4.2,6776,6656,120,High
St0059,2025,October,436,152,21,51,7,305200,96.5,4,20,4578000,4.1,10900,10585,315,High
St0059,2025,November,411,143,15,47,3,226461,72.9,0,0,2264610,4.3,11919,11704,215,Medium
St0059,2025,December,275,96,20,34,5,222750,95.3,1,4,2895750,3.7,8250,8040,210,High
St0060,2021,January,143,50,22,48,6,78936,75.9,1,1,1262976,4.4,3432,3309,123,Medium
St0060,2021,February,198,69,14,35,4,123552,68.5,2,10,1853280,4.2,5148,5005,143,Medium
St0060,2021,March,95,33,13,30,3,71630,65.8,0,0,1146080,4.7,2470,2412,58,Medium
St0060,2021,April,210,73,17,55,6,214200,66.0,4,12,2356200,4.5,6300,6094,206,Medium
St0060,2021,May,174,60,24,54,6,140244,82.8,1,4,1823172,4.4,4524,4476,48,High
St0060,2021,June,136,47,10,43,5,81600,47.0,1,5,816000,4.7,4080,3973,107,Low
St0060,2021,July,174,60,15,52,6,117450,62.2,1,1,1291950,4.6,4698,4588,110,Medium
St0060,2021,August,181,63,21,50,6,78192,79.6,0,0,1016496,4.8,4344,4258,86,Medium
St0060,2021,September,157,54,15,37,3,76302,50.0,2,10,839322,4.6,4239,4134,105,Low
St0060,2021,October,231,80,13,48,5,187572,64.3,2,10,1875720,4.3,6468,6250,218,Medium
St0060,2021,November,134,46,12,36,6,112560,63.6,4,16,1125600,4.3,3216,3173,43,Medium
St0060,2021,December,125,43,16,48,5,82500,81.8,1,2,1320000,4.6,3750,3723,27,High
St0060,2022,January,261,91,21,32,7,237510,76.0,0,0,2850120,4.1,6786,6522,264,Medium
St0060,2022,February,174,60,21,47,8,108576,69.0,4,16,1411488,3.6,4176,4103,73,Medium
St0060,2022,March,143,50,21,44,8,78650,74.2,2,2,786500,4.3,3575,3542,33,Medium
St0060,2022,April,176,61,14,47,4,151008,54.0,0,0,2114112,4.2,4576,4525,51,Low
St0060,2022,May,263,92,15,42,5,208296,53.3,2,8,3332736,3.7,6312,6176,136,Low
St0060,2022,June,129,45,22,53,6,86688,82.3,0,0,1126944,4.5,3096,2977,119,High
St0060,2022,July,192,67,15,45,3,178176,74.2,2,8,2494464,4.7,5568,5380,188,Medium
St0060,2022,August,226,79,17,48,6,210180,67.7,3,9,2311980,4.3,6780,6705,75,Medium
St0060,2022,September,199,69,24,50,9,191040,82.9,1,5,2101440,4.0,5970,5791,179,High
St0060,2022,October,194,67,20,36,8,146276,83.1,0,0,1462760,4.0,5626,5562,64,High
St0060,2022,November,188,65,21,48,5,89300,84.5,4,12,1250200,4.2,4700,4535,165,High
St0060,2022,December,182,63,17,30,4,122850,69.7,0,0,1105650,4.2,4550,4494,56,Medium
St0060,2023,January,272,95,16,46,7,136000,72.4,3,3,2176000,4.5,6800,6763,37,Medium
St0060,2023,February,174,60,24,30,8,156600,82.4,0,0,1879200,4.2,5220,5019,201,High
St0060,2023,March,232,81,16,54,7,194184,77.0,0,0,1941840,4.6,6264,6023,241,Medium
St0060,2023,April,211,73,20,45,7,122380,67.5,4,4,1346180,3.9,6119,6031,88,Medium
St0060,2023,May,154,53,25,49,6,83160,90.4,1,2,831600,4.1,4620,4493,127,High
St0060,2023,June,170,59,14,46,6,152830,74.9,4,20,2445280,4.4,4930,4735,195,Medium
St0060,2023,July,238,83,11,41,4,185640,59.8,4,4,2413320,3.9,7140,6861,279,Low
St0060,2023,August,231,80,17,32,4,199584,62.7,3,3,2993760,3.8,6237,6047,190,Medium
St0060,2023,September,272,95,19,47,5,195840,66.9,1,4,2937600,4.4,8160,7938,222,Medium
St0060,2023,October,172,60,21,36,5,185760,83.4,3,3,1671840,4.3,5160,5011,149,High
St0060,2023,November,267,93,11,49,5,240300,52.7,2,2,2883600,4.5,6675,6451,224,Low
St0060,2023,December,186,65,10,41,3,164424,52.8,2,6,2301936,4.4,4836,4752,84,Low
St0060,2024,January,339,118,19,32,7,290862,78.7,3,15,3781206,4.4,8814,8507,307,Medium
St0060,2024,February,231,80,23,40,7,131670,86.9,0,0,1711710,3.9,6930,6872,58,High
St0060,2024,March,376,131,18,32,6,335016,88.3,3,15,3685176,4.4,10152,9851,301,High
St0060,2024,April,297,103,20,50,5,180873,89.8,2,10,2351349,4.7,8613,8283,330,High
St0060,2024,May,187,65,14,48,6,151844,73.4,3,12,1822128,4.4,5423,5213,210,Medium
St0060,2024,June,340,118,15,50,6,187000,60.5,3,12,2244000,4.0,8500,8369,131,Medium
St0060,2024,July,260,91,17,30,6,175500,67.9,3,3,1579500,4.5,6500,6457,43,Medium
St0060,2024,August,348,121,21,30,8,198360,78.6,4,12,2975400,4.0,10440,10386,54,Medium
St0060,2024,September,204,71,12,30,4,97920,62.8,0,0,979200,4.4,4896,4835,61,Medium
St0060,2024,October,201,70,18,43,5,115776,89.4,1,2,1852416,3.8,4824,4670,154,High
St0060,2024,November,415,145,21,35,7,249000,86.1,4,8,3735000,3.5,12450,12263,187,High
St0060,2024,December,254,88,21,48,5,152400,65.2,4,16,2286000,4.0,6350,6295,55,Medium
St0060,2025,January,315,110,16,47,4,210105,64.3,0,0,2101050,4.4,9135,8843,292,Medium
St0060,2025,February,380,133,22,47,8,319200,76.9,0,0,4788000,4.4,10640,10541,99,Medium
St0060,2025,March,221,77,23,35,6,224315,84.1,2,10,2691780,4.5,6409,6222,187,High
St0060,2025,April,218,76,19,52,6,147150,60.8,3,6,1618650,4.6,5886,5704,182,Medium
St0060,2025,May,322,112,14,43,4,251160,74.4,4,16,2762760,4.0,8372,8180,192,Medium
St0060,2025,June,256,89,20,50,5,145152,78.8,2,6,1451520,4.2,6912,6679,233,Medium
St0060,2025,July,331,115,21,54,7,190325,94.7,3,15,2093575,3.7,8275,8140,135,High
St0060,2025,August,194,67,11,48,2,104760,58.3,4,8,1466640,3.9,5820,5772,48,Low
St0060,2025,September,188,65,12,36,5,125396,59.7,3,15,1128564,4.1,5452,5407,45,Low
St0060,2025,October,371,129,19,39,6,332416,80.9,3,9,3324160,4.0,10388,10168,220,High
St0060,2025,November,424,148,15,30,5,305280,65.7,3,9,4579200,4.2,10176,10099,77,Medium
St0060,2025,December,364,127,26,40,8,189280,91.5,1,1,2839200,4.2,9464,9173,291,High
St0061,2021,January,181,63,13,44,5,195480,54.2,2,2,3127680,4.5,5430,5306,124,Low
St0061,2021,February,184,64,16,51,6,112056,78.8,2,2,1008504,4.7,5336,5265,71,Medium
St0061,2021,March,129,45,19,35,7,71079,60.2,4,16,1066185,3.7,3741,3697,44,Medium
St0061,2021,April,188,65,18,53,7,127088,75.6,1,5,1270880,4.0,4888,4785,103,Medium
St0061,2021,May,217,75,15,43,6,212660,54.0,2,2,3189900,4.6,6076,5990,86,Low
St0061,2021,June,176,61,13,37,5,172480,59.7,4,20,1897280,3.6,4928,4836,92,Low
St0061,2021,July,118,41,21,32,7,73750,75.7,0,0,737500,4.4,2950,2852,98,Medium
St0061,2021,August,108,37,18,39,6,81000,56.8,3,3,1053000,3.7,2700,2645,55,Low
St0061,2021,September,163,57,18,44,4,105624,55.8,0,0,1056240,4.3,3912,3821,91,Low
St0061,2021,October,258,90,17,48,6,173376,62.8,1,5,2080512,4.1,7224,6989,235,Medium
St0061,2021,November,259,90,16,49,5,217819,71.7,1,5,3485104,3.8,7511,7457,54,Medium
St0061,2021,December,147,51,13,30,4,110838,59.7,3,9,1773408,4.4,4263,4117,146,Low
St0061,2022,January,253,88,16,34,7,127512,55.4,1,4,1912680,3.7,6072,5981,91,Low
St0061,2022,February,145,50,15,37,6,83520,74.5,1,1,751680,4.0,3480,3410,70,Medium
St0061,2022,March,117,40,19,49,5,101088,59.4,0,0,1415232,3.8,3159,3033,126,Low
St0061,2022,April,256,89,14,53,5,124416,48.1,1,5,1866240,4.1,6912,6819,93,Low
St0061,2022,May,242,84,13,44,5,149072,53.7,2,6,2087008,4.5,6776,6549,227,Low
St0061,2022,June,213,74,16,31,5,184032,77.1,2,10,2208384,3.9,5751,5676,75,Medium
St0061,2022,July,226,79,9,54,3,105768,48.5,4,20,1374984,4.0,5876,5653,223,Low
St0061,2022,August,197,68,19,39,6,162525,67.2,4,16,1462725,3.6,4925,4858,67,Medium
St0061,2022,September,226,79,20,54,6,158652,84.8,2,10,2221128,4.2,6102,6019,83,High
St0061,2022,October,144,50,17,50,7,141984,69.8,1,5,1845792,4.8,4176,4009,167,Medium
St0061,2022,November,214,74,13,37,6,128400,67.9,0,0,1669200,3.8,5136,4961,175,Medium
St0061,2022,December,138,48,15,31,6,115920,53.2,2,2,1275120,4.4,3312,3262,50,Low
St0061,2023,January,297,103,24,53,9,200772,90.5,0,0,2208492,4.7,7722,7680,42,High
St0061,2023,February,171,59,22,31,6,163647,77.4,3,9,1636470,3.6,4959,4931,28,Medium
St0061,2023,March,246,86,20,52,5,127920,63.5,0,0,2046720,4.8,6396,6245,151,Medium
St0061,2023,April,234,81,18,40,7,168480,69.9,2,2,2527200,3.9,5616,5467,149,Medium
St0061,2023,May,202,70,18,50,6,111504,90.7,3,6,1561056,3.9,4848,4729,119,High
St0061,2023,June,286,100,16,32,4,248248,72.3,0,0,2234232,3.9,8008,7874,134,Medium
St0061,2023,July,158,55,18,33,4,118500,62.4,4,12,1066500,3.8,4740,4704,36,Medium
St0061,2023,August,272,95,16,30,4,183600,77.0,4,8,2019600,4.1,6800,6576,224,Medium
St0061,2023,September,278,97,15,34,6,270216,53.9,0,0,3242592,4.3,7506,7340,166,Low
St0061,2023,October,361,126,17,48,4,187720,62.4,2,10,2628080,4.7,9386,9182,204,Medium
St0061,2023,November,183,64,17,50,7,112728,74.4,0,0,1803648,4.6,5124,5007,117,Medium
St0061,2023,December,252,88,18,40,5,176904,60.0,4,4,2830464,3.5,6552,6311,241,Low
St0061,2024,January,205,71,25,50,9,178350,88.3,2,10,2675250,3.9,5945,5725,220,High
St0061,2024,February,351,122,25,37,6,335907,88.6,3,6,3023163,4.1,10179,10057,122,High
St0061,2024,March,376,131,18,54,7,381640,86.2,4,8,4198040,4.0,10904,10788,116,High
St0061,2024,April,346,121,15,48,5,336312,73.3,3,15,4708368,3.9,9342,9224,118,Medium
St0061,2024,May,329,115,23,43,5,228984,85.3,1,2,2976792,4.8,7896,7855,41,High
St0061,2024,June,293,102,16,47,6,217992,76.1,3,15,2615904,4.0,7032,6990,42,Medium
St0061,2024,July,298,104,19,42,7,302470,65.8,2,4,3932110,3.8,8642,8584,58,Medium
St0061,2024,August,348,121,16,47,6,175392,82.5,1,4,1929312,4.3,9744,9689,55,High
St0061,2024,September,227,79,16,49,4,187275,69.9,2,8,2434575,4.3,5675,5464,211,Medium
St0061,2024,October,246,86,16,30,6,214020,65.4,2,10,2782260,3.9,7134,6977,157,Medium
St0061,2024,November,412,144,13,31,3,334544,65.2,4,20,4683616,4.3,11948,11670,278,Medium
St0061,2024,December,208,72,17,33,4,202176,57.5,1,1,3032640,4.2,5616,5475,141,Low
St0061,2025,January,196,68,22,44,8,198940,89.1,1,2,2188340,4.2,5684,5555,129,High
St0061,2025,February,424,148,18,38,5,430360,81.7,2,4,6455400,4.3,12296,11952,344,High
St0061,2025,March,377,131,25,45,8,338923,88.5,4,20,3050307,3.9,10933,10669,264,High
St0061,2025,April,339,118,19,51,7,275268,62.4,2,10,2752680,3.8,9492,9224,268,Medium
St0061,2025,May,326,114,18,42,6,158436,81.1,4,16,1425924,4.0,8802,8533,269,High
St0061,2025,June,391,136,22,31,7,315146,74.8,0,0,4096898,4.6,10166,10043,123,Medium
St0061,2025,July,302,105,14,37,6,146772,65.9,0,0,1614492,4.7,8154,7879,275,Medium
St0061,2025,August,234,81,19,34,7,193050,58.4,2,10,2123550,4.7,5850,5706,144,Low
St0061,2025,September,409,143,17,54,4,357875,59.7,4,12,4294500,3.6,10225,9900,325,Low
St0061,2025,October,259,90,21,31,7,217560,77.7,0,0,3263400,4.9,7770,7618,152,Medium
St0061,2025,November,286,100,19,31,6,135850,83.4,0,0,1222650,4.8,7150,7005,145,High
St0061,2025,December,336,117,21,52,8,216384,80.5,1,3,1947456,4.3,9408,9080,328,High
St0062,2021,January,69,24,19,33,6,59616,84.0,3,3,655776,4.6,1863,1842,21,High
St0062,2021,February,67,23,18,51,4,64320,63.0,0,0,900480,4.6,2010,1952,58,Medium
St0062,2021,March,149,52,15,44,4,123968,54.2,2,4,1363648,4.7,3874,3730,144,Low
St0062,2021,April,68,23,17,42,7,42500,81.5,0,0,680000,4.8,1700,1632,68,High
St0062,2021,May,96,33,12,55,4,44928,48.3,4,4,494208,3.5,2496,2417,79,Low
St0062,2021,June,134,46,13,40,6,72360,62.3,4,12,1013040,3.9,4020,3962,58,Medium
St0062,2021,July,75,26,9,34,5,52650,48.6,2,8,579150,4.1,2025,2005,20,Low
St0062,2021,August,130,45,21,52,6,126360,66.3,1,3,1389960,4.6,3510,3462,48,Medium
St0062,2021,September,75,26,13,42,5,63000,52.7,0,0,567000,3.9,2100,2030,70,Low
St0062,2021,October,107,37,17,36,6,60990,81.7,0,0,548910,4.0,3210,3174,36,High
St0062,2021,November,134,46,14,32,5,63650,55.2,0,0,954750,3.9,3350,3263,87,Low
St0062,2021,December,145,50,14,42,3,86710,74.2,3,6,867100,3.7,3770,3712,58,Medium
St0062,2022,January,134,46,18,30,4,136010,66.8,0,0,1224090,4.6,3886,3799,87,Medium
St0062,2022,February,88,30,19,47,6,48048,86.9,1,3,432432,4.8,2288,2204,84,High
St0062,2022,March,147,51,13,46,5,127890,60.7,4,12,1278900,3.7,4410,4363,47,Medium
St0062,2022,April,156,54,14,40,3,139776,70.6,4,4,2096640,4.1,4368,4303,65,Medium
St0062,2022,May,138,48,19,51,5,127512,82.0,2,8,1912680,4.3,3864,3835,29,High
St0062,2022,June,79,27,21,47,7,49296,69.7,1,1,443664,4.1,2054,1973,81,Medium
St0062,2022,July,134,46,19,53,4,128640,71.9,0,0,1929600,4.0,4020,3930,90,Medium
St0062,2022,August,158,55,17,35,5,81054,76.8,3,12,1215810,4.6,4266,4097,169,Medium
St0062,2022,September,86,30,21,45,8,42484,72.5,4,16,552292,4.4,2236,2185,51,Medium
St0062,2022,October,159,55,19,47,7,103032,72.8,1,3,1236384,4.0,4293,4161,132,Medium
St0062,2022,November,218,76,19,37,7,145406,57.2,1,3,1308654,4.3,6322,6260,62,Low
St0062,2022,December,197,68,15,47,3,159570,58.2,4,12,2074410,3.6,5319,5166,153,Low
St0062,2023,January,122,42,16,40,4,106750,72.1,4,16,1174250,4.1,3050,2997,53,Medium
St0062,2023,February,202,70,19,55,5,121200,86.1,3,9,1818000,4.0,4848,4782,66,High
St0062,2023,March,167,58,20,49,8,137775,67.3,0,0,1377750,4.7,4175,4049,126,Medium
St0062,2023,April,167,58,19,43,4,105210,55.6,4,16,1262520,4.0,5010,4949,61,Low
St0062,2023,May,119,41,17,33,4,96390,69.3,1,3,1542240,4.5,3213,3140,73,Medium
St0062,2023,June,204,71,26,45,8,177480,90.2,4,12,1774800,4.5,6120,6045,75,High
St0062,2023,July,203,71,21,43,6,160776,66.4,1,5,1446984,4.2,4872,4684,188,Medium
St0062,2023,August,209,73,12,46,4,121220,54.9,2,6,1090980,3.9,6061,5872,189,Low
St0062,2023,September,139,48,14,37,6,137054,58.4,3,3,1233486,4.2,4031,3999,32,Low
St0062,2023,October,206,72,18,36,7,173040,74.4,2,2,1730400,4.4,6180,6021,159,Medium
St0062,2023,November,201,70,22,53,6,151956,74.9,4,16,1367604,4.1,5427,5309,118,Medium
St0062,2023,December,209,73,18,33,7,146300,73.1,4,20,1901900,3.9,5852,5670,182,Medium
St0062,2024,January,111,38,25,42,6,83250,88.8,2,8,915750,4.7,2775,2738,37,High
St0062,2024,February,184,64,24,55,8,123648,81.5,0,0,1854720,4.3,4416,4352,64,High
St0062,2024,March,113,39,12,30,6,56952,56.2,3,9,683424,3.9,3164,3114,50,Low
St0062,2024,April,203,71,16,53,7,182700,79.8,1,3,2192400,4.7,6090,5863,227,Medium
St0062,2024,May,235,82,16,32,4,111625,84.2,3,15,1227875,4.6,5875,5743,132,High
St0062,2024,June,156,54,25,35,6,84240,86.1,1,5,758160,4.2,4680,4546,134,High
St0062,2024,July,248,86,14,55,4,155000,72.7,4,8,1395000,4.4,6200,5998,202,Medium
St0062,2024,August,195,68,16,36,6,175305,59.0,2,2,2804880,3.8,5655,5462,193,Low
St0062,2024,September,166,58,18,54,4,148736,87.4,4,12,2231040,4.0,4648,4612,36,High
St0062,2024,October,257,89,14,35,5,171419,74.4,1,3,1885609,3.8,7453,7286,167,Medium
St0062,2024,November,236,82,10,43,2,140184,54.2,4,8,2102760,3.6,6372,6320,52,Low
St0062,2024,December,267,93,17,39,5,194643,84.5,1,3,2335716,4.1,7209,6955,254,High
St0062,2025,January,187,65,24,33,7,97240,95.6,4,12,875160,4.4,4862,4708,154,High
St0062,2025,February,178,62,17,46,7,129584,78.6,4,16,1555008,4.3,4628,4464,164,Medium
St0062,2025,March,191,66,22,54,8,171900,72.6,4,12,1890900,3.6,4775,4686,89,Medium
St0062,2025,April,282,98,20,52,5,157920,94.7,2,10,1421280,4.3,7896,7598,298,High
St0062,2025,May,150,52,21,30,7,91350,80.9,4,16,1004850,3.5,4350,4305,45,High
St0062,2025,June,263,92,22,54,8,149121,82.1,4,16,2385936,3.5,7101,6862,239,High
St0062,2025,July,237,82,21,54,6,127980,76.2,4,8,1151820,3.9,6399,6330,69,Medium
St0062,2025,August,177,61,19,50,7,151866,92.3,1,4,2126124,3.8,4602,4435,167,High
St0062,2025,September,230,80,12,48,3,161000,64.9,4,4,1771000,4.4,5750,5592,158,Medium
St0062,2025,October,190,66,19,41,5,174420,73.2,2,8,2790720,4.5,5130,5009,121,Medium
St0062,2025,November,252,88,16,49,7,183708,63.9,4,20,2020788,4.2,6804,6616,188,Medium
St0062,2025,December,310,108,16,49,4,209560,68.7,2,2,3143400,3.6,8060,7849,211,Medium
St0063,2021,January,159,55,15,44,4,151368,61.9,3,12,2270520,4.2,4452,4274,178,Medium
St0063,2021,February,132,46,18,49,4,92400,72.9,0,0,1108800,4.1,3696,3554,142,Medium
St0063,2021,March,215,75,15,51,4,211990,60.5,0,0,2543880,4.2,6235,6049,186,Medium
St0063,2021,April,235,82,14,54,5,236880,57.7,0,0,3079440,4.0,6580,6346,234,Low
St0063,2021,May,160,56,12,37,4,79040,52.7,3,15,1264640,4.6,4160,4125,35,Low
St0063,2021,June,223,78,16,38,7,204714,51.6,3,6,3275424,4.2,6021,5981,40,Low
St0063,2021,July,233,81,19,48,7,145392,66.5,3,3,2035488,3.8,5592,5394,198,Medium
St0063,2021,August,113,39,16,35,4,70625,51.3,2,8,1130000,4.1,2825,2779,46,Low
St0063,2021,September,186,65,15,34,3,102486,67.2,1,1,1229832,4.4,5394,5272,122,Medium
St0063,2021,October,292,102,17,37,5,157680,52.8,0,0,2049840,3.9,8760,8605,155,Low
St0063,2021,November,242,84,21,41,6,125840,77.4,4,20,1887600,4.4,6292,6233,59,Medium
St0063,2021,December,237,82,16,32,7,204768,68.1,4,8,3276288,3.9,6399,6346,53,Medium
St0063,2022,January,258,90,18,49,6,212850,53.3,4,8,1915650,3.8,6450,6321,129,Low
St0063,2022,February,304,106,13,36,5,273296,63.3,0,0,4099440,4.2,8816,8713,103,Medium
St0063,2022,March,178,62,19,37,6,160022,79.0,1,1,1920264,4.3,5162,4962,200,Medium
St0063,2022,April,156,54,15,40,5,109512,71.5,4,8,1095120,4.2,4056,3932,124,Medium
St0063,2022,May,184,64,19,42,5,182160,76.5,2,6,2550240,4.4,5520,5443,77,Medium
St0063,2022,June,228,79,12,35,4,129276,64.2,1,3,1163484,3.9,6156,5951,205,Medium
St0063,2022,July,308,107,13,46,4,241472,59.3,1,3,2173248,4.2,8624,8396,228,Low
St0063,2022,August,193,67,19,53,4,130275,81.3,1,2,1954125,3.9,4825,4654,171,High
St0063,2022,September,171,59,17,46,7,119700,59.1,1,2,1077300,4.6,4788,4707,81,Low
St0063,2022,October,170,59,23,42,8,122400,87.8,4,8,1836000,3.8,5100,5004,96,High
St0063,2022,November,332,116,24,47,6,316064,80.3,3,3,5057024,4.5,9296,9137,159,High
St0063,2022,December,220,77,23,39,8,190960,79.2,4,12,2482480,3.5,6160,6097,63,Medium
St0063,2023,January,238,83,17,48,6,126616,64.3,3,15,1266160,3.7,6664,6497,167,Medium
St0063,2023,February,254,88,20,32,7,170688,70.1,2,6,2560320,4.1,6096,6040,56,Medium
St0063,2023,March,337,117,12,42,3,172881,52.0,2,2,2593215,4.1,9099,8862,237,Low
St0063,2023,April,192,67,21,37,6,139968,68.7,3,15,2239488,4.1,5184,5080,104,Medium
St0063,2023,May,332,116,18,42,4,167328,55.2,4,12,2175264,4.2,9296,9012,284,Low
St0063,2023,June,208,72,11,37,5,174928,56.2,1,3,2448992,4.0,6032,5900,132,Low
St0063,2023,July,251,87,17,42,7,168672,76.8,2,6,1855392,3.8,7028,6958,70,Medium
St0063,2023,August,291,101,11,37,3,138225,57.0,2,6,1382250,4.2,7275,7174,101,Low
St0063,2023,September,209,73,17,34,6,103246,85.6,2,8,1032460,3.9,5434,5333,101,High
St0063,2023,October,287,100,16,31,5,156702,61.5,2,10,1880424,4.5,7462,7339,123,Medium
St0063,2023,November,243,85,11,45,2,144342,54.0,2,10,1587762,4.0,6561,6438,123,Low
St0063,2023,December,183,64,20,34,7,192150,88.9,0,0,1921500,4.8,5490,5351,139,High
St0063,2024,January,385,134,12,35,3,379610,54.5,0,0,3416490,4.2,11165,10906,259,Low
St0063,2024,February,270,94,24,39,9,133380,80.1,4,4,1867320,3.7,7020,6954,66,High
St0063,2024,March,227,79,20,53,8,139832,90.7,2,4,1677984,3.7,6356,6251,105,High
St0063,2024,April,290,101,22,46,8,150800,72.0,1,1,1960400,4.2,7540,7398,142,Medium
St0063,2024,May,415,145,15,37,3,201690,63.7,4,8,2823660,4.2,11205,10780,425,Medium
St0063,2024,June,400,140,18,33,7,340000,55.9,4,8,5440000,3.5,10000,9905,95,Low
St0063,2024,July,186,65,15,52,3,175770,67.0,3,15,2636550,3.7,5022,4864,158,Medium
St0063,2024,August,294,102,16,31,4,174636,71.0,0,0,2095632,4.3,7938,7863,75,Medium
St0063,2024,September,433,151,21,38,5,278852,81.6,0,0,2788520,3.9,12124,11644,480,High
St0063,2024,October,494,172,20,40,7,373464,85.2,4,4,4855032,4.4,13832,13556,276,High
St0063,2024,November,501,175,15,42,4,322644,62.7,4,20,4194372,4.3,14028,13539,489,Medium
St0063,2024,December,238,83,18,53,6,188496,70.2,0,0,2261952,4.8,5712,5645,67,Medium
St0063,2025,January,301,105,13,30,4,195650,61.8,0,0,2347800,3.8,7525,7271,254,Medium
St0063,2025,February,261,91,16,34,6,128934,64.4,0,0,1547208,4.4,6786,6560,226,Medium
St0063,2025,March,327,114,18,36,5,255060,72.0,2,2,2805660,4.7,8502,8172,330,Medium
St0063,2025,April,492,172,23,43,8,303072,75.3,0,0,3636864,4.7,13776,13461,315,Medium
St0063,2025,May,277,96,23,33,8,192792,94.8,2,8,3084672,4.0,6648,6433,215,High
St0063,2025,June,243,85,26,55,8,145800,91.9,3,12,1312200,3.8,6075,5913,162,High
St0063,2025,July,433,151,12,49,4,339039,64.0,4,12,3390390,4.5,12557,12411,146,Medium
St0063,2025,August,440,154,20,49,6,377520,68.8,2,2,6040320,4.7,11440,11106,334,Medium
St0063,2025,September,326,114,18,34,6,195600,68.8,1,4,3129600,4.4,7824,7594,230,Medium
St0063,2025,October,302,105,15,44,3,172140,76.0,3,12,2237820,4.6,9060,8813,247,Medium
St0063,2025,November,351,122,22,40,7,289575,79.4,3,12,4054050,3.6,8775,8534,241,Medium
St0063,2025,December,464,162,22,34,8,359600,94.1,0,0,3596000,3.8,11600,11450,150,High
St0064,2021,January,277,96,16,39,5,174510,76.9,3,6,2792160,4.4,8310,8199,111,Medium
St0064,2021,February,142,49,15,49,3,114452,73.8,2,8,1030068,4.0,3692,3548,144,Medium
St0064,2021,March,131,45,17,33,4,75456,52.1,4,20,1131840,4.5,3144,3104,40,Low
St0064,2021,April,126,44,11,47,3,66528,54.4,2,6,1064448,4.5,3024,2915,109,Low
St0064,2021,May,170,59,13,39,4,99960,52.9,1,4,1099560,4.1,4760,4705,55,Low
St0064,2021,June,206,72,12,54,5,109592,56.8,1,2,1424696,4.0,5768,5710,58,Low
St0064,2021,July,208,72,22,43,8,166400,72.7,3,6,1497600,4.5,5200,5141,59,Medium
St0064,2021,August,204,71,19,44,6,114240,60.5,4,20,1485120,3.6,5712,5600,112,Medium
St0064,2021,September,153,53,13,42,3,115668,46.0,3,12,1272348,4.2,4284,4239,45,Low
St0064,2021,October,142,49,24,40,8,110760,84.6,3,15,1661400,3.8,4260,4145,115,High
St0064,2021,November,224,78,17,43,7,104832,62.6,2,10,1467648,3.9,5824,5699,125,Medium
St0064,2021,December,180,62,12,43,6,146160,59.7,3,9,2192400,3.7,5220,5105,115,Low
St0064,2022,January,238,83,17,35,5,142800,80.9,1,5,1713600,4.0,5712,5612,100,High
St0064,2022,February,300,105,21,39,7,313200,84.9,2,8,4384800,4.4,8700,8515,185,High
St0064,2022,March,351,122,20,31,8,277992,72.7,1,5,2501928,4.6,8424,8360,64,Medium
St0064,2022,April,316,110,20,35,8,204768,78.3,0,0,2661984,4.7,7584,7376,208,Medium
St0064,2022,May,183,64,18,30,4,148596,83.0,0,0,1485960,4.9,5124,5011,113,High
St0064,2022,June,173,60,15,41,5,80964,62.1,0,0,1133496,4.2,4498,4396,102,Medium
St0064,2022,July,225,78,17,32,4,157950,57.2,3,3,2369250,4.6,5850,5623,227,Low
St0064,2022,August,211,73,16,53,7,208046,57.9,2,8,2912644,4.1,6119,6079,40,Low
St0064,2022,September,288,100,21,35,7,250560,86.7,4,12,3758400,3.6,8640,8328,312,High
St0064,2022,October,182,63,19,47,4,81900,63.8,1,2,1310400,4.1,4550,4515,35,Medium
St0064,2022,November,313,109,22,51,7,175280,83.7,3,12,2629200,3.7,8764,8631,133,High
St0064,2022,December,210,73,22,33,7,189000,79.9,1,2,2079000,4.1,6300,6119,181,Medium
St0064,2023,January,382,133,19,54,7,192528,77.6,1,5,1732752,3.9,9168,9079,89,Medium
St0064,2023,February,227,79,20,38,7,183870,78.4,0,0,2941920,4.7,6129,6030,99,Medium
St0064,2023,March,395,138,12,46,6,195130,52.2,3,6,2341560,4.3,10270,10100,170,Low
St0064,2023,April,318,111,17,45,4,295104,61.2,0,0,2951040,4.6,9222,9034,188,Medium
St0064,2023,May,319,111,24,39,6,203522,80.1,4,8,2849308,3.7,9251,9055,196,High
St0064,2023,June,273,95,16,44,4,176904,60.8,0,0,1592136,3.8,7371,7094,277,Medium
St0064,2023,July,187,65,13,36,3,154275,67.0,2,4,2468400,4.0,4675,4556,119,Medium
St0064,2023,August,291,101,22,48,5,172854,77.4,1,3,2074248,3.8,7857,7649,208,Medium
St0064,2023,September,270,94,23,35,7,200880,85.0,2,8,1807920,3.9,6480,6304,176,High
St0064,2023,October,366,128,16,50,5,298656,81.0,0,0,3882528,4.1,8784,8643,141,High
St0064,2023,November,306,107,19,37,7,177480,83.7,1,3,1952280,4.3,8874,8769,105,High
St0064,2023,December,344,120,20,50,7,195048,87.8,2,2,2145528,3.9,9288,9036,252,High
St0064,2024,January,238,83,13,30,3,166600,55.9,4,4,2165800,4.3,6664,6579,85,Low
St0064,2024,February,460,161,16,35,4,320160,54.1,0,0,4482240,4.3,11040,10723,317,Low
St0064,2024,March,266,93,14,31,6,159068,73.6,1,3,1431612,4.5,6916,6831,85,Medium
St0064,2024,April,302,105,15,41,5,181200,59.0,1,1,2355600,3.8,9060,8877,183,Low
St0064,2024,May,331,115,19,51,5,248250,81.8,2,6,3972000,3.9,8275,8190,85,High
St0064,2024,June,389,136,24,51,8,196056,89.3,1,1,2352672,3.8,9336,8995,341,High
St0064,2024,July,362,126,16,36,4,272948,69.4,1,4,3002428,4.0,10498,10163,335,Medium
St0064,2024,August,364,127,11,52,3,327236,54.1,0,0,4581304,4.3,10556,10447,109,Low
St0064,2024,September,400,140,20,47,8,348000,68.3,2,4,3480000,3.9,11600,11356,244,Medium
St0064,2024,October,521,182,16,42,6,442850,75.6,4,4,3985650,3.9,13025,12888,137,Medium
St0064,2024,November,283,99,14,50,4,169800,74.1,2,4,1528200,4.0,6792,6698,94,Medium
St0064,2024,December,478,167,22,33,8,249516,76.3,2,2,2744676,4.4,13862,13331,531,Medium
St0064,2025,January,434,151,15,45,3,327236,65.6,0,0,3926832,4.7,12586,12412,174,Medium
St0064,2025,February,446,156,16,34,6,192672,84.1,3,12,2697408,4.0,10704,10479,225,High
St0064,2025,March,234,81,18,54,5,189540,94.3,0,0,2843100,4.8,6318,6071,247,High
St0064,2025,April,366,128,22,34,8,358680,75.6,0,0,3228120,4.3,10248,9875,373,Medium
St0064,2025,May,425,148,12,30,6,357425,62.9,3,6,5003950,3.9,12325,12026,299,Medium
St0064,2025,June,258,90,20,37,8,174150,75.4,0,0,2263950,4.4,6966,6814,152,Medium
St0064,2025,July,333,116,24,33,7,197802,91.3,0,0,2571426,4.6,8991,8859,132,High
St0064,2025,August,281,98,21,30,6,231825,74.9,1,5,2086425,3.8,7025,6985,40,Medium
St0064,2025,September,471,164,18,48,6,293904,64.2,1,2,3232944,4.6,12246,11839,407,Medium
St0064,2025,October,301,105,21,48,6,162540,69.0,3,3,1950480,4.4,9030,8941,89,Medium
St0064,2025,November,358,125,24,44,6,170050,92.1,2,10,2040600,3.8,8950,8759,191,High
St0064,2025,December,543,190,24,55,8,283446,81.8,1,4,3684798,4.7,15747,15225,522,High
St0065,2021,January,110,38,16,49,4,65340,64.0,1,1,849420,4.3,2970,2855,115,Medium
St0065,2021,February,229,80,14,30,6,191673,67.9,0,0,1916730,4.5,6183,6123,60,Medium
St0065,2021,March,207,72,18,49,7,134550,54.4,3,3,1749150,4.4,5382,5328,54,Low
St0065,2021,April,147,51,15,51,5,107016,69.9,0,0,963144,4.3,3822,3727,95,Medium
St0065,2021,May,221,77,22,31,5,148512,71.2,2,10,2227680,4.4,5304,5138,166,Medium
St0065,2021,June,234,81,13,49,3,203580,61.1,1,3,3257280,3.8,7020,6974,46,Medium
St0065,2021,July,250,87,19,49,6,112500,80.9,4,16,1237500,3.9,6250,6032,218,High
St0065,2021,August,209,73,16,41,5,101574,49.3,1,4,1320462,4.4,5643,5608,35,Low
St0065,2021,September,191,66,22,42,7,99702,81.1,4,4,997020,3.9,5539,5381,158,High
St0065,2021,October,241,84,19,51,4,215936,57.0,4,4,2807168,4.0,6748,6553,195,Low
St0065,2021,November,250,87,21,37,7,172500,77.9,3,3,2587500,4.1,7500,7400,100,Medium
St0065,2021,December,241,84,13,45,5,160747,53.5,2,10,1607470,4.1,6989,6887,102,Low
St0065,2022,January,305,106,18,53,5,265350,73.2,0,0,3714900,4.1,8845,8605,240,Medium
St0065,2022,February,300,105,15,40,5,247500,53.6,2,2,3960000,4.0,7500,7395,105,Low
St0065,2022,March,128,44,19,36,5,71680,63.3,4,16,788480,4.3,3584,3515,69,Medium
St0065,2022,April,228,79,15,46,4,178524,77.6,3,6,2856384,4.3,6156,6014,142,Medium
St0065,2022,May,268,93,19,36,5,201000,60.3,2,6,2412000,3.9,6700,6603,97,Medium
St0065,2022,June,134,46,24,48,8,117250,86.7,4,20,1524250,3.8,3350,3260,90,High
St0065,2022,July,183,64,14,49,6,169824,67.2,3,9,2717184,4.5,5307,5275,32,Medium
St0065,2022,August,129,45,12,49,3,101007,55.8,0,0,909063,4.9,3741,3668,73,Low
St0065,2022,September,273,95,16,35,4,245700,50.8,2,8,2211300,3.6,8190,7916,274,Low
St0065,2022,October,244,85,19,45,4,189100,55.0,3,15,2269200,4.5,6100,6055,45,Low
St0065,2022,November,332,116,14,41,3,249000,69.0,0,0,3984000,4.4,8300,7969,331,Medium
St0065,2022,December,324,113,21,51,5,176904,70.3,3,15,2830464,3.7,8424,8261,163,Medium
St0065,2023,January,248,86,17,54,5,187488,64.8,4,16,1687392,3.7,6944,6848,96,Medium
St0065,2023,February,306,107,15,40,6,220320,65.9,3,3,2203200,3.6,9180,8866,314,Medium
St0065,2023,March,198,69,18,47,6,130680,78.2,4,20,1960200,4.5,5940,5856,84,Medium
St0065,2023,April,320,112,15,46,4,194880,59.9,1,2,1753920,4.4,9280,9155,125,Low
St0065,2023,May,153,53,22,36,6,77112,87.7,0,0,1079568,4.8,4284,4135,149,High
St0065,2023,June,296,103,17,44,5,232064,85.4,1,2,3248896,4.7,8288,8182,106,High
St0065,2023,July,194,67,19,34,5,144336,72.3,4,20,1443360,4.2,4656,4576,80,Medium
St0065,2023,August,202,70,19,42,6,206040,81.6,3,3,2884560,4.6,6060,6014,46,High
St0065,2023,September,214,74,14,38,5,154080,67.8,1,4,2003040,4.4,5136,4937,199,Medium
St0065,2023,October,198,69,17,50,4,85536,63.1,0,0,1197504,4.3,4752,4727,25,Medium
St0065,2023,November,218,76,19,51,6,202740,74.1,4,4,2838360,4.1,6540,6336,204,Medium
St0065,2023,December,358,125,17,51,6,228404,56.4,2,4,3654464,4.1,10382,10164,218,Low
St0065,2024,January,398,139,20,37,6,186264,64.1,1,3,2607696,4.4,10348,10053,295,Medium
St0065,2024,February,352,123,19,42,4,306240,68.9,3,9,3062400,4.5,10208,10156,52,Medium
St0065,2024,March,308,107,23,30,8,312620,89.1,4,12,3438820,4.0,8932,8756,176,High
St0065,2024,April,188,65,20,36,6,141752,90.9,0,0,1701024,4.5,4888,4706,182,High
St0065,2024,May,405,141,18,34,4,226800,81.9,1,3,2948400,3.9,11340,11241,99,High
St0065,2024,June,341,119,22,30,7,368280,83.9,2,10,4051080,4.1,10230,9831,399,High
St0065,2024,July,177,61,16,54,6,133458,64.1,0,0,2135328,4.3,5133,5013,120,Medium
St0065,2024,August,334,116,17,32,5,277888,57.7,4,20,2500992,4.4,8684,8352,332,Low
St0065,2024,September,276,96,20,53,5,200100,85.8,4,4,3001500,3.6,8004,7725,279,High
St0065,2024,October,239,83,23,49,5,207452,89.1,2,8,2904328,3.8,6692,6519,173,High
St0065,2024,November,475,166,17,38,4,289275,58.9,4,8,3182025,3.9,13775,13226,549,Low
St0065,2024,December,388,135,15,54,6,270048,61.4,3,9,2430432,3.8,11252,11096,156,Medium
St0065,2025,January,275,96,25,33,8,215325,89.9,3,9,1937925,4.0,7425,7377,48,High
St0065,2025,February,458,160,17,32,4,230832,82.9,2,6,3000816,4.7,10992,10931,61,High
St0065,2025,March,227,79,18,44,7,146188,80.7,1,4,1900444,4.2,6356,6311,45,High
St0065,2025,April,461,161,23,32,7,442560,78.3,2,2,4868160,4.2,13830,13407,423,Medium
St0065,2025,May,291,101,19,31,5,174600,96.0,3,9,1746000,4.7,8730,8452,278,High
St0065,2025,June,384,134,21,55,6,276480,72.9,1,2,4147200,4.0,11520,11303,217,Medium
St0065,2025,July,239,83,23,34,6,135513,82.3,0,0,1490643,4.3,6453,6381,72,High
St0065,2025,August,275,96,27,31,9,207350,96.3,4,4,3317600,4.1,7975,7911,64,High
St0065,2025,September,341,119,25,36,9,267344,87.4,3,12,3208128,4.5,9548,9178,370,High
St0065,2025,October,432,151,21,34,5,259200,94.2,3,6,3369600,4.0,10800,10718,82,High
St0065,2025,November,381,133,17,33,7,238125,87.0,1,5,3333750,4.7,9525,9179,346,High
St0065,2025,December,479,167,15,31,6,241416,59.2,3,3,3379824,4.2,11496,11160,336,Low
St0066,2021,January,137,47,21,42,5,72336,83.5,2,8,868032,4.1,3288,3213,75,High
St0066,2021,February,162,56,19,42,6,127008,56.8,1,4,1397088,3.8,4536,4420,116,Low
St0066,2021,March,150,52,19,50,6,157500,82.8,0,0,1732500,3.8,4500,4423,77,High
St0066,2021,April,159,55,15,54,5,124497,68.8,4,20,1867455,3.8,4293,4222,71,Medium
St0066,2021,May,157,54,18,33,5,93886,65.8,1,1,938860,4.6,4082,3952,130,Medium
St0066,2021,June,185,64,17,48,4,79920,53.7,2,4,1278720,4.3,4440,4405,35,Low
St0066,2021,July,197,68,20,47,8,162525,68.1,3,12,1950300,4.5,4925,4812,113,Medium
St0066,2021,August,97,33,11,43,4,76824,56.6,1,1,1229184,4.0,2328,2287,41,Low
St0066,2021,September,199,69,16,32,6,167160,73.0,2,4,2173080,4.6,5572,5414,158,Medium
St0066,2021,October,168,58,19,42,6,76608,84.5,0,0,995904,4.1,4032,3998,34,High
St0066,2021,November,185,64,13,48,5,164835,68.2,4,16,2472525,3.6,4995,4891,104,Medium
St0066,2021,December,226,79,13,46,4,115938,55.7,3,9,1855008,4.0,6102,5898,204,Low
St0066,2022,January,240,84,19,38,7,118560,61.8,1,3,1304160,3.8,6240,6016,224,Medium
St0066,2022,February,177,61,9,39,2,131688,49.4,1,2,1843632,4.4,4248,4161,87,Low
St0066,2022,March,165,57,19,31,7,138600,79.0,1,1,1801800,4.8,3960,3890,70,Medium
St0066,2022,April,201,70,17,53,7,191352,82.3,3,3,2296224,3.8,5628,5450,178,High
St0066,2022,May,209,73,20,33,6,111188,71.7,1,1,1000692,3.8,5852,5638,214,Medium
St0066,2022,June,207,72,17,48,5,150696,56.3,2,8,1808352,3.8,5382,5347,35,Low
St0066,2022,July,158,55,12,34,4,102384,52.1,3,6,921456,4.2,4266,4174,92,Low
St0066,2022,August,234,81,22,36,6,138996,82.5,2,8,2084940,4.4,6318,6126,192,High
St0066,2022,September,257,89,14,46,3,191208,74.2,0,0,3059328,4.3,6168,5952,216,Medium
St0066,2022,October,283,99,20,37,7,195270,83.9,1,5,2733780,4.7,8490,8286,204,High
St0066,2022,November,207,72,16,32,5,127512,64.0,1,5,1402632,4.4,5796,5745,51,Medium
St0066,2022,December,185,64,23,54,8,103600,83.8,4,4,1243200,4.5,5180,5117,63,High
St0066,2023,January,213,74,20,35,8,132912,61.3,0,0,1196208,4.7,5538,5333,205,Medium
St0066,2023,February,143,50,10,55,3,100100,54.6,2,10,900900,4.0,4004,3982,22,Low
St0066,2023,March,158,55,19,33,5,83424,74.2,3,6,750816,3.8,3792,3713,79,Medium
St0066,2023,April,208,72,15,30,3,131040,70.1,3,6,1310400,4.5,6240,6068,172,Medium
St0066,2023,May,233,81,23,53,5,234864,91.0,4,4,3757824,4.2,6524,6312,212,High
St0066,2023,June,183,64,14,32,4,161772,51.8,1,2,1941264,4.8,4758,4720,38,Low
St0066,2023,July,307,107,18,40,7,132624,79.1,2,2,1724112,4.1,7368,7200,168,Medium
St0066,2023,August,269,94,20,52,5,200136,71.5,3,3,2401632,4.2,6456,6244,212,Medium
St0066,2023,September,143,50,18,55,6,100100,85.5,2,2,1001000,3.7,4004,3899,105,High
St0066,2023,October,188,65,15,31,4,141000,59.7,2,10,1410000,4.1,4700,4564,136,Low
St0066,2023,November,224,78,12,42,5,168896,62.7,3,6,1520064,4.4,6496,6440,56,Medium
St0066,2023,December,204,71,16,51,4,188496,70.8,4,12,1696464,4.0,5712,5675,37,Medium
St0066,2024,January,290,101,23,34,5,246500,87.2,1,3,3204500,4.4,7250,6966,284,High
St0066,2024,February,159,55,17,54,7,124020,80.7,1,3,1860300,3.9,4134,4113,21,High
St0066,2024,March,301,105,16,31,5,183309,75.3,3,15,1649781,4.4,8729,8609,120,Medium
St0066,2024,April,326,114,20,31,5,305136,60.3,0,0,3356496,4.4,8476,8308,168,Medium
St0066,2024,May,154,53,18,54,4,143220,66.6,0,0,1718640,4.3,4620,4445,175,Medium
St0066,2024,June,278,97,25,41,6,166800,93.0,2,8,2335200,4.3,6672,6554,118,High
St0066,2024,July,330,115,18,34,7,166320,81.0,3,9,2494800,3.6,9240,9151,89,High
St0066,2024,August,302,105,15,54,4,297772,79.9,1,3,2977720,4.2,8758,8624,134,Medium
St0066,2024,September,294,102,18,48,4,236964,73.2,0,0,3791424,4.6,7644,7534,110,Medium
St0066,2024,October,248,86,18,52,7,161200,58.1,1,2,1612000,4.6,6448,6191,257,Low
St0066,2024,November,352,123,20,49,7,283712,60.3,3,3,4539392,4.1,9152,8793,359,Medium
St0066,2024,December,299,104,18,39,7,243984,61.0,1,2,2439840,4.6,7176,7131,45,Medium
St0066,2025,January,295,103,25,38,7,214760,94.3,1,1,3436160,4.8,8260,8184,76,High
St0066,2025,February,201,70,17,45,7,184518,89.0,2,6,2952288,4.1,5427,5231,196,High
St0066,2025,March,321,112,21,45,5,279270,74.4,0,0,3630510,4.0,9630,9577,53,Medium
St0066,2025,April,270,94,20,44,7,189000,63.2,2,4,2835000,3.9,6750,6500,250,Medium
St0066,2025,May,283,99,17,43,5,150556,88.4,2,10,2107784,3.7,7924,7823,101,High
St0066,2025,June,280,98,12,43,3,211120,62.6,4,4,1900080,3.7,7280,7189,91,Medium
St0066,2025,July,268,93,17,55,6,187600,58.5,4,12,3001600,4.4,7504,7324,180,Low
St0066,2025,August,197,68,23,37,8,143416,79.5,1,5,2007824,4.2,5122,4926,196,Medium
St0066,2025,September,292,102,16,41,5,244404,66.5,2,4,2444040,4.2,7884,7722,162,Medium
St0066,2025,October,449,157,25,34,9,373568,94.4,3,6,5977088,4.3,11674,11269,405,High
St0066,2025,November,361,126,23,42,8,350892,92.8,2,10,5614272,4.7,9747,9561,186,High
St0066,2025,December,265,92,23,42,7,267120,85.8,0,0,2404080,4.9,7420,7267,153,High
St0067,2021,January,248,86,14,32,3,180544,63.5,2,4,2166528,4.0,6944,6842,102,Medium
St0067,2021,February,140,49,13,31,6,123760,54.3,2,4,1608880,3.8,3640,3614,26,Low
St0067,2021,March,115,40,14,34,5,103500,64.5,3,15,1242000,4.4,2875,2856,19,Medium
St0067,2021,April,207,72,10,36,2,178848,46.5,3,3,2146176,4.4,5589,5472,117,Low
St0067,2021,May,221,77,17,40,7,159120,51.6,1,5,1591200,4.2,6630,6518,112,Low
St0067,2021,June,254,88,18,42,7,213360,59.3,0,0,3200400,4.4,6096,5969,127,Low
St0067,2021,July,151,52,19,39,7,93016,58.4,0,0,930160,4.3,4228,4067,161,Low
St0067,2021,August,192,67,22,41,6,160704,84.5,0,0,1767744,3.9,5184,5101,83,High
St0067,2021,September,182,63,21,38,7,152880,78.4,0,0,1987440,4.3,5096,5052,44,Medium
St0067,2021,October,279,97,17,42,6,158193,75.7,3,9,2372895,4.3,7533,7325,208,Medium
St0067,2021,November,131,45,12,45,3,102573,55.3,1,1,1333449,4.7,3537,3505,32,Low
St0067,2021,December,206,72,19,49,6,133900,67.4,4,12,1472900,3.9,5356,5312,44,Medium
St0067,2022,January,164,57,23,36,8,109388,86.1,1,4,1422044,3.9,4756,4618,138,High
St0067,2022,February,161,56,18,46,5,80500,55.1,0,0,724500,3.9,4025,3893,132,Low
St0067,2022,March,152,53,19,36,4,98496,67.3,1,5,886464,4.6,4104,4038,66,Medium
St0067,2022,April,194,67,11,31,2,94284,58.0,1,1,848556,4.4,5238,5070,168,Low
St0067,2022,May,253,88,17,31,7,183425,50.6,0,0,2751375,4.3,6325,6246,79,Low
St0067,2022,June,301,105,21,33,8,183309,87.4,1,5,2016399,3.7,8729,8582,147,High
St0067,2022,July,272,95,18,53,5,189312,59.9,0,0,1893120,4.1,6528,6375,153,Low
St0067,2022,August,268,93,21,52,8,186528,71.5,4,20,2051808,4.5,6432,6302,130,Medium
St0067,2022,September,150,52,21,54,7,86250,82.4,3,3,776250,4.5,3750,3679,71,High
St0067,2022,October,237,82,15,44,4,215670,74.7,1,2,3235050,4.3,6162,5993,169,Medium
St0067,2022,November,231,80,17,42,5,127281,74.3,1,5,1272810,4.2,6699,6494,205,Medium
St0067,2022,December,200,70,21,31,7,133400,81.8,3,3,1600800,3.9,5800,5577,223,High
St0067,2023,January,179,62,23,34,7,148928,75.9,3,9,1489280,3.9,4654,4524,130,Medium
St0067,2023,February,330,115,23,48,7,258390,77.3,0,0,2325510,3.9,9570,9357,213,Medium
St0067,2023,March,376,131,19,41,6,182736,90.4,3,15,2923776,4.4,10152,10003,149,High
St0067,2023,April,298,104,22,35,6,258664,75.9,0,0,3879960,4.4,8344,8268,76,Medium
St0067,2023,May,182,63,17,30,5,154700,70.3,0,0,1547000,4.0,4550,4497,53,Medium
St0067,2023,June,295,103,15,52,4,140125,51.0,1,2,2242000,4.5,7375,7143,232,Low
St0067,2023,July,197,68,18,39,6,133172,75.1,3,12,1864408,3.7,5122,4985,137,Medium
St0067,2023,August,199,69,15,37,3,201985,60.5,3,12,3231760,3.7,5771,5632,139,Medium
St0067,2023,September,299,104,14,48,3,167440,60.4,3,6,2009280,4.5,8372,8138,234,Medium
St0067,2023,October,267,93,16,52,7,232290,79.9,1,2,2322900,4.4,7743,7699,44,Medium
St0067,2023,November,199,69,24,39,9,114624,89.0,4,8,1375488,4.6,4776,4707,69,High
St0067,2023,December,253,88,21,37,6,139403,79.0,2,6,1672836,3.9,7337,7131,206,Medium
St0067,2024,January,331,115,20,30,7,178740,70.9,0,0,2681100,4.1,9930,9664,266,Medium
St0067,2024,February,360,125,17,32,6,292320,79.2,3,3,3800160,3.6,10080,9945,135,Medium
St0067,2024,March,217,75,20,36,7,104160,67.2,4,20,1354080,3.9,5208,5071,137,Medium
St0067,2024,April,346,121,20,55,8,294100,72.4,0,0,3823300,4.9,8650,8404,246,Medium
St0067,2024,May,345,120,19,40,5,157320,65.0,0,0,1573200,4.7,8280,8234,46,Medium
St0067,2024,June,199,69,19,30,4,121191,60.9,4,20,1211910,4.5,5771,5683,88,Medium
St0067,2024,July,208,72,16,51,6,124800,59.9,3,3,1622400,4.0,5200,5021,179,Low
St0067,2024,August,318,111,20,53,7,289380,70.4,3,12,2604420,3.7,8268,8171,97,Medium
St0067,2024,September,356,124,17,51,6,222144,63.0,3,12,1999296,3.9,8544,8464,80,Medium
St0067,2024,October,245,85,16,52,7,171500,59.9,2,6,1543500,4.2,6860,6673,187,Low
St0067,2024,November,259,90,23,34,5,256410,81.4,0,0,2820510,4.3,7770,7669,101,High
St0067,2024,December,443,155,18,49,7,449645,86.5,4,16,4946095,4.5,12847,12462,385,High
St0067,2025,January,348,121,26,34,6,219240,92.4,3,12,2411640,4.2,10440,10349,91,High
St0067,2025,February,331,115,21,50,8,198600,82.1,4,12,3177600,3.5,8275,8169,106,High
St0067,2025,March,427,149,18,55,5,245952,74.7,1,1,2951424,4.5,10248,10064,184,Medium
St0067,2025,April,262,91,22,35,8,119472,94.4,4,16,1792080,4.1,6288,6089,199,High
St0067,2025,May,367,128,17,43,5,238550,63.8,2,2,2624050,4.0,9175,8869,306,Medium
St0067,2025,June,378,132,20,49,5,338688,83.4,3,15,4402944,4.4,10584,10161,423,High
St0067,2025,July,409,143,18,53,7,392640,91.5,2,8,4319040,4.3,12270,12178,92,High
St0067,2025,August,488,170,20,50,6,368928,83.8,1,2,4427136,3.8,13176,13018,158,High
St0067,2025,September,311,108,17,31,6,293895,85.0,2,4,2938950,4.4,8397,8351,46,High
St0067,2025,October,242,84,17,36,7,213928,79.2,4,12,2781064,3.5,6292,6118,174,Medium
St0067,2025,November,374,130,16,49,4,230384,78.8,3,3,3225376,4.0,10472,10204,268,Medium
St0067,2025,December,531,185,24,46,7,371700,93.4,0,0,5203800,4.3,14868,14594,274,High
St0068,2021,January,48,16,19,54,6,43680,63.9,4,12,567840,3.6,1248,1230,18,Medium
St0068,2021,February,54,18,11,44,2,34020,53.5,2,4,374220,4.0,1620,1588,32,Low
St0068,2021,March,44,15,13,49,3,44660,53.1,0,0,535920,3.8,1276,1245,31,Low
St0068,2021,April,41,14,10,35,3,22140,52.6,4,12,199260,4.3,1230,1182,48,Low
St0068,2021,May,35,12,22,38,5,30450,71.5,3,6,426300,4.5,1050,1042,8,Medium
St0068,2021,June,69,24,14,34,4,52026,65.7,3,9,572286,3.9,2001,1972,29,Medium
St0068,2021,July,63,22,19,44,4,47628,58.5,4,8,571536,4.3,1764,1751,13,Low
St0068,2021,August,60,21,21,32,8,51000,82.4,1,5,765000,4.6,1500,1440,60,High
St0068,2021,September,36,12,21,47,8,29376,82.4,0,0,293760,4.9,864,858,6,High
St0068,2021,October,74,25,15,43,6,77700,48.3,4,20,777000,3.8,2220,2197,23,Low
St0068,2021,November,61,21,16,32,7,30500,81.7,1,5,457500,4.3,1525,1498,27,High
St0068,2021,December,38,13,20,30,8,26220,80.9,1,3,367080,4.4,1140,1107,33,High
St0068,2022,January,47,16,10,40,4,34075,53.3,2,8,340750,4.1,1175,1130,45,Low
St0068,2022,February,41,14,22,50,8,23370,78.5,3,9,257070,3.6,1230,1217,13,Medium
St0068,2022,March,77,26,19,30,7,75460,57.7,4,8,980980,4.4,2156,2112,44,Low
St0068,2022,April,52,18,17,49,5,42224,73.3,4,12,464464,4.2,1456,1400,56,Medium
St0068,2022,May,38,13,15,47,4,21280,51.2,0,0,255360,4.6,1064,1038,26,Low
St0068,2022,June,40,14,16,46,5,43200,70.1,1,5,388800,3.8,1200,1173,27,Medium
St0068,2022,July,44,15,22,36,5,38280,81.3,3,12,574200,4.3,1320,1267,53,High
St0068,2022,August,67,23,24,37,8,50518,86.9,1,4,757770,4.7,1742,1713,29,High
St0068,2022,September,43,15,21,50,8,32250,81.5,2,6,516000,4.0,1290,1241,49,High
St0068,2022,October,80,28,21,35,6,50000,77.0,0,0,650000,4.5,2000,1985,15,Medium
St0068,2022,November,50,17,20,42,5,37500,84.2,3,12,337500,4.3,1250,1208,42,High
St0068,2022,December,88,30,13,30,3,44352,64.0,4,16,665280,3.8,2112,2084,28,Medium
St0068,2023,January,73,25,14,40,6,56064,58.3,0,0,728832,4.3,1752,1729,23,Low
St0068,2023,February,53,18,23,37,5,45792,77.6,4,4,412128,4.3,1431,1412,19,Medium
St0068,2023,March,102,35,16,46,7,53244,72.7,4,4,532440,3.7,2958,2885,73,Medium
St0068,2023,April,99,34,24,42,8,69300,83.8,2,8,623700,4.5,2475,2433,42,High
St0068,2023,May,64,22,16,54,4,42688,71.3,1,4,640320,4.5,1856,1827,29,Medium
St0068,2023,June,81,28,14,54,6,46656,56.0,0,0,559872,4.3,1944,1869,75,Low
St0068,2023,July,71,24,18,53,4,48990,59.0,3,3,587880,4.5,2130,2087,43,Low
St0068,2023,August,47,16,14,33,5,38164,60.9,0,0,343476,4.1,1316,1282,34,Medium
St0068,2023,September,102,35,17,53,6,100980,51.1,1,4,908820,4.2,3060,3019,41,Low
St0068,2023,October,75,26,11,40,4,65250,54.4,0,0,913500,4.2,2175,2156,19,Low
St0068,2023,November,81,28,15,32,5,36450,73.8,3,9,328050,3.6,2025,1963,62,Medium
St0068,2023,December,75,26,20,35,7,63000,81.7,2,4,756000,4.7,2250,2222,28,High
St0068,2024,January,115,40,15,47,5,60375,68.9,3,6,845250,4.2,2875,2851,24,Medium
St0068,2024,February,107,37,20,42,7,62060,87.9,2,4,558540,4.0,3103,3007,96,High
St0068,2024,March,100,35,22,30,7,74400,77.0,4,12,967200,3.8,2400,2343,57,Medium
St0068,2024,April,101,35,16,47,7,90900,56.3,0,0,909000,4.7,3030,3013,17,Low
St0068,2024,May,54,18,22,44,6,25272,85.7,0,0,303264,3.9,1404,1373,31,High
St0068,2024,June,65,22,14,39,5,47320,55.2,4,12,709800,4.1,1820,1771,49,Low
St0068,2024,July,65,22,21,36,7,37700,67.0,1,5,339300,4.7,1885,1838,47,Medium
St0068,2024,August,63,22,23,44,8,38808,82.8,3,9,504504,3.7,1764,1701,63,High
St0068,2024,September,89,31,21,52,5,54201,92.2,0,0,487809,4.8,2581,2556,25,High
St0068,2024,October,132,46,12,45,5,109824,61.8,0,0,1757184,4.4,3432,3395,37,Medium
St0068,2024,November,123,43,23,45,8,89175,88.6,0,0,1159275,4.0,3075,2973,102,High
St0068,2024,December,134,46,16,37,6,90048,67.6,4,12,1260672,3.9,3216,3150,66,Medium
St0068,2025,January,129,45,20,38,5,123840,83.8,4,4,1857600,4.5,3870,3848,22,High
St0068,2025,February,117,40,14,51,6,94302,58.6,3,9,1225926,4.5,3042,2997,45,Low
St0068,2025,March,64,22,24,39,6,58752,87.4,1,5,705024,4.8,1728,1671,57,High
St0068,2025,April,77,26,24,55,9,48048,87.7,2,4,432432,4.4,1848,1812,36,High
St0068,2025,May,127,44,19,33,5,103124,81.6,0,0,1237488,4.3,3556,3494,62,High
St0068,2025,June,107,37,13,39,3,50076,59.5,3,9,550836,4.1,2782,2700,82,Low
St0068,2025,July,60,21,22,47,7,46980,85.3,3,9,469800,4.5,1620,1568,52,High
St0068,2025,August,116,40,24,32,8,70644,81.1,2,4,918372,4.6,3364,3246,118,High
St0068,2025,September,63,22,15,38,5,37800,66.3,2,4,453600,4.6,1890,1866,24,Medium
St0068,2025,October,127,44,25,55,6,89154,86.4,1,1,1337310,4.8,3429,3397,32,High
St0068,2025,November,68,23,23,53,7,49572,78.8,3,9,545292,4.1,1836,1773,63,Medium
St0068,2025,December,128,44,17,49,6,64000,84.6,0,0,960000,4.3,3200,3171,29,High
St0069,2021,January,63,22,10,30,5,52983,47.1,4,12,794745,4.0,1827,1777,50,Low
St0069,2021,February,82,28,23,53,7,71750,75.3,2,6,1148000,4.7,2050,2025,25,Medium
St0069,2021,March,48,16,20,41,7,28704,71.9,0,0,315744,4.0,1248,1238,10,Medium
St0069,2021,April,50,17,11,41,5,35100,45.5,0,0,526500,4.8,1300,1276,24,Low
St0069,2021,May,48,16,18,34,7,33600,78.9,1,2,302400,4.6,1200,1181,19,Medium
St0069,2021,June,68,23,11,49,4,51000,48.4,4,20,459000,3.7,2040,2009,31,Low
St0069,2021,July,44,15,15,30,3,27720,60.3,3,9,304920,4.0,1320,1302,18,Medium
St0069,2021,August,61,21,13,50,6,40260,64.3,0,0,442860,4.1,1830,1806,24,Medium
St0069,2021,September,66,23,21,30,7,38808,66.9,4,4,349272,4.3,1848,1809,39,Medium
St0069,2021,October,49,17,22,33,8,38367,77.0,4,12,498771,3.7,1323,1305,18,Medium
St0069,2021,November,88,30,19,41,7,41800,77.9,4,20,668800,4.0,2200,2144,56,Medium
St0069,2021,December,48,16,21,40,5,28512,66.8,1,3,456192,4.1,1296,1267,29,Medium
St0069,2022,January,66,23,20,43,5,52272,72.4,3,15,679536,4.4,1584,1527,57,Medium
St0069,2022,February,68,23,15,35,6,42228,69.9,2,8,548964,3.9,1836,1780,56,Medium
St0069,2022,March,76,26,18,53,7,39900,81.1,1,1,478800,4.5,1900,1886,14,High
St0069,2022,April,50,17,20,37,6,36400,72.2,0,0,546000,4.4,1300,1250,50,Medium
St0069,2022,May,83,29,10,44,2,42579,52.5,4,20,510948,3.9,2241,2201,40,Low
St0069,2022,June,87,30,17,35,6,49764,61.4,3,15,497640,4.7,2262,2211,51,Medium
St0069,2022,July,87,30,19,51,6,70470,81.4,3,9,1057050,3.7,2349,2281,68,High
St0069,2022,August,91,31,22,53,7,65975,80.6,4,12,857675,4.3,2639,2552,87,High
St0069,2022,September,84,29,17,46,6,37800,78.8,3,3,340200,4.0,2100,2074,26,Medium
St0069,2022,October,108,37,20,55,7,63504,68.0,3,9,1016064,4.6,3024,2949,75,Medium
St0069,2022,November,87,30,19,45,5,56376,68.1,2,2,620136,3.7,2088,2014,74,Medium
St0069,2022,December,92,32,18,36,5,49680,65.3,1,4,496800,3.8,2760,2654,106,Medium
St0069,2023,January,112,39,16,52,4,90720,70.8,4,16,1088640,4.3,3024,2927,97,Medium
St0069,2023,February,93,32,18,32,5,62496,71.3,1,3,687456,4.1,2604,2521,83,Medium
St0069,2023,March,56,19,17,55,6,38976,64.8,1,5,350784,4.6,1624,1591,33,Medium
St0069,2023,April,68,23,11,44,4,67320,51.7,0,0,740520,3.9,2040,1971,69,Low
St0069,2023,May,81,28,24,36,9,54675,86.1,0,0,601425,4.8,2187,2118,69,High
St0069,2023,June,61,21,16,32,7,51240,70.2,3,3,461160,3.7,1464,1411,53,Medium
St0069,2023,July,108,37,18,54,6,78732,52.4,4,20,708588,4.1,2916,2834,82,Low
St0069,2023,August,119,41,17,35,6,68068,77.9,4,4,612612,3.9,3094,3023,71,Medium
St0069,2023,September,112,39,19,41,6,53760,81.6,2,6,698880,4.4,2688,2623,65,High
St0069,2023,October,60,21,18,36,6,37800,80.0,4,12,529200,3.8,1800,1741,59,Medium
St0069,2023,November,61,21,21,49,7,54900,82.5,2,4,658800,4.4,1830,1792,38,High
St0069,2023,December,113,39,17,54,5,101700,79.6,2,8,1423800,4.3,3390,3304,86,Medium
St0069,2024,January,99,34,18,48,4,58212,84.4,1,1,873180,4.6,2772,2746,26,High
St0069,2024,February,116,40,21,40,8,84448,93.5,0,0,1013376,3.8,3016,2935,81,High
St0069,2024,March,67,23,22,51,6,48575,82.0,4,4,728625,3.9,1675,1637,38,High
St0069,2024,April,103,36,14,31,6,69628,65.1,1,2,1114048,4.4,2678,2582,96,Medium
St0069,2024,May,79,27,16,46,7,50402,68.0,2,8,655226,4.5,2291,2247,44,Medium
St0069,2024,June,77,26,22,54,8,60291,84.7,2,8,542619,3.9,2233,2172,61,High
St0069,2024,July,72,25,16,40,7,60264,55.2,3,6,843696,4.5,1944,1885,59,Low
St0069,2024,August,99,34,19,43,5,54648,79.3,1,3,655776,4.3,2376,2292,84,Medium
St0069,2024,September,116,40,20,50,7,103936,60.2,1,4,1247232,3.9,3248,3150,98,Medium
St0069,2024,October,67,23,17,54,5,36850,61.1,0,0,442200,4.9,1675,1652,23,Medium
St0069,2024,November,119,41,14,49,6,74256,64.7,0,0,965328,4.4,2856,2755,101,Medium
St0069,2024,December,140,49,16,34,6,70560,61.9,4,8,635040,4.1,3360,3300,60,Medium
St0069,2025,January,74,25,11,32,5,37962,57.6,1,4,379620,3.8,1998,1960,38,Low
St0069,2025,February,97,33,16,39,5,70325,64.9,2,4,984550,4.6,2813,2766,47,Medium
St0069,2025,March,90,31,23,35,8,52920,83.0,4,12,793800,4.5,2520,2484,36,High
St0069,2025,April,96,33,19,38,5,74880,67.9,0,0,973440,4.4,2880,2799,81,Medium
St0069,2025,May,90,31,18,36,4,46800,82.5,0,0,514800,4.3,2340,2305,35,High
St0069,2025,June,84,29,23,35,8,85260,88.7,3,15,1364160,3.9,2436,2407,29,High
St0069,2025,July,68,23,20,49,7,47736,65.9,1,5,716040,4.3,1768,1708,60,Medium
St0069,2025,August,148,51,21,55,6,99456,82.8,0,0,1292928,3.9,4144,3980,164,High
St0069,2025,September,156,54,19,32,4,96096,79.5,2,8,1057056,4.2,4368,4271,97,Medium
St0069,2025,October,101,35,22,30,7,73225,88.1,4,12,805475,4.2,2525,2499,26,High
St0069,2025,November,112,39,12,36,6,56000,62.1,3,6,616000,4.2,2800,2730,70,Medium
St0069,2025,December,149,52,17,39,5,137676,86.8,1,4,1927464,4.5,4172,4017,155,High
St0070,2021,January,75,26,14,31,3,39150,48.2,2,10,626400,4.1,2175,2129,46,Low
St0070,2021,February,50,17,13,30,4,24700,69.0,0,0,222300,4.4,1300,1262,38,Medium
St0070,2021,March,42,14,13,34,5,32760,57.0,4,12,393120,3.8,1092,1054,38,Low
St0070,2021,April,46,16,16,31,6,22356,65.7,0,0,290628,4.5,1242,1215,27,Medium
St0070,2021,May,61,21,20,46,7,51057,81.7,0,0,510570,4.6,1647,1584,63,High
St0070,2021,June,44,15,22,51,8,27456,84.1,0,0,384384,4.1,1056,1037,19,High
St0070,2021,July,51,17,16,39,6,35700,81.7,0,0,357000,4.1,1275,1236,39,High
St0070,2021,August,37,12,20,37,6,28860,84.4,4,12,432900,4.4,1110,1066,44,High
St0070,2021,September,70,24,20,46,5,39900,69.9,4,16,399000,4.3,2100,2088,12,Medium
St0070,2021,October,89,31,22,35,5,68975,83.5,2,10,1103600,4.6,2225,2185,40,High
St0070,2021,November,50,17,13,40,6,25000,48.8,1,2,300000,4.1,1250,1239,11,Low
St0070,2021,December,91,31,15,47,6,91728,74.8,1,3,917280,4.4,2548,2501,47,Medium
St0070,2022,January,84,29,17,55,6,63504,86.6,0,0,952560,4.1,2352,2298,54,High
St0070,2022,February,46,16,15,51,4,20976,58.3,3,12,230736,4.2,1104,1094,10,Low
St0070,2022,March,43,15,17,32,6,41280,61.4,1,5,619200,4.4,1290,1256,34,Medium
St0070,2022,April,82,28,14,45,5,45920,63.4,2,4,551040,3.9,2296,2244,52,Medium
St0070,2022,May,77,26,22,38,7,66990,85.8,4,8,602910,4.5,2310,2260,50,High
St0070,2022,June,63,22,21,34,8,45864,84.8,2,6,733824,4.6,1638,1580,58,High
St0070,2022,July,74,25,21,31,7,61938,83.0,3,3,929070,3.7,1998,1945,53,High
St0070,2022,August,66,23,17,32,4,41580,60.4,2,6,623700,4.4,1980,1916,64,Medium
St0070,2022,September,96,33,18,37,7,72384,50.1,3,12,1013376,4.5,2784,2747,37,Low
St0070,2022,October,54,18,13,54,5,31050,60.9,0,0,310500,4.5,1350,1327,23,Medium
St0070,2022,November,52,18,18,40,6,31096,73.0,0,0,310960,4.0,1352,1300,52,Medium
St0070,2022,December,75,26,23,49,8,63000,86.8,2,4,567000,4.3,1800,1765,35,High
St0070,2023,January,89,31,19,46,5,49128,87.9,0,0,638664,4.7,2136,2063,73,High
St0070,2023,February,105,36,20,36,7,102900,60.3,0,0,1440600,4.7,2940,2906,34,Medium
St0070,2023,March,85,29,17,54,4,42500,58.1,2,2,552500,4.1,2125,2080,45,Low
St0070,2023,April,57,19,22,53,5,39672,70.0,0,0,357048,4.4,1653,1631,22,Medium
St0070,2023,May,115,40,12,36,4,110055,53.4,2,4,1320660,4.0,3335,3292,43,Low
St0070,2023,June,105,36,14,49,4,70980,55.0,4,20,922740,4.0,2730,2709,21,Low
St0070,2023,July,71,24,16,44,5,55664,51.7,0,0,779296,4.3,1988,1938,50,Low
St0070,2023,August,95,33,14,31,4,74100,63.0,1,2,1185600,4.6,2850,2792,58,Medium
St0070,2023,September,80,28,21,46,8,43200,65.0,0,0,561600,4.3,2400,2372,28,Medium
St0070,2023,October,72,25,21,39,5,64152,88.5,0,0,962280,4.7,1944,1925,19,High
St0070,2023,November,60,21,17,32,7,25920,84.4,0,0,259200,4.7,1440,1384,56,High
St0070,2023,December,97,33,18,31,6,53350,53.7,0,0,746900,4.8,2425,2393,32,Low
St0070,2024,January,121,42,21,48,5,66066,85.4,2,4,792792,3.9,3146,3098,48,High
St0070,2024,February,121,42,16,48,7,62073,74.7,4,8,620730,3.7,3267,3207,60,Medium
St0070,2024,March,123,43,15,41,4,99876,64.5,3,3,1098636,4.5,3567,3454,113,Medium
St0070,2024,April,112,39,25,30,8,50400,92.4,3,9,655200,3.7,2800,2709,91,High
St0070,2024,May,111,38,20,45,7,58275,90.1,4,12,874125,4.4,2775,2696,79,High
St0070,2024,June,101,35,16,37,6,67872,68.6,4,20,950208,3.6,2424,2355,69,Medium
St0070,2024,July,84,29,19,30,6,45864,66.7,0,0,596232,4.2,2184,2169,15,Medium
St0070,2024,August,99,34,15,53,5,74250,60.6,0,0,1039500,4.1,2475,2387,88,Medium
St0070,2024,September,135,47,17,39,5,77760,64.8,3,12,1244160,4.2,3240,3117,123,Medium
St0070,2024,October,100,35,17,32,5,72800,64.7,2,4,1164800,4.2,2800,2688,112,Medium
St0070,2024,November,98,34,21,54,5,85064,93.3,4,16,1105832,3.6,2744,2728,16,High
St0070,2024,December,155,54,26,32,9,128960,91.7,1,1,1676480,4.3,4030,3976,54,High
St0070,2025,January,101,35,22,44,8,47975,75.3,4,8,527725,3.6,2525,2484,41,Medium
St0070,2025,February,101,35,16,44,6,70902,84.0,2,4,1134432,4.3,2727,2626,101,High
St0070,2025,March,103,36,21,46,6,98571,86.5,1,3,985710,4.1,2987,2939,48,High
St0070,2025,April,142,49,13,39,4,105648,57.1,3,12,950832,3.6,3408,3335,73,Low
St0070,2025,May,110,38,22,52,8,59400,75.7,4,8,950400,4.4,3300,3174,126,Medium
St0070,2025,June,77,26,19,48,7,40964,82.0,2,4,368676,3.9,2156,2085,71,High
St0070,2025,July,100,35,19,48,6,50400,80.4,4,16,453600,3.5,2800,2766,34,High
St0070,2025,August,69,24,26,43,9,59616,91.3,4,12,536544,4.0,1656,1641,15,High
St0070,2025,September,154,53,14,34,3,77616,64.4,0,0,853776,4.3,3696,3641,55,Medium
St0070,2025,October,158,55,18,52,4,90060,70.9,1,1,1080720,3.8,4740,4613,127,Medium
St0070,2025,November,119,41,18,41,7,65450,93.9,2,10,850850,4.0,2975,2912,63,High
St0070,2025,December,119,41,26,47,9,124950,91.3,3,9,1374450,3.9,3570,3471,99,High
St0071,2021,January,121,42,22,55,6,75504,78.3,1,2,830544,4.4,2904,2797,107,Medium
St0071,2021,February,77,26,20,32,5,48510,79.1,4,16,485100,4.2,2310,2226,84,Medium
St0071,2021,March,151,52,22,48,7,91959,74.5,2,8,1011549,4.4,4379,4219,160,Medium
St0071,2021,April,161,56,19,31,6,147798,77.6,2,8,2364768,4.1,4347,4308,39,Medium
St0071,2021,May,171,59,16,52,7,92340,76.8,2,2,1477440,3.7,5130,5054,76,Medium
St0071,2021,June,126,44,15,51,6,95256,45.7,0,0,952560,4.5,3402,3299,103,Low
St0071,2021,July,75,26,18,53,5,46875,56.7,4,4,562500,3.9,1875,1818,57,Low
St0071,2021,August,137,47,10,52,4,86310,53.2,2,4,949410,4.7,4110,4022,88,Low
St0071,2021,September,123,43,19,38,5,81180,75.4,1,2,730620,4.0,3690,3584,106,Medium
St0071,2021,October,128,44,10,41,3,133632,50.3,3,6,1469952,3.9,3712,3669,43,Low
St0071,2021,November,95,33,15,41,4,71630,61.9,3,12,644670,4.4,2755,2718,37,Medium
St0071,2021,December,189,66,11,50,4,147987,59.1,0,0,1331883,4.2,5103,4975,128,Low
St0071,2022,January,124,43,12,52,3,104160,62.0,1,1,1562400,4.2,3472,3384,88,Medium
St0071,2022,February,174,60,16,52,7,104400,52.4,4,16,1252800,3.9,5220,5185,35,Low
St0071,2022,March,132,46,17,54,4,121968,78.0,0,0,1097712,4.4,3696,3625,71,Medium
St0071,2022,April,117,40,24,51,9,111969,81.0,1,1,1455597,4.6,3393,3356,37,High
St0071,2022,May,102,35,19,32,7,88536,69.3,4,16,796824,4.4,2856,2755,101,Medium
St0071,2022,June,134,46,18,55,6,73968,57.9,2,6,665712,4.3,3216,3109,107,Low
St0071,2022,July,187,65,17,41,7,103037,59.2,3,12,1236444,4.2,5423,5275,148,Low
St0071,2022,August,167,58,11,52,2,91182,49.8,3,3,820638,4.4,4342,4290,52,Low
St0071,2022,September,104,36,19,53,5,67600,57.8,2,6,811200,3.7,2600,2512,88,Low
St0071,2022,October,131,45,16,36,5,115804,62.0,0,0,1389648,4.4,3406,3283,123,Medium
St0071,2022,November,151,52,21,54,8,83352,82.0,1,2,1000224,4.3,3624,3511,113,High
St0071,2022,December,191,66,14,32,5,137520,67.0,1,1,1512720,4.4,4584,4495,89,Medium
St0071,2023,January,169,59,14,53,4,136214,51.3,4,20,1906996,4.5,4394,4238,156,Low
St0071,2023,February,187,65,15,50,3,95931,63.7,2,2,1151172,3.8,5049,4952,97,Medium
St0071,2023,March,169,59,15,54,5,79092,63.8,4,8,711828,3.5,4394,4351,43,Medium
St0071,2023,April,130,45,18,37,6,98020,81.3,2,2,1568320,4.2,3770,3703,67,High
St0071,2023,May,113,39,16,47,4,70173,73.5,4,4,912249,4.6,3051,2948,103,Medium
St0071,2023,June,253,88,20,55,8,205436,76.1,1,4,3286976,4.5,7084,6995,89,Medium
St0071,2023,July,119,41,21,35,5,112455,89.6,4,16,1686825,4.5,3213,3126,87,High
St0071,2023,August,170,59,18,35,4,88740,85.4,0,0,1064880,4.2,4930,4900,30,High
St0071,2023,September,220,77,22,32,5,158400,81.4,2,8,2534400,4.7,5280,5206,74,High
St0071,2023,October,233,81,21,30,6,195953,89.6,3,12,1763577,3.9,6757,6676,81,High
St0071,2023,November,245,85,20,38,7,178360,65.4,4,16,1783600,3.5,6860,6724,136,Medium
St0071,2023,December,146,51,20,47,7,72124,88.6,0,0,649116,3.9,3796,3728,68,High
St0071,2024,January,198,69,14,55,4,159588,70.4,2,4,2074644,3.7,5148,5107,41,Medium
St0071,2024,February,145,50,15,42,6,90625,70.8,0,0,1359375,4.4,3625,3580,45,Medium
St0071,2024,March,263,92,19,33,7,154644,93.8,4,16,2474304,4.4,7364,7138,226,High
St0071,2024,April,212,74,14,34,4,159000,74.4,2,6,2226000,4.4,5300,5137,163,Medium
St0071,2024,May,226,79,24,37,9,189840,81.4,0,0,2088240,4.0,6780,6626,154,High
St0071,2024,June,176,61,21,35,6,82368,72.5,2,8,1153152,3.9,4576,4512,64,Medium
St0071,2024,July,253,88,19,50,6,184437,62.8,1,1,2213244,4.1,6831,6617,214,Medium
St0071,2024,August,234,81,21,33,7,169650,80.6,3,12,2205450,4.3,5850,5711,139,High
St0071,2024,September,193,67,12,52,4,167910,56.3,0,0,2350740,4.8,5597,5525,72,Low
St0071,2024,October,329,115,13,39,4,286230,61.6,2,4,3434760,3.7,9870,9720,150,Medium
St0071,2024,November,327,114,19,50,7,264870,83.5,1,3,3443310,4.0,9810,9641,169,High
St0071,2024,December,143,50,25,55,8,120120,93.2,3,6,1801800,4.5,4004,3859,145,High
St0071,2025,January,297,103,17,34,7,301455,88.4,0,0,3014550,4.6,8613,8394,219,High
St0071,2025,February,319,111,12,35,3,241164,62.8,2,2,2652804,4.2,8613,8512,101,Medium
St0071,2025,March,144,50,21,50,8,72576,75.1,1,1,725760,4.6,4032,3872,160,Medium
St0071,2025,April,316,110,20,30,6,230048,86.7,0,0,2300480,4.7,8216,8150,66,High
St0071,2025,May,245,85,16,31,6,188160,80.4,2,2,1693440,4.0,5880,5780,100,High
St0071,2025,June,168,58,14,53,5,89376,63.0,4,8,1161888,4.3,4704,4552,152,Medium
St0071,2025,July,337,117,15,55,3,322509,60.3,1,1,2902581,3.8,9773,9554,219,Medium
St0071,2025,August,221,77,15,52,5,138125,62.6,1,5,1519375,4.1,5525,5348,177,Medium
St0071,2025,September,254,88,13,47,4,132080,68.2,4,12,1849120,4.0,6604,6359,245,Medium
St0071,2025,October,286,100,19,50,5,274560,64.6,3,6,3294720,4.5,8580,8477,103,Medium
St0071,2025,November,273,95,18,40,4,270270,92.3,3,9,4324320,4.0,8190,7981,209,High
St0071,2025,December,365,127,18,51,6,187245,72.0,3,12,2621430,4.1,9855,9489,366,Medium
St0072,2021,January,245,85,22,43,5,147000,79.9,4,8,1764000,4.5,5880,5839,41,Medium
St0072,2021,February,139,48,20,54,6,120930,61.4,2,2,1572090,4.7,4031,3917,114,Medium
St0072,2021,March,191,66,14,30,5,160440,63.7,0,0,2085720,3.8,5348,5149,199,Medium
St0072,2021,April,237,82,14,43,3,177750,68.3,1,5,2133000,4.4,5925,5766,159,Medium
St0072,2021,May,205,71,16,34,4,154570,47.8,3,6,2163980,4.1,5330,5134,196,Low
St0072,2021,June,249,87,17,41,5,153384,63.7,4,20,1380456,4.2,6972,6918,54,Medium
St0072,2021,July,212,74,17,36,6,106000,50.9,1,4,1696000,4.8,5300,5156,144,Low
St0072,2021,August,236,82,13,31,5,208624,50.0,0,0,2920736,4.8,6136,5992,144,Low
St0072,2021,September,221,77,12,30,5,119340,58.0,0,0,1909440,4.6,5967,5820,147,Low
St0072,2021,October,134,46,23,42,8,112158,76.2,3,3,1345896,4.6,3618,3521,97,Medium
St0072,2021,November,247,86,11,52,5,218348,49.9,0,0,1965132,4.1,6422,6326,96,Low
St0072,2021,December,169,59,16,48,7,73008,62.5,1,4,657072,4.4,4056,3920,136,Medium
St0072,2022,January,293,102,15,45,4,169940,77.4,1,3,1529460,4.1,8497,8168,329,Medium
St0072,2022,February,148,51,18,53,4,126984,70.0,4,8,1142856,3.6,3848,3782,66,Medium
St0072,2022,March,285,99,13,51,3,238545,63.7,4,12,3101085,3.6,7695,7525,170,Medium
St0072,2022,April,188,65,15,53,5,147392,56.4,0,0,2063488,4.5,5264,5084,180,Low
St0072,2022,May,277,96,16,51,5,240990,60.1,0,0,3373860,4.3,8033,7770,263,Medium
St0072,2022,June,234,81,14,46,3,176436,61.3,1,1,2470104,3.9,6786,6650,136,Medium
St0072,2022,July,236,82,14,46,5,178416,63.3,4,4,2140992,3.8,6608,6460,148,Medium
St0072,2022,August,197,68,17,55,4,118200,77.6,0,0,1418400,4.1,4925,4816,109,Medium
St0072,2022,September,170,59,17,52,4,138720,58.1,1,4,1664640,4.8,4080,3930,150,Low
St0072,2022,October,269,94,24,51,6,225153,81.5,0,0,3602448,4.0,7263,7131,132,High
St0072,2022,November,326,114,23,42,7,154850,80.6,2,2,2477600,4.0,8150,7912,238,High
St0072,2022,December,269,94,15,50,6,210896,54.4,2,4,2319856,4.1,7532,7435,97,Low
St0072,2023,January,350,122,13,31,3,163800,53.0,1,3,1801800,4.4,9100,8965,135,Low
St0072,2023,February,310,108,16,43,7,314650,82.4,3,12,2831850,3.8,8990,8820,170,High
St0072,2023,March,179,62,21,50,6,85025,89.3,3,12,850250,3.7,4475,4414,61,High
St0072,2023,April,207,72,18,45,6,134136,76.3,2,4,1341360,4.4,4968,4925,43,Medium
St0072,2023,May,213,74,18,43,7,149526,70.6,3,12,2392416,3.7,5538,5456,82,Medium
St0072,2023,June,222,77,16,51,7,142968,66.9,1,1,1286712,3.8,6216,6165,51,Medium
St0072,2023,July,305,106,14,40,6,219600,55.8,3,3,3074400,3.9,7320,7165,155,Low
St0072,2023,August,267,93,12,47,3,220275,51.7,4,20,2643300,4.3,6675,6626,49,Low
St0072,2023,September,325,113,20,44,8,179400,64.8,2,10,2511600,4.2,7800,7517,283,Medium
St0072,2023,October,356,124,13,41,5,240300,68.7,0,0,3844800,4.3,8900,8648,252,Medium
St0072,2023,November,347,121,21,48,5,288704,68.2,1,4,4041856,3.8,9022,8910,112,Medium
St0072,2023,December,301,105,20,51,8,325080,86.7,1,5,4226040,4.7,9030,8780,250,High
St0072,2024,January,310,108,18,37,7,217620,69.1,2,10,1958580,4.0,8370,8087,283,Medium
St0072,2024,February,321,112,18,30,6,208650,70.1,1,3,1877850,3.8,8025,7800,225,Medium
St0072,2024,March,211,73,24,35,9,142636,83.9,1,2,1996904,3.8,5486,5323,163,High
St0072,2024,April,287,100,12,55,5,179088,57.7,1,2,1790880,4.5,6888,6784,104,Low
St0072,2024,May,406,142,16,45,6,227360,72.8,0,0,3637760,4.0,11368,11246,122,Medium
St0072,2024,June,228,79,16,39,4,131100,57.8,4,12,2097600,3.8,5700,5586,114,Low
St0072,2024,July,253,88,15,54,4,144716,59.5,4,8,1447160,4.4,6578,6351,227,Low
St0072,2024,August,341,119,19,49,5,177320,91.8,1,5,1773200,3.9,8866,8534,332,High
St0072,2024,September,196,68,22,31,7,181104,71.8,3,3,2897664,3.9,5488,5415,73,Medium
St0072,2024,October,218,76,11,30,3,120118,54.5,2,2,1321298,3.9,6322,6192,130,Low
St0072,2024,November,399,139,18,55,7,280098,93.2,3,15,4481568,4.1,10374,10227,147,High
St0072,2024,December,352,123,15,54,3,274560,77.9,0,0,3843840,3.9,10560,10260,300,Medium
St0072,2025,January,425,148,18,53,6,221000,73.5,4,8,1989000,3.6,11050,10919,131,Medium
St0072,2025,February,261,91,16,43,4,225504,64.6,4,8,2029536,4.3,6264,6032,232,Medium
St0072,2025,March,465,162,19,32,4,411060,68.5,4,12,5754840,4.1,12090,11650,440,Medium
St0072,2025,April,396,138,18,43,6,308880,77.4,3,9,3706560,4.5,10296,10135,161,Medium
St0072,2025,May,287,100,20,43,6,178227,72.1,3,15,1782270,4.3,7749,7498,251,Medium
St0072,2025,June,241,84,22,30,5,229432,92.5,4,4,2064888,4.6,6748,6685,63,High
St0072,2025,July,341,119,16,34,7,368280,78.6,3,6,4051080,4.4,10230,10135,95,Medium
St0072,2025,August,464,162,18,42,4,242208,93.2,1,3,3148704,4.6,13456,13232,224,High
St0072,2025,September,239,83,26,37,9,131928,92.3,0,0,2110848,4.2,5736,5614,122,High
St0072,2025,October,440,154,15,37,4,320320,62.4,4,16,4484480,3.6,11440,11001,439,Medium
St0072,2025,November,466,163,14,48,5,251640,66.2,0,0,3019680,4.8,12582,12463,119,Medium
St0072,2025,December,370,129,20,33,5,305250,84.7,1,2,3357750,4.7,9250,9180,70,High
St0073,2021,January,189,66,15,30,3,122472,47.8,4,12,1714608,4.2,4536,4471,65,Low
St0073,2021,February,86,30,18,52,4,64500,63.3,3,9,580500,3.8,2150,2108,42,Medium
St0073,2021,March,102,35,22,36,8,75888,77.5,2,2,682992,3.9,2448,2388,60,Medium
St0073,2021,April,145,50,11,36,3,151380,52.2,3,12,1362420,4.4,4205,4078,127,Low
St0073,2021,May,171,59,21,42,6,110808,76.7,4,8,1108080,4.5,4104,3977,127,Medium
St0073,2021,June,176,61,22,39,7,83600,77.3,2,8,1170400,4.5,4400,4373,27,Medium
St0073,2021,July,130,45,14,34,3,65520,58.2,4,4,1048320,4.4,3120,3060,60,Low
St0073,2021,August,180,62,20,31,6,102060,85.0,2,4,1224720,3.7,4860,4693,167,High
St0073,2021,September,131,45,17,40,7,95368,70.1,4,20,1525888,4.2,3668,3556,112,Medium
St0073,2021,October,125,43,17,37,4,114750,48.4,3,15,1147500,3.7,3375,3288,87,Low
St0073,2021,November,154,53,18,53,5,93786,58.8,4,12,937860,4.1,4466,4435,31,Low
St0073,2021,December,168,58,18,48,5,131544,54.5,3,3,2104704,3.8,4536,4410,126,Low
St0073,2022,January,191,66,18,52,4,92826,61.3,1,4,1206738,4.2,5157,5080,77,Medium
St0073,2022,February,143,50,19,33,5,124410,80.5,2,8,1617330,4.2,4147,4092,55,High
St0073,2022,March,160,56,20,49,8,129920,82.1,4,20,1818880,3.9,4480,4399,81,High
St0073,2022,April,106,37,25,32,9,68900,86.1,4,20,689000,4.0,2756,2725,31,High
St0073,2022,May,169,59,18,49,4,92950,77.6,3,12,1487200,3.9,4225,4103,122,Medium
St0073,2022,June,181,63,16,51,6,141180,62.0,1,5,2258880,4.1,5430,5393,37,Medium
St0073,2022,July,119,41,17,52,4,85680,53.0,3,12,1370880,4.0,2856,2758,98,Low
St0073,2022,August,118,41,15,31,6,92040,78.8,2,10,828360,4.4,3068,3018,50,Medium
St0073,2022,September,136,47,20,55,5,102544,87.7,1,4,1538160,4.8,3944,3799,145,High
St0073,2022,October,235,82,11,55,2,230300,52.4,2,8,3684800,4.2,6580,6542,38,Low
St0073,2022,November,224,78,14,33,6,142912,68.5,4,4,1714944,3.9,6496,6452,44,Medium
St0073,2022,December,253,88,20,43,8,158125,78.9,2,2,2055625,4.0,6325,6097,228,Medium
St0073,2023,January,178,62,17,53,7,152724,60.8,0,0,2138136,4.5,4628,4534,94,Medium
St0073,2023,February,272,95,18,50,7,228480,72.8,3,9,2284800,4.5,8160,8118,42,Medium
St0073,2023,March,265,92,19,34,5,190800,79.9,2,8,2862000,4.3,6360,6127,233,Medium
St0073,2023,April,208,72,12,54,3,168480,52.4,2,2,1516320,3.8,6240,6006,234,Low
St0073,2023,May,118,41,13,42,5,56640,60.4,0,0,679680,4.5,2832,2788,44,Medium
St0073,2023,June,185,64,11,30,4,134125,58.5,3,15,1475375,4.0,4625,4560,65,Low
St0073,2023,July,269,94,20,32,8,174312,85.3,4,8,1568808,4.5,7263,7111,152,High
St0073,2023,August,228,79,15,41,3,125628,72.9,4,8,1381908,4.3,6612,6518,94,Medium
St0073,2023,September,256,89,16,38,7,224000,69.4,0,0,2464000,4.7,6400,6222,178,Medium
St0073,2023,October,234,81,17,37,4,189540,59.4,4,8,2843100,4.5,6318,6106,212,Low
St0073,2023,November,203,71,22,31,7,200158,87.5,2,6,2802212,4.6,5887,5732,155,High
St0073,2023,December,252,88,20,49,7,219240,75.1,0,0,2411640,4.2,7308,7119,189,Medium
St0073,2024,January,300,105,20,52,6,210000,93.4,2,4,2310000,4.0,7500,7299,201,High
St0073,2024,February,295,103,23,50,8,191160,77.8,1,2,2676240,4.8,7080,6945,135,Medium
St0073,2024,March,204,71,18,37,7,163200,64.5,1,2,2611200,4.1,5100,5061,39,Medium
St0073,2024,April,149,52,13,55,4,93870,67.7,3,3,938700,3.8,4470,4368,102,Medium
St0073,2024,May,198,69,17,34,4,172260,89.1,2,2,1894860,4.2,5940,5897,43,High
St0073,2024,June,159,55,18,47,5,111300,68.7,4,12,1224300,4.2,4452,4405,47,Medium
St0073,2024,July,294,102,18,38,4,296352,90.7,4,16,3259872,3.7,8232,7977,255,High
St0073,2024,August,285,99,19,51,7,148200,56.6,4,20,2223000,3.6,7410,7156,254,Low
St0073,2024,September,269,94,15,52,4,254205,57.7,4,16,3558870,3.7,7263,7008,255,Low
St0073,2024,October,168,58,22,31,8,131712,93.5,4,8,1448832,4.2,4704,4650,54,High
St0073,2024,November,186,65,14,54,4,95418,73.5,3,12,858762,4.5,5022,4870,152,Medium
St0073,2024,December,283,99,15,30,3,305640,56.9,0,0,3056400,4.5,8490,8190,300,Low
St0073,2025,January,218,76,19,53,7,102024,81.6,2,4,1020240,3.8,5668,5624,44,High
St0073,2025,February,177,61,19,52,6,146025,92.0,1,2,1606275,4.7,4425,4331,94,High
St0073,2025,March,337,117,14,42,5,193775,61.1,3,3,2131525,3.9,8425,8183,242,Medium
St0073,2025,April,291,101,19,39,4,168780,95.2,0,0,2025360,4.8,8439,8379,60,High
St0073,2025,May,188,65,19,45,6,162432,71.4,4,12,1461888,4.3,5076,4882,194,Medium
St0073,2025,June,354,123,18,48,4,285324,70.2,0,0,4279860,4.8,9204,8939,265,Medium
St0073,2025,July,251,87,18,54,6,189756,58.1,4,12,2656584,4.1,7028,6874,154,Low
St0073,2025,August,202,70,23,50,8,136350,84.8,0,0,1363500,4.3,5454,5353,101,High
St0073,2025,September,287,100,13,53,5,208936,62.6,2,2,3134040,3.7,7462,7405,57,Medium
St0073,2025,October,220,77,19,44,7,159500,60.1,1,1,1914000,4.0,6380,6125,255,Medium
St0073,2025,November,219,76,20,36,5,212868,81.1,4,16,2554416,4.1,5913,5802,111,High
St0073,2025,December,347,121,16,39,4,343530,58.3,0,0,4122360,4.0,10410,10049,361,Low
St0074,2021,January,104,36,21,46,7,89232,69.9,2,2,1249248,4.6,2704,2641,63,Medium
St0074,2021,February,87,30,15,32,3,63075,49.9,3,9,567675,3.7,2175,2113,62,Low
St0074,2021,March,69,24,16,31,6,57960,83.3,3,9,811440,4.2,1656,1638,18,High
St0074,2021,April,85,29,12,48,3,86700,62.8,0,0,1387200,4.5,2550,2465,85,Medium
St0074,2021,May,77,26,16,42,6,40425,64.6,1,1,606375,4.5,1925,1861,64,Medium
St0074,2021,June,75,26,12,52,6,46800,46.0,4,4,608400,3.5,1800,1744,56,Low
St0074,2021,July,61,21,17,43,4,49776,56.9,4,12,696864,4.6,1464,1454,10,Low
St0074,2021,August,109,38,12,32,6,61803,62.6,1,1,679833,3.7,2943,2828,115,Medium
St0074,2021,September,67,23,10,51,3,63784,50.9,2,10,829192,4.7,1876,1835,41,Low
St0074,2021,October,131,45,14,48,5,136764,58.9,1,5,1641168,4.4,3799,3769,30,Low
St0074,2021,November,60,21,19,45,5,57420,78.9,1,1,861300,4.6,1740,1686,54,Medium
St0074,2021,December,119,41,16,53,5,67830,68.0,2,10,746130,3.7,3570,3529,41,Medium
St0074,2022,January,70,24,19,52,6,54880,66.8,0,0,878080,4.4,1960,1917,43,Medium
St0074,2022,February,132,46,22,47,5,91080,70.7,1,4,1001880,4.1,3960,3903,57,Medium
St0074,2022,March,73,25,19,52,6,55042,75.4,0,0,880672,4.9,2117,2041,76,Medium
St0074,2022,April,131,45,12,34,4,77814,57.2,1,1,700326,4.3,3537,3480,57,Low
St0074,2022,May,89,31,17,33,4,90780,79.1,2,2,1089360,4.2,2670,2628,42,Medium
St0074,2022,June,68,23,18,51,5,57120,58.5,0,0,685440,3.9,1632,1571,61,Low
St0074,2022,July,120,42,16,42,5,97200,55.1,2,4,972000,4.1,3600,3556,44,Low
St0074,2022,August,63,22,13,37,3,40950,54.5,2,10,409500,4.0,1575,1519,56,Low
St0074,2022,September,143,50,22,50,8,75504,70.3,4,4,1208064,4.3,3432,3371,61,Medium
St0074,2022,October,134,46,19,50,6,100500,87.2,1,5,1105500,4.4,4020,3922,98,High
St0074,2022,November,140,49,18,46,5,125860,69.1,2,4,1887900,3.7,4060,3945,115,Medium
St0074,2022,December,162,56,14,45,4,147420,48.7,4,12,1769040,3.7,4212,4135,77,Low
St0074,2023,January,98,34,21,39,7,76832,78.4,2,8,691488,4.7,2744,2695,49,Medium
St0074,2023,February,167,58,17,32,6,165330,84.0,2,4,2645280,4.0,5010,4877,133,High
St0074,2023,March,75,26,19,46,7,50025,89.7,4,20,800400,3.5,2175,2125,50,High
St0074,2023,April,116,40,14,51,3,69600,73.2,0,0,1113600,4.8,3480,3456,24,Medium
St0074,2023,May,141,49,19,36,6,109275,58.8,3,12,1202025,4.4,3525,3426,99,Low
St0074,2023,June,117,40,10,40,2,60840,51.4,1,1,669240,4.6,3042,2998,44,Low
St0074,2023,July,162,56,18,43,6,165240,78.1,0,0,1817640,4.6,4860,4793,67,Medium
St0074,2023,August,158,55,22,48,7,123872,76.1,3,12,1610336,4.1,4424,4266,158,Medium
St0074,2023,September,160,56,23,54,6,76800,90.3,0,0,1152000,4.4,3840,3792,48,High
St0074,2023,October,187,65,19,44,7,92378,83.2,0,0,923780,4.3,4862,4706,156,High
St0074,2023,November,119,41,17,49,4,93296,79.7,3,15,839664,4.0,3332,3305,27,Medium
St0074,2023,December,101,35,21,51,5,78780,89.9,2,10,945360,3.9,2626,2587,39,High
St0074,2024,January,125,43,24,55,8,105000,88.4,0,0,945000,4.1,3500,3427,73,High
St0074,2024,February,92,32,12,48,3,66240,59.9,2,2,794880,3.9,2208,2169,39,Low
St0074,2024,March,159,55,23,30,6,83952,86.0,3,6,755568,3.7,3816,3709,107,High
St0074,2024,April,107,37,13,45,5,89880,54.2,2,8,1168440,4.2,3210,3138,72,Low
St0074,2024,May,184,64,20,53,6,167440,76.3,2,2,2679040,4.2,4784,4658,126,Medium
St0074,2024,June,162,56,22,45,5,81648,82.7,2,8,898128,3.7,4536,4510,26,High
St0074,2024,July,153,53,24,54,8,128061,82.1,0,0,1536732,4.1,4131,3998,133,High
St0074,2024,August,194,67,18,38,4,146276,78.7,1,5,1901588,3.9,5044,4849,195,Medium
St0074,2024,September,174,60,15,34,4,95004,67.3,2,2,950040,4.2,4524,4443,81,Medium
St0074,2024,October,182,63,24,35,7,113568,80.3,3,15,1476384,4.2,4732,4665,67,High
St0074,2024,November,132,46,18,34,6,72072,67.7,0,0,936936,4.3,3432,3336,96,Medium
St0074,2024,December,162,56,18,49,4,113400,78.3,0,0,1474200,4.1,4050,3957,93,Medium
St0074,2025,January,167,58,22,53,5,84168,78.9,3,6,1262520,3.8,4676,4538,138,Medium
St0074,2025,February,194,67,14,30,6,209520,66.0,1,4,2304720,4.3,5820,5628,192,Medium
St0074,2025,March,109,38,22,49,6,97664,94.3,1,4,878976,3.9,3052,2994,58,High
St0074,2025,April,150,52,20,49,6,89700,70.7,2,4,1255800,3.8,3900,3757,143,Medium
St0074,2025,May,215,75,14,46,5,182750,68.3,1,5,2741250,4.2,5375,5336,39,Medium
St0074,2025,June,225,78,22,43,8,221850,88.4,3,3,2440350,3.8,6525,6410,115,High
St0074,2025,July,106,37,16,37,7,103880,79.2,1,2,1246560,4.5,2968,2868,100,Medium
St0074,2025,August,138,48,15,53,3,120060,70.5,4,12,1080540,4.2,4140,4010,130,Medium
St0074,2025,September,217,75,22,47,5,210924,85.3,3,15,2531088,3.7,5859,5696,163,High
St0074,2025,October,185,64,11,43,2,124875,57.8,1,4,1248750,4.4,4995,4799,196,Low
St0074,2025,November,218,76,16,55,5,135378,79.2,0,0,1489158,4.5,5886,5680,206,Medium
St0074,2025,December,257,89,20,46,5,115650,93.9,3,6,1734750,4.1,6425,6260,165,High
St0075,2021,January,57,19,16,32,4,47424,57.0,2,2,426816,3.7,1482,1425,57,Low
St0075,2021,February,118,41,20,50,7,63720,70.5,3,6,955800,4.0,3186,3061,125,Medium
St0075,2021,March,93,32,12,39,5,69750,53.4,1,5,767250,4.8,2325,2303,22,Low
St0075,2021,April,59,20,20,44,5,46020,84.2,3,15,552240,4.6,1770,1754,16,High
St0075,2021,May,104,36,11,39,3,84448,45.7,3,9,760032,4.0,3016,2978,38,Low
St0075,2021,June,66,23,10,46,4,53592,46.3,3,6,535920,4.1,1848,1807,41,Low
St0075,2021,July,55,19,19,45,6,47190,58.5,0,0,613470,4.0,1430,1406,24,Low
St0075,2021,August,83,29,11,54,5,56025,54.6,0,0,616275,4.1,2075,2021,54,Low
St0075,2021,September,114,39,15,45,6,72732,61.5,3,15,727320,3.8,3306,3279,27,Medium
St0075,2021,October,125,43,15,37,6,126000,52.0,2,4,1512000,3.7,3500,3437,63,Low
St0075,2021,November,131,45,24,53,6,121044,80.7,3,9,1089396,4.2,3668,3608,60,High
St0075,2021,December,74,25,17,41,5,36556,66.2,0,0,402116,4.3,1924,1914,10,Medium
St0075,2022,January,69,24,23,43,6,35880,87.8,0,0,394680,4.7,1794,1744,50,High
St0075,2022,February,73,25,16,37,7,42924,65.2,1,4,386316,4.5,2044,2013,31,Medium
St0075,2022,March,115,40,24,54,9,71760,83.3,0,0,789360,4.1,2990,2928,62,High
St0075,2022,April,133,46,22,32,8,62244,71.6,0,0,995904,4.1,3458,3438,20,Medium
St0075,2022,May,129,45,17,41,6,115584,67.3,2,2,1155840,4.5,3612,3543,69,Medium
St0075,2022,June,74,25,22,45,8,37296,87.2,0,0,410256,4.8,2072,1994,78,High
St0075,2022,July,138,48,18,50,4,115920,53.4,0,0,1043280,4.5,3864,3813,51,Low
St0075,2022,August,87,30,22,52,5,56376,87.9,1,3,845640,3.8,2349,2264,85,High
St0075,2022,September,116,40,20,33,5,62640,61.4,4,20,563760,4.3,3132,3031,101,Medium
St0075,2022,October,86,30,21,41,8,58050,67.8,0,0,928800,4.4,2322,2262,60,Medium
St0075,2022,November,106,37,13,51,6,63600,64.4,2,6,699600,3.6,2650,2584,66,Medium
St0075,2022,December,107,37,14,50,3,96300,73.9,1,2,1251900,4.8,2675,2599,76,Medium
St0075,2023,January,125,43,10,53,5,94500,53.2,0,0,1417500,4.7,3500,3362,138,Low
St0075,2023,February,115,40,16,41,4,62100,60.1,3,3,993600,3.7,3450,3329,121,Medium
St0075,2023,March,157,54,15,51,4,104719,62.8,2,10,1570785,3.7,4553,4516,37,Medium
St0075,2023,April,140,49,13,43,5,98000,51.1,4,8,1568000,3.6,3500,3380,120,Low
St0075,2023,May,115,40,22,43,6,59800,74.3,2,4,538200,4.4,2990,2901,89,Medium
St0075,2023,June,142,49,23,47,8,84348,77.3,0,0,1349568,4.8,3834,3732,102,Medium
St0075,2023,July,149,52,19,45,4,92976,65.9,3,3,1487616,4.6,3576,3456,120,Medium
St0075,2023,August,151,52,20,35,5,141336,88.8,1,1,2261376,3.9,3926,3788,138,High
St0075,2023,September,89,31,19,39,7,53222,67.1,4,4,691886,4.0,2314,2251,63,Medium
St0075,2023,October,183,64,23,40,8,159210,79.0,4,20,1592100,4.4,5490,5403,87,Medium
St0075,2023,November,109,38,12,38,5,87200,51.3,3,12,784800,4.0,2725,2635,90,Low
St0075,2023,December,182,63,16,47,4,105560,73.1,3,15,1688960,4.1,5278,5234,44,Medium
St0075,2024,January,93,32,19,52,7,54684,77.3,3,12,546840,3.9,2604,2523,81,Medium
St0075,2024,February,172,60,24,31,7,143104,92.7,4,4,1574144,4.3,4472,4413,59,High
St0075,2024,March,187,65,18,47,5,116688,89.9,2,10,1166880,4.4,4862,4729,133,High
St0075,2024,April,105,36,20,44,5,92820,71.5,2,4,1485120,4.5,2730,2651,79,Medium
St0075,2024,May,150,52,13,30,6,101250,68.0,0,0,1113750,3.8,4050,3942,108,Medium
St0075,2024,June,133,46,14,31,3,99750,58.1,3,12,1197000,3.9,3325,3277,48,Low
St0075,2024,July,198,69,17,47,6,109098,77.4,0,0,1527372,4.0,5742,5709,33,Medium
St0075,2024,August,157,54,19,48,4,141300,65.5,4,12,2119500,4.2,4710,4555,155,Medium
St0075,2024,September,106,37,22,41,7,77168,87.0,4,8,1234688,3.7,2968,2853,115,High
St0075,2024,October,165,57,24,52,7,95700,81.9,2,6,1435500,4.7,4785,4662,123,High
St0075,2024,November,122,42,17,35,6,79056,58.7,3,3,869616,4.4,3294,3191,103,Low
St0075,2024,December,196,68,17,51,6,170520,64.1,4,16,2216760,4.5,5880,5778,102,Medium
St0075,2025,January,104,36,20,36,6,66976,90.0,4,16,1004640,4.4,2912,2862,50,High
St0075,2025,February,132,46,13,51,6,85800,62.1,0,0,772200,4.7,3432,3319,113,Medium
St0075,2025,March,221,77,19,46,6,206856,90.0,3,12,2068560,3.6,5746,5641,105,High
St0075,2025,April,138,48,14,47,3,89424,74.9,1,3,1430784,4.4,3726,3635,91,Medium
St0075,2025,May,146,51,16,46,4,118260,76.6,2,6,1182600,4.1,4380,4329,51,Medium
St0075,2025,June,199,69,24,45,7,103878,89.4,4,16,1246536,4.4,5771,5585,186,High
St0075,2025,July,189,66,16,40,7,168399,58.9,1,3,2020788,4.2,5103,5043,60,Low
St0075,2025,August,184,64,20,35,7,167440,86.6,0,0,2511600,4.8,4784,4663,121,High
St0075,2025,September,115,40,11,50,4,113850,57.2,4,20,1366200,4.1,3450,3426,24,Low
St0075,2025,October,137,47,20,52,7,106860,63.6,2,8,1709760,4.2,4110,4008,102,Medium
St0075,2025,November,125,43,22,43,6,135000,90.5,3,12,2025000,3.9,3750,3602,148,High
St0075,2025,December,171,59,19,54,4,134064,86.2,3,15,1608768,4.0,4788,4642,146,High
St0076,2021,January,118,41,23,38,5,106200,84.9,0,0,1274400,4.3,3540,3426,114,High
St0076,2021,February,166,58,15,33,3,111552,60.6,4,16,1673280,4.0,3984,3891,93,Medium
St0076,2021,March,112,39,11,36,3,48384,55.3,3,15,725760,4.6,2688,2644,44,Low
St0076,2021,April,110,38,22,48,6,80080,75.5,1,5,720720,4.7,2860,2811,49,Medium
St0076,2021,May,103,36,22,36,6,92288,84.7,4,8,922880,4.0,2884,2838,46,High
St0076,2021,June,80,28,16,34,6,64480,72.0,3,12,580320,3.6,2080,2017,63,Medium
St0076,2021,July,123,43,15,37,4,102336,76.4,3,3,1637376,4.3,3198,3117,81,Medium
St0076,2021,August,99,34,18,42,7,77220,57.7,2,2,1003860,4.2,2970,2919,51,Low
St0076,2021,September,94,32,16,46,7,69936,54.5,3,15,1118976,3.8,2256,2206,50,Low
St0076,2021,October,160,56,15,45,3,122880,53.8,4,20,1351680,3.8,3840,3733,107,Low
St0076,2021,November,158,55,13,47,6,123240,47.9,0,0,1725360,3.9,4740,4573,167,Low
St0076,2021,December,91,31,14,41,4,76440,45.9,0,0,687960,4.2,2730,2679,51,Low
St0076,2022,January,174,60,22,55,8,87696,85.6,0,0,1227744,4.8,4176,4105,71,High
St0076,2022,February,144,50,23,47,8,111600,76.7,3,9,1674000,3.7,3600,3470,130,Medium
St0076,2022,March,188,65,24,45,8,152656,82.4,4,12,2137184,3.7,5452,5391,61,High
St0076,2022,April,215,75,19,43,5,155875,82.7,0,0,1870500,3.9,5375,5210,165,High
St0076,2022,May,162,56,15,34,6,101250,60.6,4,20,1113750,4.3,4050,3970,80,Medium
St0076,2022,June,132,46,13,54,5,103356,65.8,3,3,1550340,3.9,3564,3508,56,Medium
St0076,2022,July,124,43,21,39,7,72912,77.1,0,0,656208,4.4,3472,3449,23,Medium
St0076,2022,August,162,56,16,52,6,83106,81.1,2,10,997272,3.7,4374,4255,119,High
St0076,2022,September,177,61,17,53,7,151866,83.1,1,2,1670526,4.5,4602,4571,31,High
St0076,2022,October,174,60,19,55,4,83520,63.2,0,0,751680,4.3,4176,4152,24,Medium
St0076,2022,November,176,61,20,53,5,109824,83.5,1,2,1098240,4.1,4576,4431,145,High
St0076,2022,December,146,51,24,52,9,147168,88.0,4,4,1913184,4.3,4088,3979,109,High
St0076,2023,January,240,84,18,51,4,172800,61.4,2,2,2419200,4.5,7200,7028,172,Medium
St0076,2023,February,180,62,19,35,5,161280,80.6,1,3,1612800,4.0,5040,4900,140,High
St0076,2023,March,120,42,15,51,3,68040,61.1,2,6,816480,4.4,3240,3194,46,Medium
St0076,2023,April,241,84,19,42,4,188703,76.5,4,4,2641842,3.9,6989,6894,95,Medium
St0076,2023,May,175,61,20,52,8,122500,87.0,3,3,1592500,4.2,4900,4773,127,High
St0076,2023,June,161,56,23,43,6,124775,77.0,1,1,1497300,4.7,4025,3995,30,Medium
St0076,2023,July,197,68,19,31,5,114260,84.8,1,4,1599640,4.6,5713,5578,135,High
St0076,2023,August,250,87,14,38,6,214500,71.6,2,10,3003000,3.7,6500,6272,228,Medium
St0076,2023,September,237,82,23,46,6,130350,75.1,1,2,1955250,4.6,5925,5812,113,Medium
St0076,2023,October,284,99,21,51,6,213000,78.6,1,2,2982000,4.7,8520,8475,45,Medium
St0076,2023,November,250,87,20,45,6,232500,66.7,1,5,3255000,4.4,7500,7367,133,Medium
St0076,2023,December,174,60,21,49,7,95004,68.6,0,0,950040,4.9,4524,4415,109,Medium
St0076,2024,January,279,97,22,33,7,187488,88.4,1,1,2437344,4.4,7812,7615,197,High
St0076,2024,February,161,56,20,34,7,127512,88.4,2,6,1912680,3.8,3864,3812,52,High
St0076,2024,March,151,52,22,55,6,99660,73.9,4,4,1295580,4.5,4530,4370,160,Medium
St0076,2024,April,160,56,16,40,5,72960,77.4,4,12,875520,4.1,3840,3764,76,Medium
St0076,2024,May,143,50,14,36,4,118976,74.5,0,0,1665664,4.6,3718,3633,85,Medium
St0076,2024,June,241,84,13,34,3,202440,58.3,1,5,1821960,4.2,7230,7187,43,Low
St0076,2024,July,298,104,19,33,7,250320,89.4,1,1,3254160,4.0,8940,8607,333,High
St0076,2024,August,202,70,21,39,8,187860,81.0,3,15,1878600,4.5,6060,5956,104,High
St0076,2024,September,243,85,16,31,6,153090,68.5,0,0,1530900,4.0,7290,7196,94,Medium
St0076,2024,October,214,74,20,42,8,115560,62.2,0,0,1617840,4.6,5778,5704,74,Medium
St0076,2024,November,278,97,19,35,6,159016,58.6,1,4,2226224,4.8,7228,6997,231,Low
St0076,2024,December,289,101,16,32,7,130050,56.1,0,0,2080800,4.0,7225,7117,108,Low
St0076,2025,January,314,109,23,32,5,161082,95.7,2,10,1771902,3.9,8478,8383,95,High
St0076,2025,February,256,89,19,51,6,165888,77.0,2,2,1824768,4.7,6912,6782,130,Medium
St0076,2025,March,184,64,18,34,7,150144,73.0,1,1,1801728,4.8,4416,4316,100,Medium
St0076,2025,April,321,112,15,45,5,305592,66.0,0,0,3667104,4.8,8988,8851,137,Medium
St0076,2025,May,305,106,14,34,6,307440,67.1,0,0,3689280,4.2,8540,8227,313,Medium
St0076,2025,June,190,66,17,45,6,104500,78.6,3,6,1567500,3.6,4750,4721,29,Medium
St0076,2025,July,155,54,19,50,6,88660,71.0,1,3,1152580,4.7,4030,3908,122,Medium
St0076,2025,August,244,85,20,37,7,134444,92.2,1,1,2016660,4.4,7076,7033,43,High
St0076,2025,September,322,112,21,45,6,270480,94.2,0,0,4327680,3.8,9016,8769,247,High
St0076,2025,October,320,112,17,43,6,315520,77.5,4,4,3786240,3.5,9280,9175,105,Medium
St0076,2025,November,319,111,20,36,8,301455,81.2,0,0,4220370,4.6,8613,8387,226,High
St0076,2025,December,189,66,18,45,7,204120,82.8,0,0,3265920,3.9,5670,5608,62,High
St0077,2021,January,90,31,13,49,4,77760,46.7,1,3,699840,3.8,2430,2371,59,Low
St0077,2021,February,92,32,10,41,4,81972,45.2,2,10,1311552,4.1,2484,2465,19,Low
St0077,2021,March,77,26,17,38,7,40040,68.2,1,2,400400,4.5,2002,1937,65,Medium
St0077,2021,April,54,18,17,43,7,39312,57.7,4,8,432432,4.0,1404,1371,33,Low
St0077,2021,May,59,20,14,50,6,41418,59.9,4,8,579852,4.3,1593,1557,36,Low
St0077,2021,June,65,22,11,44,2,43680,50.0,4,20,698880,4.0,1820,1765,55,Low
St0077,2021,July,84,29,14,39,6,85680,45.0,0,0,771120,4.9,2520,2452,68,Low
St0077,2021,August,104,36,14,35,5,89856,68.8,1,4,1347840,4.5,2808,2781,27,Medium
St0077,2021,September,56,19,16,45,7,47600,66.6,2,6,761600,4.5,1400,1365,35,Medium
St0077,2021,October,131,45,18,36,7,69168,77.5,1,3,968352,4.2,3144,3022,122,Medium
St0077,2021,November,57,19,21,34,8,50388,76.6,4,4,604656,4.5,1482,1453,29,Medium
St0077,2021,December,119,41,17,55,4,113883,71.4,4,16,1708245,3.8,3451,3367,84,Medium
St0077,2022,January,127,44,17,55,6,106680,58.7,2,4,1706880,3.8,3810,3704,106,Low
St0077,2022,February,139,48,20,40,7,131355,70.5,3,12,1970325,3.9,3753,3610,143,Medium
St0077,2022,March,78,27,17,41,4,70200,78.4,2,2,842400,3.9,1950,1925,25,Medium
St0077,2022,April,118,41,16,42,7,76464,79.3,4,8,764640,4.0,3186,3152,34,Medium
St0077,2022,May,93,32,14,53,6,66960,63.9,4,20,669600,4.1,2790,2719,71,Medium
St0077,2022,June,90,31,20,54,5,46170,64.8,4,4,738720,4.2,2430,2359,71,Medium
St0077,2022,July,81,28,16,37,5,40824,59.1,2,6,571536,4.2,2268,2200,68,Low
St0077,2022,August,83,29,14,46,4,80676,67.8,0,0,1290816,4.0,2241,2203,38,Medium
St0077,2022,September,71,24,15,40,3,55025,51.5,2,2,605275,3.8,1775,1720,55,Low
St0077,2022,October,157,54,17,34,7,90432,72.4,3,12,1266048,3.9,3768,3698,70,Medium
St0077,2022,November,118,41,21,37,5,98766,65.7,2,10,888894,3.7,3186,3103,83,Medium
St0077,2022,December,138,48,17,52,5,74520,54.5,2,2,819720,4.5,3726,3672,54,Low
St0077,2023,January,153,53,14,51,5,130050,62.3,3,6,1690650,3.7,3825,3778,47,Medium
St0077,2023,February,123,43,12,36,5,59040,53.9,1,1,885600,4.0,2952,2840,112,Low
St0077,2023,March,131,45,23,34,6,129690,88.1,3,9,1426590,4.3,3930,3801,129,High
St0077,2023,April,169,59,15,43,4,83486,77.4,2,4,834860,3.7,4394,4265,129,Medium
St0077,2023,May,168,58,22,49,7,126672,82.5,0,0,1646736,4.4,4872,4694,178,High
St0077,2023,June,80,28,15,40,6,55680,60.5,3,3,556800,4.5,2320,2305,15,Medium
St0077,2023,July,139,48,19,55,6,86319,60.0,2,8,949509,4.6,3753,3726,27,Low
St0077,2023,August,101,35,21,37,5,82012,68.4,4,20,1066156,3.8,2929,2868,61,Medium
St0077,2023,September,172,60,18,53,5,154800,84.9,2,10,2012400,3.9,5160,5092,68,High
St0077,2023,October,140,49,17,47,7,80500,63.8,1,4,1046500,4.7,3500,3445,55,Medium
St0077,2023,November,96,33,16,50,7,86016,61.8,2,2,1118208,4.3,2688,2613,75,Medium
St0077,2023,December,150,52,17,36,7,139200,71.2,4,8,1809600,3.8,4350,4302,48,Medium
St0077,2024,January,128,44,24,48,7,119040,87.7,1,5,1190400,4.0,3840,3820,20,High
St0077,2024,February,159,55,18,37,7,151368,77.8,2,4,1967784,3.9,4452,4341,111,Medium
St0077,2024,March,116,40,12,55,5,112752,63.9,4,4,1353024,3.9,3132,3112,20,Medium
St0077,2024,April,165,57,23,40,8,94380,87.3,2,8,1132560,4.4,4290,4124,166,High
St0077,2024,May,149,52,18,55,6,102810,56.5,3,6,1336530,4.4,4470,4318,152,Low
St0077,2024,June,157,54,23,52,7,145696,81.1,3,9,1602656,4.2,4553,4464,89,High
St0077,2024,July,122,42,18,51,4,114192,62.8,2,8,1712880,3.9,3172,3127,45,Medium
St0077,2024,August,166,58,20,35,5,107568,78.4,3,9,1183248,3.9,3984,3872,112,Medium
St0077,2024,September,170,59,21,37,5,96900,92.7,3,15,1550400,4.1,5100,4917,183,High
St0077,2024,October,166,58,15,35,3,85158,72.7,2,2,766422,3.7,4482,4345,137,Medium
St0077,2024,November,181,63,18,34,7,162719,64.8,2,4,1464471,4.4,5249,5196,53,Medium
St0077,2024,December,152,53,20,50,6,106400,66.4,0,0,1170400,4.0,3800,3738,62,Medium
St0077,2025,January,206,72,22,51,7,187460,95.6,3,6,2624440,4.4,5356,5263,93,High
St0077,2025,February,139,48,20,40,8,93408,79.0,2,2,840672,4.5,3892,3867,25,Medium
St0077,2025,March,175,61,22,32,8,126875,74.6,3,12,1268750,3.8,4375,4339,36,Medium
St0077,2025,April,222,77,18,41,7,217560,68.6,2,8,2393160,4.0,6216,6169,47,Medium
St0077,2025,May,132,46,15,40,3,85536,67.7,1,3,1368576,3.9,3168,3145,23,Medium
St0077,2025,June,187,65,24,52,9,135575,86.5,2,2,1220175,4.6,4675,4543,132,High
St0077,2025,July,221,77,21,54,7,179010,94.2,0,0,2327130,4.6,5967,5903,64,High
St0077,2025,August,184,64,22,48,8,96048,78.8,0,0,1344672,4.2,5336,5123,213,Medium
St0077,2025,September,165,57,21,55,6,140250,68.5,0,0,1262250,4.7,4125,4049,76,Medium
St0077,2025,October,165,57,19,51,6,143220,71.1,2,2,1432200,4.0,4620,4448,172,Medium
St0077,2025,November,233,81,20,40,7,150052,86.2,4,12,2250780,3.5,6524,6393,131,High
St0077,2025,December,151,52,20,53,6,105096,96.5,2,8,945864,3.9,4379,4309,70,High
St0078,2021,January,85,29,14,50,6,74375,51.1,3,6,669375,4.2,2125,2057,68,Low
St0078,2021,February,122,42,19,37,7,81374,71.0,4,8,976488,3.8,3538,3429,109,Medium
St0078,2021,March,131,45,11,30,3,85150,54.8,4,16,766350,3.6,3275,3213,62,Low
St0078,2021,April,80,28,14,45,5,58320,62.6,2,2,758160,3.9,2160,2122,38,Medium
St0078,2021,May,62,21,20,50,5,36828,73.7,1,1,405108,4.5,1674,1614,60,Medium
St0078,2021,June,113,39,16,51,5,98084,45.6,1,3,1275092,4.7,3164,3069,95,Low
St0078,2021,July,129,45,24,52,7,134676,83.2,4,4,2154816,3.6,3741,3644,97,High
St0078,2021,August,119,41,15,39,5,93296,73.0,3,15,1399440,3.8,3332,3281,51,Medium
St0078,2021,September,70,24,20,55,6,61250,83.1,3,3,551250,4.7,1750,1688,62,High
St0078,2021,October,120,42,15,51,6,118320,48.1,3,12,1301520,4.5,3480,3416,64,Low
St0078,2021,November,110,38,17,39,4,89320,79.8,4,16,803880,4.4,3190,3118,72,Medium
St0078,2021,December,111,38,23,37,6,66600,81.0,2,10,599400,4.4,2664,2624,40,High
St0078,2022,January,108,37,25,44,7,98280,86.1,2,4,1572480,4.5,2808,2753,55,High
St0078,2022,February,107,37,20,35,5,86884,85.5,4,8,781956,4.0,3103,2990,113,High
St0078,2022,March,67,23,16,48,7,36917,65.5,3,3,406087,3.8,1943,1880,63,Medium
St0078,2022,April,81,28,18,38,6,66096,57.9,0,0,925344,4.6,1944,1889,55,Low
St0078,2022,May,85,29,13,50,3,80325,48.5,2,6,1285200,4.1,2295,2203,92,Low
St0078,2022,June,157,54,18,38,7,141300,67.6,2,10,1554300,4.2,4710,4555,155,Medium
St0078,2022,July,73,25,18,49,5,76650,66.7,0,0,1149750,4.6,2190,2146,44,Medium
St0078,2022,August,103,36,22,39,8,91773,76.5,0,0,1376595,4.7,2781,2704,77,Medium
St0078,2022,September,99,34,19,33,7,61875,66.1,3,3,804375,3.7,2475,2397,78,Medium
St0078,2022,October,162,56,19,50,4,117936,69.4,1,4,1061424,4.6,4212,4126,86,Medium
St0078,2022,November,82,28,23,53,6,51168,80.5,1,5,767520,4.8,2132,2096,36,High
St0078,2022,December,95,33,16,35,7,88160,68.2,3,15,1234240,3.9,2755,2685,70,Medium
St0078,2023,January,147,51,18,46,7,102312,75.5,4,20,1227744,4.3,3528,3419,109,Medium
St0078,2023,February,167,58,18,44,4,117234,57.7,2,2,1758510,3.7,4509,4332,177,Low
St0078,2023,March,180,62,13,43,3,104400,54.8,0,0,1044000,4.8,5220,5013,207,Low
St0078,2023,April,164,57,13,53,6,119556,59.3,4,8,1793340,3.5,4428,4364,64,Low
St0078,2023,May,90,31,19,54,4,78300,90.4,4,16,1252800,3.6,2610,2517,93,High
St0078,2023,June,92,32,16,42,4,82432,70.5,2,10,1318912,3.7,2576,2531,45,Medium
St0078,2023,July,119,41,23,35,5,59976,90.5,2,6,719712,4.5,2856,2797,59,High
St0078,2023,August,149,52,13,50,4,96552,53.0,3,9,1544832,4.3,3576,3530,46,Low
St0078,2023,September,125,43,13,47,3,87750,62.1,0,0,1404000,4.7,3250,3165,85,Medium
St0078,2023,October,108,37,22,37,8,61560,85.8,0,0,615600,4.8,3240,3160,80,High
St0078,2023,November,194,67,16,41,7,116400,79.1,0,0,1629600,4.7,5820,5609,211,Medium
St0078,2023,December,116,40,14,48,6,100224,70.8,1,3,1002240,4.3,3132,3071,61,Medium
St0078,2024,January,121,42,14,46,3,66550,60.3,4,12,865150,4.4,3025,2967,58,Medium
St0078,2024,February,195,68,21,41,5,167310,83.5,0,0,1840410,4.7,5070,4969,101,High
St0078,2024,March,93,32,18,42,4,62031,55.2,2,8,868434,3.9,2697,2679,18,Low
St0078,2024,April,191,66,13,39,4,171900,55.8,2,6,1890900,3.9,5730,5541,189,Low
St0078,2024,May,211,73,22,47,5,182304,86.2,1,2,2552256,4.6,5064,4976,88,High
St0078,2024,June,185,64,15,53,3,149850,68.8,3,9,2247750,3.9,4995,4948,47,Medium
St0078,2024,July,141,49,18,51,5,79947,81.8,1,2,799470,3.8,3807,3770,37,High
St0078,2024,August,178,62,23,45,7,89712,82.0,4,16,897120,4.0,4984,4914,70,High
St0078,2024,September,118,41,19,44,7,82836,71.9,4,8,745524,4.4,3068,2966,102,Medium
St0078,2024,October,225,78,23,50,5,189000,81.1,1,5,3024000,4.8,5400,5251,149,High
St0078,2024,November,124,43,16,32,5,103168,68.2,1,5,1650688,4.4,3224,3141,83,Medium
St0078,2024,December,208,72,13,34,3,194688,65.9,0,0,2920320,4.3,5408,5325,83,Medium
St0078,2025,January,125,43,14,37,3,94250,64.5,4,16,1413750,4.2,3625,3602,23,Medium
St0078,2025,February,143,50,16,46,7,135135,58.7,3,3,2027025,3.7,3861,3810,51,Low
St0078,2025,March,113,39,14,36,4,84750,63.5,3,6,1101750,4.2,3390,3289,101,Medium
St0078,2025,April,162,56,20,42,5,117450,71.5,2,6,1761750,4.3,4050,3996,54,Medium
St0078,2025,May,111,38,19,43,4,50616,78.1,2,8,455544,4.1,2664,2570,94,Medium
St0078,2025,June,122,42,25,45,6,116754,90.2,0,0,1167540,4.1,3538,3422,116,High
St0078,2025,July,170,59,15,51,6,100980,73.3,1,4,1514700,4.4,4590,4464,126,Medium
St0078,2025,August,122,42,21,33,5,111996,78.5,2,4,1679940,3.8,3294,3234,60,Medium
St0078,2025,September,217,75,18,48,7,135408,89.0,3,9,1895712,4.2,5642,5444,198,High
St0078,2025,October,257,89,22,54,8,208684,78.6,0,0,3130260,4.7,7453,7321,132,Medium
St0078,2025,November,192,67,20,35,8,144000,63.5,1,1,2016000,4.2,5760,5663,97,Medium
St0078,2025,December,256,89,21,50,6,122880,87.4,2,6,1351680,4.2,6144,5977,167,High
St0079,2021,January,48,16,11,51,3,26880,45.3,1,3,322560,3.8,1344,1337,7,Low
St0079,2021,February,62,21,17,52,7,50344,80.5,1,5,654472,4.2,1736,1706,30,High
St0079,2021,March,86,30,17,53,5,81872,48.7,0,0,818720,4.8,2408,2338,70,Low
St0079,2021,April,89,31,21,31,5,41652,67.2,0,0,374868,4.9,2314,2248,66,Medium
St0079,2021,May,70,24,13,48,5,36960,63.2,2,10,443520,4.7,1680,1640,40,Medium
St0079,2021,June,56,19,19,54,4,37352,55.4,2,10,373520,4.0,1624,1566,58,Low
St0079,2021,July,56,19,19,45,7,34104,67.0,1,1,306936,3.9,1624,1574,50,Medium
St0079,2021,August,71,24,10,36,4,63900,46.0,3,12,702900,4.3,1775,1752,23,Low
St0079,2021,September,72,25,16,38,7,66096,46.7,0,0,594864,4.1,1944,1867,77,Low
St0079,2021,October,80,28,13,32,4,56000,48.5,0,0,896000,4.6,2000,1975,25,Low
St0079,2021,November,101,35,17,49,5,93728,60.8,4,16,1218464,3.8,2929,2835,94,Medium
St0079,2021,December,73,25,11,34,2,56940,48.7,0,0,626340,4.1,2190,2163,27,Low
St0079,2022,January,112,39,15,43,3,90720,61.4,2,6,1451520,3.7,3024,2940,84,Medium
St0079,2022,February,89,31,12,41,3,69420,60.1,1,1,1041300,4.1,2670,2608,62,Medium
St0079,2022,March,103,36,16,38,7,76632,65.5,2,6,766320,3.9,2472,2436,36,Medium
St0079,2022,April,91,31,18,48,7,47775,57.6,0,0,668850,4.8,2275,2222,53,Low
St0079,2022,May,101,35,16,51,7,89284,76.4,1,5,1339260,4.0,2626,2525,101,Medium
St0079,2022,June,68,23,13,39,4,62424,66.0,4,20,561816,4.3,1836,1789,47,Medium
St0079,2022,July,87,30,14,39,3,42978,48.7,3,15,386802,4.2,2262,2244,18,Low
St0079,2022,August,52,18,20,33,7,49920,75.6,4,12,698880,3.6,1560,1520,40,Medium
St0079,2022,September,97,33,15,53,4,44232,51.6,4,4,530784,4.1,2328,2258,70,Low
St0079,2022,October,71,24,21,34,7,63900,73.6,4,4,702900,3.5,1775,1750,25,Medium
St0079,2022,November,109,38,23,50,6,101370,76.8,4,8,1115070,3.8,3270,3214,56,Medium
St0079,2022,December,59,20,17,37,6,51625,63.3,0,0,464625,4.2,1475,1450,25,Medium
St0079,2023,January,77,26,18,50,4,56056,86.9,2,10,504504,4.6,2156,2127,29,High
St0079,2023,February,89,31,20,52,7,43966,63.7,1,3,527592,4.0,2314,2287,27,Medium
St0079,2023,March,135,47,13,50,3,71280,53.0,4,8,1069200,3.5,3240,3155,85,Low
St0079,2023,April,70,24,14,33,4,60900,65.0,0,0,669900,4.5,2030,2001,29,Medium
St0079,2023,May,80,28,15,47,4,58320,77.3,0,0,874800,4.1,2160,2121,39,Medium
St0079,2023,June,118,41,13,30,3,63720,63.3,2,4,1019520,4.5,3186,3152,34,Medium
St0079,2023,July,132,46,12,39,6,89100,62.5,3,12,1158300,4.3,3300,3178,122,Medium
St0079,2023,August,91,31,15,41,4,50141,61.4,0,0,501410,3.9,2639,2625,14,Medium
St0079,2023,September,115,40,18,39,4,74520,84.8,0,0,894240,4.0,2760,2684,76,High
St0079,2023,October,127,44,15,48,5,89154,60.4,4,12,1426464,4.0,3429,3382,47,Medium
St0079,2023,November,129,45,22,31,5,80625,70.8,0,0,806250,4.0,3225,3183,42,Medium
St0079,2023,December,152,53,18,44,7,117800,69.6,4,8,1295800,3.9,3800,3757,43,Medium
St0079,2024,January,141,49,20,46,7,76140,80.2,4,8,989820,4.0,3807,3776,31,High
St0079,2024,February,79,27,16,42,5,45188,59.7,1,4,497068,4.5,2054,2023,31,Low
St0079,2024,March,93,32,19,31,6,53475,55.1,1,2,748650,4.6,2325,2234,91,Low
St0079,2024,April,154,53,24,35,9,81928,85.8,4,4,819280,4.2,4312,4266,46,High
St0079,2024,May,110,38,24,52,6,110880,80.3,4,20,997920,4.1,3080,2958,122,High
St0079,2024,June,153,53,21,48,6,128673,87.3,3,15,1801422,3.8,4437,4290,147,High
St0079,2024,July,155,54,17,33,4,124000,78.7,4,20,1364000,3.6,3875,3836,39,Medium
St0079,2024,August,95,33,13,46,6,64125,55.6,4,8,705375,3.7,2375,2358,17,Low
St0079,2024,September,121,42,14,48,6,83490,70.5,1,1,1168860,4.4,3630,3598,32,Medium
St0079,2024,October,121,42,23,43,5,123420,75.9,4,20,1110780,4.4,3630,3585,45,Medium
St0079,2024,November,118,41,16,54,4,89208,79.0,1,1,802872,4.8,3186,3071,115,Medium
St0079,2024,December,130,45,20,46,7,60840,82.9,3,9,547560,3.9,3380,3332,48,High
St0079,2025,January,131,45,20,51,5,110040,66.3,3,9,990360,4.5,3930,3832,98,Medium
St0079,2025,February,154,53,18,31,4,142296,78.4,3,6,1849848,3.7,4312,4263,49,Medium
St0079,2025,March,144,50,21,41,7,72576,95.2,1,5,943488,3.7,3456,3380,76,High
St0079,2025,April,172,60,21,36,8,154628,68.1,1,1,2164792,3.8,4988,4840,148,Medium
St0079,2025,May,170,59,17,41,5,147900,76.6,1,1,1774800,3.9,4930,4886,44,Medium
St0079,2025,June,103,36,14,44,3,69628,66.5,3,3,765908,4.5,2678,2580,98,Medium
St0079,2025,July,88,30,14,43,6,44352,69.3,0,0,532224,4.0,2464,2408,56,Medium
St0079,2025,August,103,36,21,49,6,81576,71.0,3,3,897336,3.7,2472,2378,94,Medium
St0079,2025,September,141,49,20,39,5,84600,67.7,0,0,930600,4.8,3525,3433,92,Medium
St0079,2025,October,179,62,15,47,6,120288,76.6,0,0,1924608,4.5,5012,4972,40,Medium
St0079,2025,November,149,52,21,55,7,128736,81.9,1,5,1931040,3.8,3576,3433,143,High
St0079,2025,December,152,53,20,34,7,127680,60.4,4,12,1915200,4.4,3648,3580,68,Medium
St0080,2021,January,153,53,13,33,5,123930,66.4,3,3,1363230,3.7,4131,4013,118,Medium
St0080,2021,February,137,47,14,45,4,111244,71.6,3,6,1557416,3.7,3836,3816,20,Medium
St0080,2021,March,180,62,18,34,7,84240,71.6,1,3,758160,4.8,4680,4616,64,Medium
St0080,2021,April,129,45,23,40,8,93525,77.1,2,4,1496400,3.7,3225,3136,89,Medium
St0080,2021,May,175,61,15,55,6,100800,57.2,2,2,1411200,4.0,4200,4052,148,Low
St0080,2021,June,164,57,17,43,7,140712,66.4,4,12,2251392,4.4,4264,4220,44,Medium
St0080,2021,July,100,35,16,33,5,67200,73.9,1,4,1008000,4.0,2800,2751,49,Medium
St0080,2021,August,172,60,16,35,5,159616,50.3,1,5,2234624,4.1,4988,4903,85,Low
St0080,2021,September,82,28,19,43,7,66092,80.9,1,1,793104,3.9,2132,2111,21,High
St0080,2021,October,114,39,16,32,7,73872,47.7,1,5,886464,4.8,2736,2679,57,Low
St0080,2021,November,161,56,21,35,8,81144,75.8,0,0,1217160,4.7,4508,4335,173,Medium
St0080,2021,December,182,63,20,37,8,122850,79.1,4,8,1351350,3.7,4550,4426,124,Medium
St0080,2022,January,174,60,19,54,7,79344,86.6,2,6,1031472,4.0,4176,4033,143,High
St0080,2022,February,136,47,14,31,4,81600,72.7,3,15,1142400,3.7,3400,3276,124,Medium
St0080,2022,March,138,48,17,47,6,116058,56.0,3,9,1624812,3.7,4002,3854,148,Low
St0080,2022,April,192,67,12,40,4,177408,55.0,0,0,1774080,3.9,5376,5251,125,Low
St0080,2022,May,113,39,15,44,3,84750,60.0,3,6,1101750,4.4,2825,2787,38,Low
St0080,2022,June,116,40,17,36,4,72500,82.5,3,3,1087500,4.1,2900,2879,21,High
St0080,2022,July,213,74,13,41,6,210870,50.6,2,8,2530440,4.1,6390,6259,131,Low
St0080,2022,August,214,74,15,51,4,184896,59.9,0,0,1848960,4.8,5778,5647,131,Low
St0080,2022,September,101,35,20,47,6,80800,68.6,0,0,888800,4.7,2525,2457,68,Medium
St0080,2022,October,155,54,14,49,6,126480,54.8,1,4,1517760,3.9,3720,3618,102,Low
St0080,2022,November,131,45,19,34,6,141480,81.6,4,16,1414800,4.2,3930,3820,110,High
St0080,2022,December,243,85,18,46,7,153090,74.5,4,4,2143260,4.0,7290,7204,86,Medium
St0080,2023,January,125,43,15,45,3,74250,53.3,0,0,1039500,4.0,3375,3323,52,Low
St0080,2023,February,175,61,18,33,4,118300,65.7,1,2,1774500,3.7,4550,4452,98,Medium
St0080,2023,March,217,75,24,51,7,123690,87.0,2,10,1979040,4.0,6510,6288,222,High
St0080,2023,April,147,51,18,45,6,99372,56.3,1,2,1192464,4.6,3822,3784,38,Low
St0080,2023,May,214,74,15,30,5,199020,52.2,0,0,2388240,4.9,6420,6204,216,Low
St0080,2023,June,251,87,20,53,5,224896,80.7,1,3,2024064,4.4,7028,6931,97,High
St0080,2023,July,193,67,19,52,7,115800,64.1,0,0,1389600,4.3,4825,4751,74,Medium
St0080,2023,August,274,95,22,44,5,222488,84.9,3,9,2002392,4.7,7672,7417,255,High
St0080,2023,September,164,57,17,54,6,146124,57.1,2,8,1607364,3.9,4428,4280,148,Low
St0080,2023,October,180,62,24,33,6,120060,88.8,3,9,1320660,4.0,5220,5062,158,High
St0080,2023,November,177,61,13,37,6,115050,69.9,0,0,1725750,4.2,4425,4314,111,Medium
St0080,2023,December,136,47,16,32,4,62016,83.9,4,4,868224,3.8,3264,3210,54,High
St0080,2024,January,152,53,26,35,9,79800,94.0,4,12,718200,4.3,3800,3665,135,High
St0080,2024,February,212,74,17,30,6,154548,85.7,3,12,2009124,4.5,5724,5603,121,High
St0080,2024,March,252,88,18,50,7,160776,84.2,4,4,2411640,4.1,7308,7253,55,High
St0080,2024,April,222,77,16,31,5,167388,58.7,3,9,2343432,4.4,6438,6282,156,Low
St0080,2024,May,163,57,14,35,6,97800,65.7,1,5,1467000,4.2,3912,3782,130,Medium
St0080,2024,June,269,94,18,46,6,181844,55.2,3,3,2727660,3.9,6994,6767,227,Low
St0080,2024,July,185,64,16,54,7,101750,63.9,0,0,1424500,4.3,4625,4467,158,Medium
St0080,2024,August,265,92,17,40,5,159000,79.2,2,2,1749000,4.6,6360,6206,154,Medium
St0080,2024,September,151,52,16,46,6,152208,65.8,3,6,1978704,4.3,4228,4064,164,Medium
St0080,2024,October,321,112,20,47,6,292110,71.4,0,0,3213210,4.1,8346,8300,46,Medium
St0080,2024,November,270,94,13,54,6,175500,68.3,1,5,2106000,4.3,7020,6841,179,Medium
St0080,2024,December,240,84,18,44,4,153120,74.8,4,8,1531200,3.6,6960,6922,38,Medium
St0080,2025,January,355,124,15,38,4,319500,59.8,2,8,5112000,3.6,10650,10562,88,Low
St0080,2025,February,343,120,15,35,6,205114,66.4,4,12,2051140,4.2,8918,8629,289,Medium
St0080,2025,March,298,104,22,40,8,265518,79.0,4,16,4248288,4.3,8046,7758,288,Medium
St0080,2025,April,258,90,20,43,7,167184,94.9,0,0,1504656,3.9,6192,6093,99,High
St0080,2025,May,238,83,15,40,4,173502,68.1,3,9,2082024,4.3,6426,6309,117,Medium
St0080,2025,June,169,59,15,34,6,147030,76.2,0,0,1470300,4.6,4901,4846,55,Medium
St0080,2025,July,219,76,22,48,7,168192,72.2,4,20,2522880,3.6,5256,5203,53,Medium
St0080,2025,August,260,91,21,44,8,196040,89.8,1,3,2940600,4.4,7540,7280,260,High
St0080,2025,September,217,75,15,35,3,119567,63.3,3,15,1315237,4.0,6293,6072,221,Medium
St0080,2025,October,247,86,15,30,3,200070,63.4,3,15,2000700,4.1,6669,6543,126,Medium
St0080,2025,November,195,68,24,40,8,126750,80.8,4,8,2028000,3.7,4875,4698,177,High
St0080,2025,December,312,109,17,36,4,235872,75.1,4,8,2594592,4.0,8736,8644,92,Medium
St0081,2021,January,102,35,16,32,4,55692,84.6,0,0,556920,4.5,2652,2607,45,High
St0081,2021,February,87,30,16,42,5,56550,47.2,1,1,565500,4.0,2262,2184,78,Low
St0081,2021,March,118,41,14,35,5,102660,67.2,2,10,923940,4.4,3422,3296,126,Medium
St0081,2021,April,201,70,21,50,7,125424,67.4,1,4,1379664,4.6,4824,4731,93,Medium
St0081,2021,May,86,30,16,51,4,45150,84.2,1,2,451500,4.1,2150,2090,60,High
St0081,2021,June,120,42,15,45,3,69120,50.0,1,2,967680,4.3,2880,2830,50,Low
St0081,2021,July,186,65,18,30,5,150660,77.1,4,12,1958580,4.4,5022,4850,172,Medium
St0081,2021,August,150,52,9,34,5,120000,49.7,3,3,1200000,4.3,3750,3647,103,Low
St0081,2021,September,189,66,17,49,7,137025,45.9,2,6,2192400,4.4,4725,4548,177,Low
St0081,2021,October,119,41,21,36,7,83300,67.6,1,3,833000,3.9,3332,3305,27,Medium
St0081,2021,November,185,64,21,48,8,119880,75.5,4,8,1918080,3.6,4440,4321,119,Medium
St0081,2021,December,214,74,23,51,7,113848,79.4,0,0,1366176,4.7,5992,5856,136,Medium
St0081,2022,January,238,83,19,37,5,126616,64.1,3,15,1519392,4.2,6664,6462,202,Medium
St0081,2022,February,137,47,11,47,5,95900,53.2,1,2,1342600,4.0,3425,3379,46,Low
St0081,2022,March,165,57,21,43,6,105270,81.7,3,6,1579050,3.8,4785,4627,158,High
St0081,2022,April,181,63,15,52,5,153850,64.9,0,0,1538500,4.8,4525,4473,52,Medium
St0081,2022,May,231,80,11,39,3,144144,49.5,4,20,2162160,4.4,6006,5824,182,Low
St0081,2022,June,119,41,15,39,3,89250,68.3,0,0,1160250,4.1,2975,2881,94,Medium
St0081,2022,July,187,65,17,46,7,107525,61.5,4,12,1397825,4.2,4675,4533,142,Medium
St0081,2022,August,187,65,18,48,4,87516,63.0,3,12,1050192,4.6,4862,4724,138,Medium
St0081,2022,September,179,62,21,51,7,96660,65.5,0,0,1159920,3.9,4833,4755,78,Medium
St0081,2022,October,246,86,13,40,6,219186,66.6,3,12,2849418,4.1,6642,6507,135,Medium
St0081,2022,November,147,51,15,38,5,121275,73.1,2,6,1455300,3.7,3675,3608,67,Medium
St0081,2022,December,143,50,16,33,7,85800,67.0,3,15,943800,4.3,4290,4247,43,Medium
St0081,2023,January,181,63,17,49,7,169416,89.6,3,6,1863576,4.5,4706,4565,141,High
St0081,2023,February,212,74,18,53,6,127200,63.4,4,4,1780800,4.4,5300,5169,131,Medium
St0081,2023,March,255,89,16,48,4,214200,84.5,1,4,2356200,4.0,6120,5959,161,High
St0081,2023,April,215,75,24,31,8,154800,86.8,1,4,1393200,3.9,6450,6211,239,High
St0081,2023,May,181,63,15,53,6,107514,65.6,4,16,1612710,4.5,4887,4850,37,Medium
St0081,2023,June,166,58,14,38,3,179280,63.0,1,3,2689200,4.2,4980,4895,85,Medium
St0081,2023,July,275,96,15,41,3,279125,68.9,1,2,4186875,4.5,7975,7762,213,Medium
St0081,2023,August,177,61,12,34,5,153636,52.5,4,8,2150904,4.2,4956,4795,161,Low
St0081,2023,September,137,47,20,52,7,73980,72.3,2,8,739800,4.2,4110,3968,142,Medium
St0081,2023,October,274,95,23,30,6,164400,82.8,0,0,2466000,4.2,6576,6404,172,High
St0081,2023,November,320,112,18,46,7,277760,75.2,0,0,4444160,4.3,8960,8737,223,Medium
St0081,2023,December,309,108,11,54,2,231750,56.8,2,10,3476250,4.7,7725,7467,258,Low
St0081,2024,January,330,115,13,39,5,166320,68.5,3,12,1663200,4.1,7920,7718,202,Medium
St0081,2024,February,176,61,18,39,5,142560,75.9,0,0,1995840,4.5,4752,4627,125,Medium
St0081,2024,March,264,92,15,30,5,256608,59.1,4,16,2566080,3.7,7128,6997,131,Low
St0081,2024,April,266,93,13,41,6,221312,68.2,0,0,3540992,4.5,6916,6798,118,Medium
St0081,2024,May,287,100,18,55,7,292740,66.4,1,1,4391100,4.8,8610,8562,48,Medium
St0081,2024,June,267,93,15,54,6,193575,62.4,3,12,3097200,3.6,6675,6535,140,Medium
St0081,2024,July,261,91,19,51,4,264915,89.7,3,12,3443895,3.8,7569,7398,171,High
St0081,2024,August,274,95,19,41,4,177552,64.0,2,4,1597968,4.3,6576,6407,169,Medium
St0081,2024,September,278,97,22,48,8,208500,78.0,3,6,3127500,4.5,6950,6778,172,Medium
St0081,2024,October,231,80,19,32,7,124740,79.5,3,3,1871100,3.6,6237,6076,161,Medium
St0081,2024,November,243,85,18,53,5,182250,74.2,2,8,2916000,4.2,7290,7032,258,Medium
St0081,2024,December,373,130,19,47,7,223800,86.3,4,4,2461800,3.5,11190,10872,318,High
St0081,2025,January,249,87,15,38,3,253980,62.7,1,1,3047760,3.9,7470,7368,102,Medium
St0081,2025,February,294,102,22,52,5,160524,86.9,2,10,2568384,4.5,7644,7419,225,High
St0081,2025,March,165,57,13,30,6,83160,63.4,1,3,1081080,4.5,3960,3804,156,Medium
St0081,2025,April,276,96,16,46,7,146832,81.2,2,2,2202480,3.8,7728,7632,96,High
St0081,2025,May,173,60,15,49,6,134940,59.3,4,20,1754220,3.6,4498,4346,152,Low
St0081,2025,June,343,120,20,43,8,288463,83.2,4,8,4038482,3.7,9947,9597,350,High
St0081,2025,July,253,88,16,35,4,113850,79.5,2,8,1593900,3.6,6325,6257,68,Medium
St0081,2025,August,364,127,25,33,9,196560,93.4,1,2,2555280,4.8,10920,10483,437,High
St0081,2025,September,367,128,15,50,5,328832,58.0,0,0,2959488,4.6,10276,10217,59,Low
St0081,2025,October,320,112,17,51,7,322560,58.4,4,12,4838400,3.6,8960,8738,222,Low
St0081,2025,November,360,125,20,51,8,340200,89.2,4,12,5103000,4.0,9720,9429,291,High
St0081,2025,December,254,88,20,31,6,206248,69.7,1,2,1856232,4.7,7112,7025,87,Medium
St0082,2021,January,136,47,15,49,3,106080,76.0,3,9,1379040,3.7,3536,3395,141,Medium
St0082,2021,February,129,45,13,45,5,126420,55.4,1,1,1264200,4.3,3612,3467,145,Low
St0082,2021,March,120,42,16,30,5,62640,74.0,2,10,751680,4.4,3480,3407,73,Medium
St0082,2021,April,148,51,18,30,6,138528,66.9,1,3,1246752,3.9,3848,3747,101,Medium
St0082,2021,May,90,31,13,32,4,51480,60.2,0,0,823680,4.1,2340,2262,78,Medium
St0082,2021,June,156,54,19,39,5,168480,84.3,1,4,2527200,4.8,4680,4557,123,High
St0082,2021,July,123,43,10,41,4,110208,45.6,2,2,1542912,3.7,3444,3411,33,Low
St0082,2021,August,112,39,17,32,4,100688,49.0,3,12,1208256,4.4,3248,3158,90,Low
St0082,2021,September,147,51,11,39,5,88200,48.7,4,20,970200,4.5,4410,4306,104,Low
St0082,2021,October,149,52,23,32,5,96552,80.8,0,0,1351728,4.0,4023,3891,132,High
St0082,2021,November,100,35,16,51,5,84000,49.0,0,0,1176000,4.4,3000,2938,62,Low
St0082,2021,December,125,43,18,40,6,123750,51.8,3,12,1361250,4.6,3750,3718,32,Low
St0082,2022,January,164,57,13,43,6,110700,49.0,3,9,1439100,4.4,4100,4076,24,Low
St0082,2022,February,89,31,22,31,8,67284,87.8,3,9,807408,4.6,2492,2478,14,High
St0082,2022,March,99,34,17,43,7,65340,81.3,2,8,849420,4.3,2970,2927,43,High
St0082,2022,April,86,30,20,47,5,57792,62.3,4,16,635712,4.1,2408,2370,38,Medium
St0082,2022,May,192,67,15,30,5,182784,66.9,1,2,1645056,4.2,5376,5292,84,Medium
St0082,2022,June,133,46,19,38,7,69160,80.6,3,12,760760,4.3,3458,3420,38,High
St0082,2022,July,141,49,21,35,6,110403,81.1,2,6,1435239,4.3,4089,3940,149,High
St0082,2022,August,169,59,11,41,2,127764,54.7,2,6,1405404,3.8,4732,4630,102,Low
St0082,2022,September,158,55,18,55,6,115024,53.4,1,2,1035216,4.2,4424,4265,159,Low
St0082,2022,October,224,78,17,48,7,163072,70.0,2,4,2119936,4.3,6272,6050,222,Medium
St0082,2022,November,176,61,18,49,7,128128,81.1,4,8,1793792,3.9,4576,4512,64,High
St0082,2022,December,177,61,18,54,4,148680,67.0,1,3,1635480,4.6,5310,5267,43,Medium
St0082,2023,January,220,77,15,30,5,163680,65.1,4,12,1473120,4.3,5280,5146,134,Medium
St0082,2023,February,156,54,15,46,5,85176,61.5,4,12,766584,3.9,4056,3944,112,Medium
St0082,2023,March,170,59,21,55,7,132600,87.2,2,10,1458600,4.1,4420,4327,93,High
St0082,2023,April,236,82,20,53,5,205320,89.0,2,4,2669160,4.6,7080,6910,170,High
St0082,2023,May,197,68,17,45,6,112290,62.8,1,1,1347480,4.7,5910,5788,122,Medium
St0082,2023,June,232,81,16,38,4,162864,64.0,1,1,1628640,3.8,6032,5905,127,Medium
St0082,2023,July,241,84,15,51,6,188703,79.9,1,5,3019248,3.9,6507,6397,110,Medium
St0082,2023,August,172,60,15,46,5,120744,67.7,4,4,1328184,4.2,4644,4498,146,Medium
St0082,2023,September,222,77,24,40,7,212454,84.8,0,0,3399264,4.1,6438,6241,197,High
St0082,2023,October,250,87,20,31,8,195000,85.2,2,10,2925000,3.7,6500,6247,253,High
St0082,2023,November,127,44,13,46,6,97536,62.2,3,6,1463040,3.9,3048,2947,101,Medium
St0082,2023,December,264,92,17,47,6,114048,65.6,1,3,1482624,4.8,6336,6242,94,Medium
St0082,2024,January,141,49,19,42,6,82908,56.4,1,3,911988,4.7,3948,3804,144,Low
St0082,2024,February,149,52,11,39,5,116220,54.1,4,4,1278420,3.9,3874,3744,130,Low
St0082,2024,March,159,55,16,53,4,119886,79.4,3,6,1918176,4.1,4611,4457,154,Medium
St0082,2024,April,216,75,24,46,6,112752,91.3,0,0,1804032,4.9,6264,6106,158,High
St0082,2024,May,222,77,16,51,5,109668,79.2,3,6,1206348,3.7,5772,5725,47,Medium
St0082,2024,June,125,43,19,47,7,123750,55.6,4,12,1485000,4.2,3750,3678,72,Low
St0082,2024,July,126,44,16,31,6,91350,60.4,0,0,1461600,4.3,3654,3519,135,Medium
St0082,2024,August,159,55,18,40,4,154548,88.2,1,4,1700028,4.1,4293,4151,142,High
St0082,2024,September,219,76,17,42,6,110376,63.4,4,4,1766016,4.5,5256,5098,158,Medium
St0082,2024,October,184,64,21,36,7,167440,78.0,0,0,1674400,4.8,4784,4639,145,Medium
St0082,2024,November,194,67,14,42,5,157528,71.0,4,8,2520448,4.0,5432,5289,143,Medium
St0082,2024,December,264,92,18,45,5,229680,61.9,2,6,2526480,4.5,7920,7833,87,Medium
St0082,2025,January,210,73,14,49,5,205800,57.9,0,0,2263800,4.1,5880,5718,162,Low
St0082,2025,February,308,107,19,50,7,282744,61.2,3,3,3958416,4.4,8316,8107,209,Medium
St0082,2025,March,229,80,21,37,8,109920,83.2,3,12,1209120,3.8,5496,5430,66,High
St0082,2025,April,134,46,15,36,6,92460,60.6,4,20,1109520,4.3,4020,3938,82,Medium
St0082,2025,May,199,69,22,53,8,189448,83.6,3,6,2841720,3.6,5572,5368,204,High
St0082,2025,June,215,75,19,38,7,122550,93.1,0,0,1470600,3.9,6450,6356,94,High
St0082,2025,July,261,91,20,30,6,210366,83.0,4,12,2314026,4.2,6786,6583,203,High
St0082,2025,August,234,81,25,48,9,183456,88.4,4,12,2935296,4.3,6552,6362,190,High
St0082,2025,September,227,79,20,32,5,163440,86.4,4,12,1634400,4.3,5448,5355,93,High
St0082,2025,October,246,86,15,30,4,247968,60.5,3,6,2727648,4.3,6888,6677,211,Medium
St0082,2025,November,309,108,23,32,7,258633,90.3,2,10,2327697,4.4,8343,8129,214,High
St0082,2025,December,187,65,18,34,6,176715,83.8,3,6,2650725,4.6,5049,4902,147,High
St0083,2021,January,189,66,14,45,3,132300,48.9,3,3,2116800,3.7,5292,5093,199,Low
St0083,2021,February,129,45,18,43,6,108360,83.7,3,9,975240,3.8,3612,3519,93,High
St0083,2021,March,228,79,16,31,6,120384,72.2,2,8,1083456,4.7,5472,5424,48,Medium
St0083,2021,April,188,65,11,32,4,125396,54.1,1,4,1504752,4.8,5452,5358,94,Low
St0083,2021,May,156,54,15,40,3,70200,45.3,3,6,1053000,4.6,3900,3848,52,Low
St0083,2021,June,232,81,14,44,5,174000,66.3,4,20,1914000,3.7,6960,6743,217,Medium
St0083,2021,July,213,74,13,45,6,132912,45.3,1,2,1462032,4.2,5112,5082,30,Low
St0083,2021,August,137,47,19,42,4,76720,84.5,1,1,690480,3.8,3836,3799,37,High
St0083,2021,September,206,72,16,44,6,125454,52.9,2,2,1630902,4.2,5974,5938,36,Low
St0083,2021,October,225,78,18,48,4,189000,81.1,4,16,1890000,3.8,6750,6490,260,High
St0083,2021,November,226,79,15,34,3,151872,54.0,1,4,2126208,4.3,6328,6274,54,Low
St0083,2021,December,176,61,17,35,7,122496,54.3,3,3,1224960,4.5,4224,4174,50,Low
St0083,2022,January,247,86,18,30,5,115596,74.4,4,16,1849536,4.6,6422,6385,37,Medium
St0083,2022,February,223,78,12,32,5,202930,62.5,4,12,3043950,4.5,5798,5583,215,Medium
St0083,2022,March,270,94,13,39,6,128250,65.1,0,0,1667250,3.9,6750,6716,34,Medium
St0083,2022,April,156,54,20,51,6,97500,74.9,4,20,1267500,3.9,3900,3770,130,Medium
St0083,2022,May,227,79,16,32,4,153225,56.5,4,8,1532250,4.4,5675,5551,124,Low
St0083,2022,June,305,106,17,44,5,175375,83.5,3,12,1929125,3.9,7625,7441,184,High
St0083,2022,July,145,50,19,49,6,108750,59.3,0,0,1631250,4.4,4350,4320,30,Low
St0083,2022,August,203,71,11,30,5,152250,59.0,3,9,1979250,4.4,5075,4982,93,Low
St0083,2022,September,299,104,20,54,5,259532,60.7,2,8,3633448,4.7,8372,8118,254,Medium
St0083,2022,October,190,66,18,45,7,138320,51.7,4,20,1383200,4.0,4940,4884,56,Low
St0083,2022,November,168,58,16,35,4,145152,75.7,3,15,2322432,4.0,4536,4477,59,Medium
St0083,2022,December,167,58,16,37,6,145290,72.1,4,12,1743480,3.5,5010,4941,69,Medium
St0083,2023,January,261,91,23,43,6,272484,85.1,3,9,2452356,4.5,7569,7330,239,High
St0083,2023,February,332,116,17,47,5,241696,66.4,2,10,3142048,3.9,9296,9005,291,Medium
St0083,2023,March,348,121,12,50,6,302760,55.0,3,3,4238640,4.1,10092,9847,245,Low
St0083,2023,April,334,116,17,30,7,192384,89.7,0,0,1923840,4.3,8016,7727,289,High
St0083,2023,May,182,63,23,41,7,132496,90.0,0,0,1192464,4.3,5096,4929,167,High
St0083,2023,June,280,98,17,40,6,196000,62.0,3,9,1960000,3.8,7840,7642,198,Medium
St0083,2023,July,313,109,20,35,5,228177,79.5,2,2,2966301,4.6,8451,8262,189,Medium
St0083,2023,August,353,123,15,54,5,262632,71.4,2,4,3939480,4.7,8472,8340,132,Medium
St0083,2023,September,206,72,20,33,6,154500,82.2,1,3,2472000,4.0,6180,6030,150,High
St0083,2023,October,271,94,14,39,6,176150,62.0,2,10,2642250,4.0,6775,6551,224,Medium
St0083,2023,November,300,105,11,43,5,193200,58.5,0,0,2318400,4.8,8400,8141,259,Low
St0083,2023,December,382,133,21,30,7,237222,89.7,3,6,3795552,3.8,10314,10261,53,High
St0083,2024,January,247,86,20,40,5,173394,74.8,1,3,2080728,4.4,6669,6549,120,Medium
St0083,2024,February,323,113,14,32,3,139536,58.4,2,8,2093040,4.6,7752,7647,105,Low
St0083,2024,March,279,97,23,51,7,233523,86.2,4,12,2802276,3.8,7533,7283,250,High
St0083,2024,April,260,91,15,39,3,241280,66.0,2,2,2895360,4.3,7540,7350,190,Medium
St0083,2024,May,195,68,13,32,3,135720,56.6,4,12,1628640,3.7,4680,4598,82,Low
St0083,2024,June,237,82,24,39,6,144333,93.5,4,12,1876329,4.5,6873,6656,217,High
St0083,2024,July,319,111,15,39,3,334950,70.3,3,3,5024250,4.4,9570,9216,354,Medium
St0083,2024,August,276,96,15,42,3,198720,58.7,0,0,2185920,4.8,8280,8060,220,Low
St0083,2024,September,380,133,17,50,4,297540,77.9,2,4,4760640,3.6,11020,10605,415,Medium
St0083,2024,October,396,138,11,43,4,392040,55.5,3,3,6272640,4.6,11880,11559,321,Low
St0083,2024,November,421,147,21,32,7,329643,92.1,4,20,5274288,4.1,12209,12144,65,High
St0083,2024,December,435,152,17,32,4,282750,88.3,2,8,3393000,3.8,10875,10763,112,High
St0083,2025,January,392,137,14,30,4,258720,58.3,2,10,2587200,3.8,11760,11560,200,Low
St0083,2025,February,401,140,24,32,7,211728,90.1,4,12,2964192,4.1,9624,9429,195,High
St0083,2025,March,453,158,16,42,5,305775,84.5,1,3,3975075,4.0,11325,11222,103,High
St0083,2025,April,237,82,16,40,5,158079,77.4,3,12,2529264,4.2,6873,6811,62,Medium
St0083,2025,May,390,136,14,41,3,177840,72.9,3,9,2134080,4.5,9360,8994,366,Medium
St0083,2025,June,427,149,15,44,3,377468,77.0,3,9,4152148,4.5,11102,10757,345,Medium
St0083,2025,July,436,152,19,36,4,328744,69.5,2,4,5259904,4.2,11336,11251,85,Medium
St0083,2025,August,207,72,14,39,4,167670,57.2,3,15,1844370,4.2,5589,5539,50,Low
St0083,2025,September,270,94,17,43,5,200880,77.6,0,0,2008800,4.0,6480,6289,191,Medium
St0083,2025,October,233,81,20,30,7,151450,83.5,0,0,2120300,4.8,5825,5782,43,High
St0083,2025,November,466,163,14,54,6,351364,71.6,3,12,3865004,4.5,12116,11797,319,Medium
St0083,2025,December,259,90,27,53,6,186480,96.1,0,0,1864800,3.9,6216,6034,182,High
St0084,2021,January,159,55,12,54,4,106848,56.3,0,0,1175328,4.8,3816,3704,112,Low
St0084,2021,February,234,81,22,32,6,202176,80.7,3,15,2223936,3.8,6318,6264,54,High
St0084,2021,March,229,80,14,41,6,199230,53.2,1,3,2191530,4.7,6641,6493,148,Low
St0084,2021,April,146,51,19,47,5,102200,62.6,1,3,1533000,4.3,3650,3561,89,Medium
St0084,2021,May,176,61,15,47,6,145200,65.3,3,15,1597200,3.8,4400,4352,48,Medium
St0084,2021,June,117,40,16,47,7,62244,50.4,0,0,933660,4.8,3276,3173,103,Low
St0084,2021,July,167,58,14,55,4,140280,52.3,4,8,2104200,4.2,4676,4562,114,Low
St0084,2021,August,215,75,14,31,3,155875,68.3,4,12,1870500,4.4,5375,5207,168,Medium
St0084,2021,September,251,87,18,52,6,189254,61.7,4,12,3028064,4.3,6526,6465,61,Medium
St0084,2021,October,270,94,16,40,4,264600,79.4,4,8,2910600,4.6,7560,7300,260,Medium
St0084,2021,November,288,100,14,52,3,228096,64.3,2,6,2280960,3.7,6912,6782,130,Medium
St0084,2021,December,143,50,21,55,8,106392,80.6,1,1,1489488,4.4,3432,3411,21,High
St0084,2022,January,192,67,12,36,4,103680,62.9,2,8,1658880,4.4,5760,5607,153,Medium
St0084,2022,February,289,101,18,54,5,267036,56.2,0,0,3738504,4.6,8092,7817,275,Low
St0084,2022,March,209,73,15,44,3,163856,71.0,4,8,1966272,4.0,5852,5696,156,Medium
St0084,2022,April,137,47,17,49,4,118916,81.9,1,1,1308076,4.6,3836,3743,93,High
St0084,2022,May,231,80,15,33,4,144144,70.1,1,1,1297296,3.8,6006,5794,212,Medium
St0084,2022,June,274,95,17,41,5,156728,62.2,1,5,1567280,4.0,7124,7069,55,Medium
St0084,2022,July,297,103,21,43,5,249480,84.5,4,8,2993760,4.3,8316,8244,72,High
St0084,2022,August,183,64,21,42,5,153720,72.7,3,9,2152080,4.6,5490,5383,107,Medium
St0084,2022,September,311,108,9,45,3,194064,49.5,4,12,2522832,4.3,8086,8009,77,Low
St0084,2022,October,156,54,17,46,7,147420,65.1,4,20,1621620,4.5,4212,4111,101,Medium
St0084,2022,November,354,123,20,39,5,271872,69.4,3,15,4349952,4.1,8496,8420,76,Medium
St0084,2022,December,306,107,14,47,6,299880,74.7,0,0,2998800,4.0,8568,8280,288,Medium
St0084,2023,January,250,87,15,33,5,200000,61.1,0,0,2400000,4.6,6250,6206,44,Medium
St0084,2023,February,259,90,20,45,6,194250,73.9,3,15,1942500,3.9,6475,6274,201,Medium
St0084,2023,March,361,126,22,45,5,389880,76.1,1,3,4288680,4.6,10830,10726,104,Medium
St0084,2023,April,299,104,19,41,6,233220,74.5,4,20,2098980,3.8,8970,8820,150,Medium
St0084,2023,May,365,127,20,34,7,286160,63.0,2,8,4006240,3.9,10220,10046,174,Medium
St0084,2023,June,176,61,10,31,2,157696,51.5,4,4,2523136,4.3,4928,4900,28,Low
St0084,2023,July,212,74,11,46,3,167904,54.0,3,9,2686464,4.6,5088,5024,64,Low
St0084,2023,August,349,122,24,47,8,209400,90.4,4,12,2303400,3.6,10470,10135,335,High
St0084,2023,September,248,86,18,55,4,194432,62.7,1,2,2527616,4.1,6944,6827,117,Medium
St0084,2023,October,357,124,19,44,4,282744,65.3,4,20,2544696,3.5,8568,8505,63,Medium
St0084,2023,November,317,110,19,37,5,273888,56.7,0,0,4382208,4.3,8559,8404,155,Low
St0084,2023,December,362,126,22,53,6,217200,86.6,4,12,3258000,4.1,10860,10580,280,High
St0084,2024,January,248,86,25,55,9,161200,88.2,4,20,2418000,4.1,6200,6117,83,High
St0084,2024,February,435,152,15,42,3,255780,78.6,2,2,2302020,4.0,12180,11851,329,Medium
St0084,2024,March,219,76,26,36,7,177390,92.8,4,20,1596510,4.5,5913,5854,59,High
St0084,2024,April,253,88,24,46,9,166980,89.0,1,2,1836780,4.4,7590,7369,221,High
St0084,2024,May,319,111,14,46,3,305283,56.2,3,6,3663396,3.8,9251,8943,308,Low
St0084,2024,June,433,151,18,37,5,348998,55.7,0,0,5234970,4.9,11258,10886,372,Low
St0084,2024,July,242,84,19,32,7,220220,79.7,0,0,3523520,4.7,6292,6091,201,Medium
St0084,2024,August,261,91,23,33,8,181656,89.9,0,0,1816560,4.0,6264,6064,200,High
St0084,2024,September,183,64,20,37,6,141825,69.5,0,0,1843725,4.8,4575,4481,94,Medium
St0084,2024,October,496,173,17,54,7,302064,86.2,2,2,3624768,4.1,14384,14027,357,High
St0084,2024,November,326,114,16,44,7,211248,62.9,1,4,2112480,3.8,8802,8599,203,Medium
St0084,2024,December,447,156,16,30,6,300384,82.2,4,4,3904992,3.9,10728,10575,153,High
St0084,2025,January,262,91,21,36,8,227416,95.4,2,2,2728992,4.4,7336,7246,90,High
St0084,2025,February,227,79,25,47,7,128709,96.1,0,0,1673217,3.9,6129,5969,160,High
St0084,2025,March,308,107,17,43,4,175560,77.6,3,9,2808960,4.3,9240,8891,349,Medium
St0084,2025,April,446,156,26,53,9,421470,93.3,3,15,4636170,4.5,12042,11903,139,High
St0084,2025,May,237,82,16,50,6,247428,74.5,3,6,2721708,4.5,6873,6719,154,Medium
St0084,2025,June,294,102,23,32,6,254016,80.0,0,0,4064256,4.0,7938,7709,229,Medium
St0084,2025,July,392,137,18,31,6,301056,84.7,0,0,4816896,4.6,9408,9114,294,High
St0084,2025,August,447,156,15,33,3,348660,62.5,3,3,4532580,4.2,11622,11240,382,Medium
St0084,2025,September,479,167,20,34,6,251475,88.8,2,6,2766225,3.7,11975,11626,349,High
St0084,2025,October,440,154,13,51,6,228800,62.7,2,10,3203200,4.7,11440,11244,196,Medium
St0084,2025,November,473,165,14,40,6,291368,64.8,2,6,3787784,4.5,13244,12776,468,Medium
St0084,2025,December,501,175,18,32,7,480960,60.7,0,0,7695360,4.4,15030,14568,462,Medium
St0085,2021,January,57,19,18,32,7,31350,65.4,0,0,470250,4.5,1425,1375,50,Medium
St0085,2021,February,50,17,21,47,8,44800,72.3,4,16,672000,4.0,1400,1387,13,Medium
St0085,2021,March,73,25,13,39,4,57159,65.5,2,10,628749,4.0,2117,2033,84,Medium
St0085,2021,April,37,12,19,48,7,33670,68.1,2,2,471380,3.7,962,936,26,Medium
St0085,2021,May,44,15,14,45,6,40832,72.4,0,0,367488,4.8,1276,1226,50,Medium
St0085,2021,June,40,14,16,30,5,35640,74.7,4,12,570240,3.7,1080,1038,42,Medium
St0085,2021,July,82,28,19,43,6,53136,61.3,3,6,797040,3.7,2214,2141,73,Medium
St0085,2021,August,72,25,18,46,7,44712,71.2,3,6,536544,4.6,1944,1922,22,Medium
St0085,2021,September,56,19,20,54,5,32256,77.1,4,12,290304,3.9,1344,1316,28,Medium
St0085,2021,October,51,17,23,33,7,26163,76.4,0,0,313956,3.8,1377,1343,34,Medium
St0085,2021,November,82,28,16,32,4,47560,75.5,4,8,618280,3.5,2378,2311,67,Medium
St0085,2021,December,93,32,16,39,6,64728,69.0,3,3,712008,3.8,2232,2199,33,Medium
St0085,2022,January,74,25,12,47,3,68672,64.0,4,12,961408,4.0,2146,2090,56,Medium
St0085,2022,February,99,34,14,51,4,44550,55.9,0,0,579150,4.7,2475,2426,49,Low
St0085,2022,March,46,16,15,55,4,39744,63.3,1,3,556416,4.8,1104,1061,43,Medium
St0085,2022,April,92,32,13,39,5,64032,51.8,0,0,960480,4.1,2668,2593,75,Low
St0085,2022,May,81,28,18,45,5,75168,82.1,4,16,1202688,4.4,2349,2292,57,High
St0085,2022,June,68,23,24,50,7,35360,82.7,3,6,424320,3.6,1768,1744,24,High
St0085,2022,July,44,15,16,32,6,25520,63.5,3,12,255200,3.6,1276,1246,30,Medium
St0085,2022,August,69,24,18,32,4,52164,76.6,4,8,573804,4.4,1863,1845,18,Medium
St0085,2022,September,67,23,13,42,3,45024,53.6,0,0,540288,4.0,1608,1592,16,Low
St0085,2022,October,73,25,20,48,5,49275,63.7,3,3,689850,4.6,1825,1773,52,Medium
St0085,2022,November,78,27,20,45,5,71604,85.2,4,12,1074060,4.1,2106,2050,56,High
St0085,2022,December,107,37,14,31,4,79608,73.2,3,6,716472,3.9,2568,2510,58,Medium
St0085,2023,January,83,29,14,47,3,58100,65.0,3,6,813400,4.4,2075,2053,22,Medium
St0085,2023,February,62,21,22,40,5,29450,85.0,2,8,382850,4.6,1550,1506,44,High
St0085,2023,March,102,35,16,33,4,88128,74.1,4,16,881280,4.2,2754,2675,79,Medium
St0085,2023,April,75,26,14,30,6,60000,66.0,0,0,600000,4.4,1875,1862,13,Medium
St0085,2023,May,101,35,21,41,6,70700,69.2,4,8,1131200,3.6,2828,2790,38,Medium
St0085,2023,June,107,37,23,54,8,77575,84.4,1,4,1086050,4.1,2675,2657,18,High
St0085,2023,July,56,19,20,36,6,32480,87.9,1,1,389760,3.9,1624,1568,56,High
St0085,2023,August,81,28,16,55,7,54756,55.7,3,3,766584,4.0,2106,2046,60,Low
St0085,2023,September,54,18,21,48,8,43524,77.3,0,0,652860,4.6,1404,1366,38,Medium
St0085,2023,October,63,22,18,32,7,43470,88.4,0,0,565110,4.5,1890,1821,69,High
St0085,2023,November,98,34,18,42,6,76734,54.4,0,0,844074,4.2,2646,2548,98,Low
St0085,2023,December,65,22,21,55,5,38610,91.0,3,9,540540,4.2,1755,1714,41,High
St0085,2024,January,96,33,18,49,6,48384,84.8,3,12,725760,4.6,2688,2587,101,High
St0085,2024,February,61,21,18,37,6,53924,67.0,2,8,862784,4.0,1586,1530,56,Medium
St0085,2024,March,108,37,17,35,5,97092,74.0,1,3,1262196,4.7,3132,3037,95,Medium
St0085,2024,April,63,22,15,32,3,51408,65.8,0,0,565488,3.9,1512,1456,56,Medium
St0085,2024,May,120,42,20,54,6,79200,65.7,3,12,1108800,4.5,3600,3548,52,Medium
St0085,2024,June,119,41,19,30,7,92820,90.9,3,15,928200,4.5,3570,3458,112,High
St0085,2024,July,113,39,21,55,8,73450,78.0,2,6,1175200,4.1,2825,2794,31,Medium
St0085,2024,August,136,47,19,31,5,117504,62.4,2,4,1292544,3.8,3264,3158,106,Medium
St0085,2024,September,117,40,18,35,4,67275,74.4,2,8,605475,4.1,2925,2814,111,Medium
St0085,2024,October,74,25,23,36,5,38628,93.9,3,3,502164,4.0,2146,2107,39,High
St0085,2024,November,74,25,15,52,3,65416,55.4,2,4,784992,4.5,1924,1899,25,Low
St0085,2024,December,153,53,18,30,4,79560,67.7,2,10,1272960,3.8,3978,3827,151,Medium
St0085,2025,January,143,50,13,32,5,124124,68.1,1,2,1861860,4.8,4004,3903,101,Medium
St0085,2025,February,145,50,20,44,5,134850,96.0,4,4,2022750,4.4,4350,4258,92,High
St0085,2025,March,152,53,13,33,3,69312,62.2,0,0,623808,4.0,3648,3596,52,Medium
St0085,2025,April,107,37,18,52,6,48792,67.0,4,4,731880,3.6,2568,2502,66,Medium
St0085,2025,May,90,31,16,49,7,67860,69.6,4,20,1017900,4.5,2610,2527,83,Medium
St0085,2025,June,95,33,23,42,8,55860,79.1,2,4,558600,4.6,2660,2592,68,Medium
St0085,2025,July,151,52,14,35,4,158550,71.7,3,9,2061150,3.8,4530,4468,62,Medium
St0085,2025,August,125,43,15,43,6,70000,57.6,2,4,630000,4.5,3500,3429,71,Low
St0085,2025,September,66,23,14,39,6,52272,57.3,0,0,731808,4.1,1584,1537,47,Low
St0085,2025,October,83,29,11,53,5,41002,57.5,0,0,451022,4.7,2158,2137,21,Low
St0085,2025,November,118,41,19,40,7,88500,58.3,2,8,1327500,4.0,3540,3417,123,Low
St0085,2025,December,130,45,20,40,5,58500,88.8,1,2,585000,4.2,3250,3187,63,High
St0086,2021,January,217,75,17,37,7,168175,79.6,4,4,2522625,4.5,5425,5337,88,Medium
St0086,2021,February,190,66,14,34,6,193800,46.9,3,6,2325600,4.0,5700,5654,46,Low
St0086,2021,March,116,40,16,34,5,74704,47.1,3,3,1195264,4.4,3248,3157,91,Low
St0086,2021,April,122,42,19,32,7,128100,76.9,1,4,1152900,4.3,3660,3522,138,Medium
St0086,2021,May,226,79,11,36,2,120232,53.8,2,10,1683248,3.8,6328,6186,142,Low
St0086,2021,June,224,78,15,33,5,163072,46.4,3,3,1467648,4.0,5824,5729,95,Low
St0086,2021,July,148,51,16,54,4,96200,64.7,0,0,865800,4.3,3848,3720,128,Medium
St0086,2021,August,178,62,21,42,8,132432,67.7,2,4,2118912,4.0,4272,4149,123,Medium
St0086,2021,September,121,42,9,36,2,71874,45.1,2,8,1149984,4.5,3267,3201,66,Low
St0086,2021,October,118,41,20,50,8,120360,77.9,4,16,1203600,3.6,3540,3403,137,Medium
St0086,2021,November,158,55,21,50,5,160370,65.5,4,12,1603700,4.5,4582,4401,181,Medium
St0086,2021,December,134,46,19,43,4,76648,67.6,2,2,1149720,3.9,3484,3423,61,Medium
St0086,2022,January,260,91,18,55,5,226200,61.6,0,0,2940600,4.0,7800,7672,128,Medium
St0086,2022,February,197,68,19,45,6,171390,55.4,1,3,2399460,3.7,5910,5840,70,Low
St0086,2022,March,201,70,20,51,8,135675,62.3,4,8,1356750,4.1,5427,5300,127,Medium
St0086,2022,April,276,96,13,44,5,262752,60.1,1,3,2890272,4.0,7728,7572,156,Medium
St0086,2022,May,173,60,21,46,8,176460,74.8,3,6,1941060,3.6,5190,4993,197,Medium
St0086,2022,June,290,101,21,50,7,269120,75.6,3,9,4305920,4.3,8410,8151,259,Medium
St0086,2022,July,171,59,14,50,6,138510,65.0,0,0,1385100,4.5,5130,5021,109,Medium
St0086,2022,August,136,47,13,52,3,75072,48.3,2,8,1201152,4.1,3264,3223,41,Low
St0086,2022,September,238,83,15,45,4,226576,62.2,0,0,2492336,4.2,6664,6418,246,Medium
St0086,2022,October,198,69,19,55,5,127512,61.8,1,2,1530144,4.5,5544,5401,143,Medium
St0086,2022,November,330,115,20,35,5,240570,63.6,4,12,3849120,4.2,8910,8834,76,Medium
St0086,2022,December,255,89,17,38,7,236640,84.3,3,15,3549600,4.4,7395,7175,220,High
St0086,2023,January,185,64,17,40,5,79920,52.0,0,0,1118880,4.6,4440,4397,43,Low
St0086,2023,February,243,85,22,35,8,224532,91.0,0,0,2245320,4.3,6804,6604,200,High
St0086,2023,March,273,95,17,37,5,137592,65.2,0,0,1788696,3.8,6552,6339,213,Medium
St0086,2023,April,298,104,21,41,8,223500,70.2,4,12,2905500,4.0,8940,8808,132,Medium
St0086,2023,May,215,75,26,43,7,133515,90.7,4,12,1335150,4.3,5805,5647,158,High
St0086,2023,June,146,51,16,48,6,96360,78.8,2,6,1349040,4.1,4380,4263,117,Medium
St0086,2023,July,321,112,17,43,5,192600,76.7,1,2,2696400,4.5,8025,7970,55,Medium
St0086,2023,August,228,79,14,53,4,159600,53.0,1,4,2553600,3.8,6384,6179,205,Low
St0086,2023,September,309,108,24,46,9,208575,83.0,1,5,2502900,3.8,7725,7543,182,High
St0086,2023,October,316,110,15,48,6,213300,51.9,4,8,3412800,3.9,8532,8322,210,Low
St0086,2023,November,382,133,19,54,5,278096,85.0,1,4,3893344,4.6,9932,9563,369,High
St0086,2023,December,310,108,20,46,5,164920,60.6,2,10,1484280,3.9,8680,8486,194,Medium
St0086,2024,January,277,96,20,46,7,142101,76.0,0,0,1563111,4.2,7479,7310,169,Medium
St0086,2024,February,386,135,17,42,6,364770,73.7,3,6,5471550,4.0,10422,10256,166,Medium
St0086,2024,March,263,92,14,53,6,131500,64.9,4,20,1446500,3.8,6575,6403,172,Medium
St0086,2024,April,195,68,19,54,4,182520,90.8,2,8,2555280,4.1,5070,5035,35,High
St0086,2024,May,353,123,22,52,7,291225,90.8,1,5,2912250,4.7,8825,8731,94,High
St0086,2024,June,338,118,18,53,5,272428,82.9,0,0,4358848,4.6,8788,8737,51,High
St0086,2024,July,373,130,19,33,7,355096,87.0,2,2,3195864,4.4,10444,10307,137,High
St0086,2024,August,240,84,15,55,6,194880,59.2,1,5,2923200,4.7,6960,6724,236,Low
St0086,2024,September,384,134,14,55,3,322560,55.9,2,8,5160960,3.9,10752,10354,398,Low
St0086,2024,October,200,70,24,38,7,186000,85.1,2,6,2046000,3.8,6000,5942,58,High
St0086,2024,November,363,127,21,31,5,226875,81.9,3,6,3403125,4.1,9075,8921,154,High
St0086,2024,December,422,147,19,55,4,263750,65.1,4,8,2637500,4.5,10550,10207,343,Medium
St0086,2025,January,369,129,17,41,6,267525,74.4,3,6,3210300,3.8,10701,10391,310,Medium
St0086,2025,February,197,68,13,38,6,170996,58.5,4,8,1880956,4.3,5516,5404,112,Low
St0086,2025,March,435,152,19,52,4,401940,78.9,4,4,4421340,3.5,12180,11981,199,Medium
St0086,2025,April,384,134,21,39,6,199680,71.1,0,0,2995200,4.3,9984,9604,380,Medium
St0086,2025,May,271,94,20,47,7,190242,88.5,2,4,2663388,4.5,7317,7236,81,High
St0086,2025,June,414,144,21,31,6,268272,80.8,1,2,4292352,4.4,11178,10839,339,High
St0086,2025,July,327,114,17,49,4,245250,71.4,0,0,3924000,4.3,8175,7939,236,Medium
St0086,2025,August,193,67,20,51,7,148224,73.7,4,4,1778688,4.6,4632,4598,34,Medium
St0086,2025,September,220,77,17,30,4,121220,75.6,3,3,1818300,4.3,6380,6337,43,Medium
St0086,2025,October,353,123,20,52,7,266162,75.8,2,2,3193944,4.5,9178,9127,51,Medium
St0086,2025,November,448,156,23,44,7,201600,95.5,0,0,2217600,3.9,11200,11042,158,High
St0086,2025,December,274,95,16,37,6,123300,80.4,0,0,1602900,4.1,6850,6772,78,High
St0087,2021,January,68,23,19,46,4,60928,72.5,0,0,670208,4.2,1904,1869,35,Medium
St0087,2021,February,74,25,13,54,4,70448,62.5,0,0,704480,4.0,2072,2055,17,Medium
St0087,2021,March,80,28,23,41,6,43200,75.4,1,4,432000,4.6,2400,2345,55,Medium
St0087,2021,April,96,33,11,35,4,64512,51.6,1,1,580608,4.6,2304,2288,16,Low
St0087,2021,May,77,26,17,33,4,38808,75.6,2,2,620928,4.0,1848,1787,61,Medium
St0087,2021,June,78,27,14,52,4,47502,69.4,4,4,570024,4.4,2262,2205,57,Medium
St0087,2021,July,108,37,16,34,5,51840,70.0,3,9,518400,4.2,2592,2532,60,Medium
St0087,2021,August,119,41,17,37,6,103530,70.2,3,3,1552950,3.7,3570,3533,37,Medium
St0087,2021,September,115,40,21,52,7,68770,75.3,1,2,1031550,3.9,2990,2918,72,Medium
St0087,2021,October,127,44,15,55,5,125730,48.8,3,3,1131570,4.3,3810,3753,57,Low
St0087,2021,November,167,58,23,48,6,100200,78.0,3,12,1603200,3.8,5010,4978,32,Medium
St0087,2021,December,110,38,13,45,6,86130,61.5,4,4,947430,4.5,2970,2910,60,Medium
St0087,2022,January,84,29,15,37,4,56028,55.5,1,2,728364,4.8,2436,2356,80,Low
St0087,2022,February,106,37,14,51,4,68264,57.5,1,1,614376,4.2,2968,2922,46,Low
St0087,2022,March,189,66,18,42,7,99792,59.6,2,10,1596672,3.8,4536,4355,181,Low
St0087,2022,April,80,28,15,34,3,58000,55.3,4,4,696000,3.5,2320,2292,28,Low
St0087,2022,May,117,40,15,38,3,81900,59.1,2,6,1310400,3.9,3276,3199,77,Low
St0087,2022,June,167,58,20,49,8,174348,67.3,0,0,2615220,4.3,4843,4775,68,Medium
St0087,2022,July,88,30,18,34,7,39600,71.6,2,2,594000,4.3,2200,2123,77,Medium
St0087,2022,August,134,46,23,43,8,102912,78.7,1,1,1543680,4.0,3216,3191,25,Medium
St0087,2022,September,123,43,13,38,5,82656,48.3,3,9,743904,3.7,2952,2920,32,Low
St0087,2022,October,164,57,20,50,5,149240,75.0,1,5,2238600,4.4,4264,4139,125,Medium
St0087,2022,November,212,74,19,35,5,120204,60.7,0,0,1322244,3.9,5724,5599,125,Medium
St0087,2022,December,186,65,16,53,5,172608,73.1,0,0,2761728,4.6,5394,5265,129,Medium
St0087,2023,January,160,56,23,46,8,148480,82.2,2,10,1336320,4.3,4640,4614,26,High
St0087,2023,February,150,52,14,47,6,104400,61.0,3,6,1461600,3.9,3600,3572,28,Medium
St0087,2023,March,197,68,21,30,6,160752,65.4,1,5,2250528,4.8,4728,4567,161,Medium
St0087,2023,April,222,77,17,41,7,186702,68.3,3,9,2800530,4.1,6438,6187,251,Medium
St0087,2023,May,114,39,20,50,8,59850,64.3,3,3,538650,3.6,2850,2737,113,Medium
St0087,2023,June,111,38,13,54,3,111888,55.9,2,8,1566432,4.4,3108,2991,117,Low
St0087,2023,July,181,63,16,36,5,112944,56.2,1,3,1355328,3.9,4344,4283,61,Low
St0087,2023,August,94,32,19,40,6,62698,76.4,1,2,1003168,4.5,2726,2620,106,Medium
St0087,2023,September,120,42,17,46,7,97920,60.8,3,3,881280,4.5,2880,2813,67,Medium
St0087,2023,October,165,57,20,32,8,71280,61.8,3,3,1069200,3.8,3960,3833,127,Medium
St0087,2023,November,133,46,16,36,4,116375,68.9,2,2,1396500,3.8,3325,3239,86,Medium
St0087,2023,December,131,45,20,34,5,95368,67.9,1,1,1144416,4.2,3406,3285,121,Medium
St0087,2024,January,122,42,24,54,9,92232,80.7,2,6,830088,4.4,3294,3204,90,High
St0087,2024,February,192,67,18,41,4,156672,72.9,2,6,1723392,4.3,4608,4455,153,Medium
St0087,2024,March,190,66,18,42,4,112860,57.3,1,2,1354320,4.7,5130,5021,109,Low
St0087,2024,April,253,88,20,32,8,183425,84.4,3,6,1650825,4.4,6325,6153,172,High
St0087,2024,May,217,75,24,55,8,180544,84.1,1,5,1805440,4.2,5642,5511,131,High
St0087,2024,June,136,47,18,46,7,141984,66.9,2,4,1561824,4.7,3944,3828,116,Medium
St0087,2024,July,136,47,25,44,9,106624,93.0,3,15,1599360,4.1,3808,3778,30,High
St0087,2024,August,174,60,15,34,3,149292,64.3,4,20,1642212,4.2,4524,4466,58,Medium
St0087,2024,September,249,87,17,48,7,167328,87.4,1,5,2342592,4.3,6972,6817,155,High
St0087,2024,October,143,50,20,32,7,130130,80.8,0,0,1301300,4.8,3718,3679,39,High
St0087,2024,November,133,46,18,38,6,119700,73.0,4,16,1436400,4.1,3990,3948,42,Medium
St0087,2024,December,146,51,18,32,7,84680,80.8,0,0,1185520,4.5,4234,4160,74,High
St0087,2025,January,277,96,19,39,5,165646,86.6,4,4,1822106,3.6,7202,7089,113,High
St0087,2025,February,240,84,21,41,8,174960,70.5,4,12,1924560,3.9,6480,6354,126,Medium
St0087,2025,March,278,97,17,31,5,145116,63.9,2,10,1306044,4.1,8062,7902,160,Medium
St0087,2025,April,225,78,19,41,6,175500,73.0,0,0,2632500,4.8,5850,5793,57,Medium
St0087,2025,May,172,60,27,33,7,163744,96.6,4,8,1473696,3.6,4816,4729,87,High
St0087,2025,June,239,83,19,35,4,180206,57.0,1,4,2522884,4.0,6931,6759,172,Low
St0087,2025,July,263,92,21,48,7,142020,82.3,2,2,1562220,4.3,7890,7751,139,High
St0087,2025,August,227,79,18,39,5,190907,92.7,4,12,1909070,3.9,6583,6385,198,High
St0087,2025,September,272,95,17,54,4,176256,84.9,0,0,1938816,3.9,7344,7156,188,High
St0087,2025,October,149,52,18,33,5,80460,57.1,2,4,885060,4.4,4470,4313,157,Low
St0087,2025,November,200,70,17,46,7,91200,75.9,3,9,1094400,3.7,4800,4770,30,Medium
St0087,2025,December,147,51,22,51,5,98784,93.6,0,0,1086624,3.9,3528,3389,139,High
St0088,2021,January,113,39,18,49,6,84750,77.7,2,10,1101750,4.2,3390,3369,21,Medium
St0088,2021,February,118,41,12,55,3,96288,49.3,1,1,1348032,4.3,2832,2745,87,Low
St0088,2021,March,80,28,21,36,7,56000,75.0,3,15,672000,3.9,2000,1969,31,Medium
St0088,2021,April,111,38,19,34,5,89910,61.3,3,12,1168830,4.0,2997,2931,66,Medium
St0088,2021,May,65,22,13,30,3,50895,60.9,1,2,559845,4.1,1885,1829,56,Medium
St0088,2021,June,114,39,20,48,5,116280,80.1,4,4,1511640,3.9,3420,3336,84,High
St0088,2021,July,75,26,24,55,6,66300,84.9,2,2,928200,4.4,1950,1891,59,High
St0088,2021,August,50,17,14,40,5,30000,46.9,0,0,270000,4.2,1500,1470,30,Low
St0088,2021,September,96,33,18,53,5,49248,66.7,2,8,738720,4.6,2592,2521,71,Medium
St0088,2021,October,73,25,11,43,5,48180,50.6,4,16,674520,4.2,2190,2149,41,Low
St0088,2021,November,73,25,14,52,6,67890,50.5,4,12,746790,4.1,2190,2106,84,Low
St0088,2021,December,90,31,20,39,7,54810,76.9,3,15,767340,3.9,2610,2559,51,Medium
St0088,2022,January,93,32,16,34,5,65100,56.1,2,10,651000,3.8,2604,2521,83,Low
St0088,2022,February,76,26,20,49,8,34200,82.7,4,12,444600,3.7,1900,1864,36,High
St0088,2022,March,128,44,21,36,8,118272,83.5,2,4,1655808,4.5,3584,3520,64,High
St0088,2022,April,76,26,19,49,4,72732,58.7,3,15,1018248,3.7,2204,2182,22,Low
St0088,2022,May,91,31,16,43,7,85995,55.4,4,20,859950,3.8,2457,2419,38,Low
St0088,2022,June,136,47,24,42,6,102000,84.7,0,0,1122000,3.9,4080,3966,114,High
St0088,2022,July,115,40,19,52,5,93380,64.0,0,0,1307320,4.0,3220,3132,88,Medium
St0088,2022,August,139,48,20,54,8,145116,75.2,1,4,2321856,4.1,4031,3936,95,Medium
St0088,2022,September,131,45,21,54,7,121830,67.3,4,8,1340130,3.8,3930,3896,34,Medium
St0088,2022,October,77,26,14,49,4,40425,65.8,0,0,646800,3.8,1925,1887,38,Medium
St0088,2022,November,165,57,19,47,5,87780,85.5,2,10,877800,3.8,4620,4528,92,High
St0088,2022,December,136,47,16,48,4,99144,74.5,4,20,892296,3.6,3672,3638,34,Medium
St0088,2023,January,137,47,20,53,6,71925,72.2,2,10,647325,4.5,3425,3316,109,Medium
St0088,2023,February,79,27,20,34,7,54984,87.3,2,2,714792,4.4,2291,2227,64,High
St0088,2023,March,110,38,22,54,7,57750,75.1,1,3,577500,4.2,2750,2713,37,Medium
St0088,2023,April,139,48,19,35,4,108420,63.5,4,4,975780,3.8,3614,3535,79,Medium
St0088,2023,May,161,56,21,55,6,169050,70.6,4,8,2535750,4.1,4830,4741,89,Medium
St0088,2023,June,110,38,15,54,3,59400,69.0,4,16,653400,4.5,3300,3205,95,Medium
St0088,2023,July,88,30,20,39,8,52272,64.0,0,0,574992,4.7,2376,2360,16,Medium
St0088,2023,August,111,38,18,34,7,92352,54.3,4,16,1477632,4.3,2886,2838,48,Low
St0088,2023,September,119,41,14,44,6,64260,73.1,1,2,1028160,4.3,3570,3542,28,Medium
St0088,2023,October,178,62,20,53,6,93450,61.6,2,6,841050,4.6,4450,4309,141,Medium
St0088,2023,November,119,41,20,44,5,74375,90.2,2,10,966875,3.7,2975,2864,111,High
St0088,2023,December,102,35,16,54,5,66300,83.0,2,10,663000,3.8,2652,2550,102,High
St0088,2024,January,191,66,19,44,7,128352,56.7,4,20,1925280,4.5,5348,5192,156,Low
St0088,2024,February,106,37,14,32,4,63600,65.2,0,0,572400,3.8,3180,3101,79,Medium
St0088,2024,March,95,33,18,39,5,47880,80.4,4,8,622440,4.1,2660,2572,88,High
St0088,2024,April,154,53,17,46,5,128898,89.1,1,2,1288980,4.1,4158,4068,90,High
St0088,2024,May,103,36,19,53,4,57680,86.8,0,0,922880,4.5,2884,2777,107,High
St0088,2024,June,186,65,14,54,6,165726,66.5,4,8,1822986,4.2,5022,4914,108,Medium
St0088,2024,July,118,41,22,45,7,127440,72.4,2,4,1656720,3.7,3540,3480,60,Medium
St0088,2024,August,147,51,11,37,4,132300,55.4,2,10,1323000,3.7,3675,3638,37,Low
St0088,2024,September,172,60,22,37,7,98384,78.1,0,0,1574144,4.5,4472,4359,113,Medium
St0088,2024,October,161,56,24,30,6,72450,89.7,3,15,724500,4.1,4025,3912,113,High
St0088,2024,November,143,50,16,40,6,109824,84.3,1,5,1427712,4.5,3432,3355,77,High
St0088,2024,December,109,38,22,54,6,82404,86.5,2,4,1318464,3.7,3052,3030,22,High
St0088,2025,January,126,44,23,43,5,71820,81.2,0,0,1005480,4.8,3780,3680,100,High
St0088,2025,February,214,74,20,42,7,134820,64.4,0,0,2022300,4.2,6420,6324,96,Medium
St0088,2025,March,180,62,24,38,7,99360,83.8,1,3,1192320,4.6,4320,4251,69,High
St0088,2025,April,185,64,22,51,8,174825,84.2,3,6,1923075,4.4,4995,4841,154,High
St0088,2025,May,171,59,22,46,8,83106,90.8,4,12,1329696,4.1,4617,4588,29,High
St0088,2025,June,183,64,19,55,5,161772,87.5,1,1,1617720,4.3,4758,4611,147,High
St0088,2025,July,144,50,16,46,5,115200,60.3,2,8,1728000,4.2,3600,3580,20,Medium
St0088,2025,August,118,41,22,35,5,59472,83.5,3,15,892080,4.4,3304,3203,101,High
St0088,2025,September,211,73,16,49,7,206780,74.6,0,0,1861020,4.4,5908,5868,40,Medium
St0088,2025,October,198,69,23,54,6,95040,77.2,4,20,1235520,4.3,4752,4580,172,Medium
St0088,2025,November,161,56,25,52,9,84042,86.0,3,3,840420,3.9,4669,4507,162,High
St0088,2025,December,224,78,13,43,3,151200,64.2,0,0,1814400,4.9,6048,5914,134,Medium
St0089,2021,January,190,66,17,53,5,125400,79.7,1,4,1128600,4.7,5700,5491,209,Medium
St0089,2021,February,182,63,14,42,3,178360,55.5,1,5,1605240,3.8,5096,5032,64,Low
St0089,2021,March,96,33,14,46,3,69888,45.9,0,0,908544,3.8,2496,2446,50,Low
St0089,2021,April,212,74,16,30,6,135256,78.5,3,12,1893584,4.4,6148,5988,160,Medium
St0089,2021,May,111,38,18,47,5,77922,68.5,3,6,1012986,3.7,2997,2927,70,Medium
St0089,2021,June,188,65,22,33,6,99264,82.1,4,20,992640,3.6,4512,4424,88,High
St0089,2021,July,154,53,14,37,4,118272,52.2,2,10,1774080,4.3,3696,3568,128,Low
St0089,2021,August,145,50,22,53,8,96715,77.2,4,4,1257295,4.2,4205,4166,39,Medium
St0089,2021,September,161,56,15,30,5,130410,79.2,2,2,1695330,4.7,4830,4710,120,Medium
St0089,2021,October,240,84,20,38,8,181440,74.4,2,6,2903040,4.6,6480,6330,150,Medium
St0089,2021,November,217,75,16,33,7,157976,67.9,0,0,1579760,4.5,6076,5930,146,Medium
St0089,2021,December,130,45,21,48,6,113750,77.2,2,10,1365000,4.4,3250,3142,108,Medium
St0089,2022,January,181,63,18,33,7,136836,54.2,0,0,2052540,4.7,4887,4695,192,Low
St0089,2022,February,267,93,17,50,6,239232,71.5,0,0,3349248,4.1,7476,7386,90,Medium
St0089,2022,March,141,49,17,37,6,88830,56.4,4,4,1065960,4.5,4230,4066,164,Low
St0089,2022,April,188,65,15,37,4,153408,75.7,2,2,1994304,4.4,4512,4368,144,Medium
St0089,2022,May,118,41,10,54,4,109504,49.4,0,0,1423552,3.8,3422,3288,134,Low
St0089,2022,June,210,73,20,30,5,127890,78.7,4,20,1918350,3.5,6090,5992,98,Medium
St0089,2022,July,248,86,15,40,3,227664,49.6,3,6,3642624,3.6,6696,6562,134,Low
St0089,2022,August,174,60,24,45,9,156600,86.3,4,4,2505600,3.6,5220,5150,70,High
St0089,2022,September,211,73,13,51,3,199395,68.7,2,8,3190320,4.1,5697,5541,156,Medium
St0089,2022,October,177,61,17,49,5,138591,84.0,1,5,1247319,4.8,5133,4967,166,High
St0089,2022,November,166,58,15,44,4,141100,79.7,2,4,1975400,4.6,4150,3985,165,Medium
St0089,2022,December,310,108,17,47,4,178250,64.1,0,0,2317250,4.3,7750,7496,254,Medium
St0089,2023,January,180,62,26,45,8,160380,91.0,3,15,2566080,4.2,4860,4763,97,High
St0089,2023,February,264,92,16,39,6,235224,79.1,3,15,2822688,4.6,7128,7071,57,Medium
St0089,2023,March,294,102,19,31,5,221676,75.7,2,8,3103464,4.2,8526,8396,130,Medium
St0089,2023,April,189,66,14,32,3,100548,61.8,2,6,1508220,3.8,5292,5148,144,Medium
St0089,2023,May,326,114,19,47,7,198534,64.0,4,8,1786806,4.4,9454,9208,246,Medium
St0089,2023,June,290,101,15,37,5,226200,63.5,2,8,2940600,4.3,8700,8574,126,Medium
St0089,2023,July,239,83,25,48,6,217490,85.6,4,20,3262350,4.3,6214,6010,204,High
St0089,2023,August,178,62,15,53,3,173016,79.9,3,6,2595240,3.6,4806,4776,30,Medium
St0089,2023,September,151,52,12,42,4,134541,52.0,4,20,1479951,4.2,4077,3960,117,Low
St0089,2023,October,169,59,17,33,6,137904,78.3,1,3,1792752,4.3,4056,4013,43,Medium
St0089,2023,November,355,124,11,45,3,238560,59.7,4,20,2624160,4.6,9940,9839,101,Low
St0089,2023,December,306,107,23,43,5,282744,85.6,4,8,3958416,4.5,8568,8521,47,High
St0089,2024,January,268,93,23,50,7,209844,83.9,1,1,2937816,4.0,7772,7652,120,High
St0089,2024,February,184,64,18,46,7,138000,81.8,1,3,1932000,4.0,5520,5365,155,High
St0089,2024,March,336,117,23,31,5,331296,92.1,4,20,5300736,4.5,9744,9366,378,High
St0089,2024,April,252,88,21,50,6,144900,78.6,1,2,1738800,4.2,6300,6164,136,Medium
St0089,2024,May,233,81,16,54,4,167760,81.4,4,12,2348640,3.6,6990,6903,87,High
St0089,2024,June,171,59,21,44,5,162792,85.3,4,8,2604672,4.6,4788,4619,169,High
St0089,2024,July,324,113,25,48,8,197316,89.2,4,8,2762424,3.8,9396,9024,372,High
St0089,2024,August,266,93,17,37,4,247380,88.4,2,8,3958080,4.0,7980,7824,156,High
St0089,2024,September,253,88,24,30,7,258060,84.8,4,4,3612840,3.7,7590,7511,79,High
St0089,2024,October,405,141,12,45,5,273375,55.6,1,5,2460375,4.1,10935,10828,107,Low
St0089,2024,November,225,78,14,31,6,180000,61.7,2,6,1800000,4.7,5625,5518,107,Medium
St0089,2024,December,386,135,15,41,3,351260,59.3,2,2,4917640,4.5,10036,9720,316,Low
St0089,2025,January,185,64,14,51,3,93240,70.6,0,0,1305360,4.2,5180,4995,185,Medium
St0089,2025,February,424,148,26,41,6,363792,90.2,4,20,5093088,3.5,11024,10942,82,High
St0089,2025,March,187,65,21,40,6,130152,90.3,1,3,1431672,4.4,4488,4445,43,High
St0089,2025,April,346,121,20,31,6,249120,73.9,2,8,3736800,3.9,10380,10256,124,Medium
St0089,2025,May,352,123,24,55,6,304128,96.2,0,0,4257792,4.6,9504,9281,223,High
St0089,2025,June,400,140,20,33,6,301600,61.6,3,15,2714400,4.0,10400,10047,353,Medium
St0089,2025,July,200,70,13,51,5,133400,59.5,2,10,2001000,3.8,5800,5742,58,Low
St0089,2025,August,352,123,20,50,5,173888,89.2,2,6,2434432,4.0,9152,8995,157,High
St0089,2025,September,410,143,16,51,5,226320,84.9,1,5,2942160,4.6,9840,9745,95,High
St0089,2025,October,223,78,18,48,6,117744,58.5,4,16,1883904,4.2,5352,5139,213,Low
St0089,2025,November,295,103,18,46,4,273760,71.8,0,0,3011360,4.5,8555,8365,190,Medium
St0089,2025,December,327,114,24,36,9,300186,89.7,1,3,3302046,4.7,8829,8735,94,High
St0090,2021,January,192,67,22,41,8,184320,81.8,2,10,1843200,4.4,5760,5720,40,High
St0090,2021,February,190,66,20,45,7,199500,60.9,0,0,1995000,3.8,5700,5520,180,Medium
St0090,2021,March,150,52,21,37,8,75600,72.6,4,16,1209600,4.3,4200,4098,102,Medium
St0090,2021,April,145,50,15,32,3,75400,54.5,4,20,754000,4.0,3770,3719,51,Low
St0090,2021,May,191,66,12,37,5,119184,57.1,0,0,1072656,4.0,4584,4408,176,Low
St0090,2021,June,229,80,11,47,5,185948,50.3,0,0,2975168,4.9,6412,6163,249,Low
St0090,2021,July,128,44,16,49,6,115072,71.8,0,0,1611008,4.4,3712,3667,45,Medium
St0090,2021,August,141,49,17,44,6,95175,67.6,0,0,1332450,4.3,3807,3668,139,Medium
St0090,2021,September,213,74,17,47,7,154425,77.2,3,12,2161950,4.1,6177,6066,111,Medium
St0090,2021,October,221,77,20,55,6,217906,67.7,0,0,2179060,4.6,6409,6197,212,Medium
St0090,2021,November,258,90,20,31,6,263160,76.5,3,3,2368440,4.2,7740,7674,66,Medium
St0090,2021,December,242,84,17,52,5,145200,57.9,1,2,2323200,4.6,7260,7179,81,Low
St0090,2022,January,230,80,24,30,7,241500,87.5,0,0,3864000,4.3,6900,6666,234,High
St0090,2022,February,188,65,15,51,6,141752,67.9,1,4,1275768,4.3,4888,4784,104,Medium
St0090,2022,March,272,95,21,54,5,198288,73.3,3,15,2974320,4.6,7344,7220,124,Medium
St0090,2022,April,175,61,18,48,7,118125,71.1,1,4,1181250,4.3,4725,4667,58,Medium
St0090,2022,May,230,80,16,43,7,231840,56.5,0,0,3245760,4.9,6440,6407,33,Low
St0090,2022,June,195,68,13,49,6,125580,48.2,0,0,1758120,4.2,5460,5346,114,Low
St0090,2022,July,281,98,14,35,3,160732,63.6,4,20,2571712,4.1,7306,7015,291,Medium
St0090,2022,August,179,62,19,34,4,158236,62.1,1,4,1898832,4.4,4654,4523,131,Medium
St0090,2022,September,233,81,20,33,5,244650,60.8,1,3,2691150,4.0,6990,6746,244,Medium
St0090,2022,October,315,110,23,38,5,188370,81.2,3,6,2637180,3.9,8190,8087,103,High
St0090,2022,November,332,116,16,48,7,159360,68.7,0,0,1434240,4.4,7968,7830,138,Medium
St0090,2022,December,315,110,11,31,5,286650,52.3,2,10,3439800,4.6,8190,8093,97,Low
St0090,2023,January,292,102,14,44,4,220168,63.6,4,12,3522688,4.3,8468,8328,140,Medium
St0090,2023,February,297,103,17,30,5,266112,61.5,3,6,3459456,4.0,8316,8147,169,Medium
St0090,2023,March,251,87,15,33,6,203310,61.7,4,16,2846340,4.2,7530,7273,257,Medium
St0090,2023,April,327,114,22,55,8,176580,85.3,1,1,1589220,4.6,8829,8767,62,High
St0090,2023,May,291,101,15,47,6,143754,74.2,0,0,1437540,4.6,7566,7423,143,Medium
St0090,2023,June,326,114,18,53,7,228200,70.0,0,0,2966600,4.3,8150,8032,118,Medium
St0090,2023,July,191,66,17,42,4,154710,65.9,2,2,1701810,4.4,5730,5657,73,Medium
St0090,2023,August,155,54,19,36,7,98890,81.8,4,4,988900,4.4,4495,4471,24,High
St0090,2023,September,203,71,16,31,6,163618,66.4,2,10,1963416,4.6,5278,5181,97,Medium
St0090,2023,October,185,64,26,53,7,181300,90.2,3,15,2175600,4.0,5180,5007,173,High
St0090,2023,November,357,124,16,44,7,248472,74.5,0,0,3478608,4.6,10353,10293,60,Medium
St0090,2023,December,344,120,22,40,6,237360,75.9,2,10,3085680,4.6,10320,10244,76,Medium
St0090,2024,January,331,115,20,50,7,259173,64.6,4,4,3110076,3.8,8937,8817,120,Medium
St0090,2024,February,279,97,17,32,4,194184,67.8,2,8,2524392,3.7,8091,7784,307,Medium
St0090,2024,March,345,120,24,41,6,217350,90.3,2,10,1956150,3.7,10350,10267,83,High
St0090,2024,April,286,100,22,31,5,207350,80.5,1,4,3110250,4.8,7150,6883,267,High
St0090,2024,May,209,73,18,50,7,200013,73.3,2,2,2000130,3.8,6061,5895,166,Medium
St0090,2024,June,318,111,11,37,2,276024,56.5,1,3,2760240,3.9,8904,8845,59,Low
St0090,2024,July,214,74,17,38,5,179760,89.4,2,4,2336880,4.3,6420,6212,208,High
St0090,2024,August,182,63,16,34,6,144144,70.8,3,3,1729728,4.3,4368,4223,145,Medium
St0090,2024,September,326,114,14,50,6,228200,61.5,1,2,3651200,4.7,9128,9062,66,Medium
St0090,2024,October,193,67,21,45,7,99009,93.5,4,20,891081,3.5,5211,5134,77,High
St0090,2024,November,252,88,17,34,5,176904,70.4,2,10,2299752,4.5,6804,6569,235,Medium
St0090,2024,December,211,73,15,39,4,113940,66.8,3,15,1709100,3.9,6330,6260,70,Medium
St0090,2025,January,437,152,18,32,5,363584,87.1,2,2,4363008,4.3,11362,11136,226,High
St0090,2025,February,334,116,13,40,3,225450,62.5,0,0,2479950,4.5,8350,8052,298,Medium
St0090,2025,March,301,105,27,48,7,209496,96.8,4,12,3351936,3.5,7224,7076,148,High
St0090,2025,April,278,97,18,37,4,226848,89.8,0,0,3402720,4.3,6672,6434,238,High
St0090,2025,May,225,78,15,41,3,152100,60.2,0,0,2281500,4.2,5850,5814,36,Medium
St0090,2025,June,236,82,19,32,4,146556,96.3,1,2,1612116,4.3,6372,6315,57,High
St0090,2025,July,211,73,20,35,5,102546,65.0,3,9,1025460,3.9,5697,5499,198,Medium
St0090,2025,August,294,102,18,49,7,152880,60.7,0,0,2446080,4.7,7644,7367,277,Medium
St0090,2025,September,404,141,21,46,7,203616,78.2,0,0,3257856,4.9,11312,11019,293,Medium
St0090,2025,October,473,165,20,37,5,356642,65.7,1,4,4636346,4.7,13717,13255,462,Medium
St0090,2025,November,430,150,19,44,7,438600,67.4,1,4,4386000,4.2,12900,12687,213,Medium
St0090,2025,December,359,125,18,47,6,205348,62.2,0,0,2874872,4.5,9334,9070,264,Medium
St0091,2021,January,161,56,14,37,5,76475,62.6,1,5,917700,4.3,4025,3969,56,Medium
St0091,2021,February,146,51,16,34,4,98112,83.3,1,1,981120,4.2,4088,4029,59,High
St0091,2021,March,97,33,18,31,7,48888,73.0,4,12,488880,3.6,2716,2616,100,Medium
St0091,2021,April,97,33,9,53,3,59073,45.2,2,2,767949,4.4,2813,2761,52,Low
St0091,2021,May,113,39,11,54,5,82264,58.1,0,0,1069432,4.2,2938,2865,73,Low
St0091,2021,June,146,51,20,52,8,87600,70.3,0,0,876000,4.1,3504,3367,137,Medium
St0091,2021,July,162,56,20,44,7,81648,77.4,1,2,1306368,4.8,3888,3835,53,Medium
St0091,2021,August,168,58,14,37,3,150528,73.5,2,8,1956864,4.4,4704,4522,182,Medium
St0091,2021,September,151,52,11,46,5,72480,47.7,1,5,869760,4.5,3624,3598,26,Low
St0091,2021,October,146,51,16,34,4,94608,57.5,3,12,1324512,4.1,3504,3484,20,Low
St0091,2021,November,132,46,17,41,6,103356,51.5,4,4,1033560,3.9,3564,3491,73,Low
St0091,2021,December,146,51,18,52,5,110376,76.5,2,6,1214136,4.1,4088,3988,100,Medium
St0091,2022,January,227,79,14,41,6,130525,56.7,1,1,1566300,4.0,5675,5520,155,Low
St0091,2022,February,220,77,22,32,8,148500,80.7,4,20,1485000,4.1,5940,5800,140,High
St0091,2022,March,135,47,19,52,5,64125,59.5,4,12,641250,4.5,3375,3323,52,Low
St0091,2022,April,127,44,19,32,7,69850,58.3,0,0,768350,3.8,3175,3122,53,Low
St0091,2022,May,148,51,21,52,7,90132,66.4,2,2,1261848,4.0,4292,4174,118,Medium
St0091,2022,June,222,77,19,39,4,181152,62.2,3,15,2898432,3.7,5328,5139,189,Medium
St0091,2022,July,142,49,15,36,6,135894,55.7,1,3,1494834,3.8,4118,4027,91,Low
St0091,2022,August,128,44,18,54,6,106496,57.2,2,4,1703936,3.8,3328,3299,29,Low
St0091,2022,September,164,57,15,51,5,128412,62.6,4,4,1926180,3.9,4428,4328,100,Medium
St0091,2022,October,126,44,18,31,4,105462,75.6,4,20,1054620,3.8,3402,3298,104,Medium
St0091,2022,November,156,54,14,47,6,89856,50.7,4,4,1257984,3.6,3744,3693,51,Low
St0091,2022,December,243,85,12,48,5,190269,52.8,0,0,2663766,4.0,7047,6834,213,Low
St0091,2023,January,158,55,16,33,7,115182,71.9,0,0,1151820,4.6,4266,4240,26,Medium
St0091,2023,February,206,72,17,34,6,111240,88.9,2,2,1112400,4.1,6180,5967,213,High
St0091,2023,March,268,93,20,31,8,137484,68.1,3,9,1374840,3.8,7236,7011,225,Medium
St0091,2023,April,191,66,15,42,3,124150,54.4,3,9,1489800,4.0,4966,4771,195,Low
St0091,2023,May,166,58,15,42,3,149400,77.6,3,6,2390400,3.6,4150,4025,125,Medium
St0091,2023,June,191,66,12,54,4,181832,52.4,3,15,1818320,4.3,5348,5198,150,Low
St0091,2023,July,145,50,18,36,6,78300,85.7,1,4,1252800,3.8,3915,3819,96,High
St0091,2023,August,234,81,19,31,7,126360,61.6,3,6,1895400,3.7,6318,6135,183,Medium
St0091,2023,September,260,91,19,42,6,174720,79.7,4,8,2446080,4.0,6240,6135,105,Medium
St0091,2023,October,142,49,15,53,5,81224,79.6,4,8,1299584,3.7,3692,3599,93,Medium
St0091,2023,November,240,84,15,35,6,174000,60.8,2,10,2436000,4.2,6000,5862,138,Medium
St0091,2023,December,140,49,17,45,7,109620,60.1,3,15,1096200,3.6,3780,3692,88,Medium
St0091,2024,January,268,93,21,32,7,174200,88.5,2,10,2090400,3.9,6700,6453,247,High
St0091,2024,February,311,108,21,53,8,258752,92.4,4,8,3622528,4.4,8086,7944,142,High
St0091,2024,March,166,58,16,40,7,85158,83.5,0,0,1021896,4.5,4482,4362,120,High
St0091,2024,April,146,51,23,51,7,89936,87.4,3,6,899360,4.6,4088,4047,41,High
St0091,2024,May,264,92,17,38,6,199056,54.0,1,3,1990560,4.1,6864,6735,129,Low
St0091,2024,June,235,82,25,52,8,129485,91.7,4,12,1424335,4.4,6815,6603,212,High
St0091,2024,July,287,100,17,35,7,274659,81.6,0,0,2746590,4.4,8323,8052,271,High
St0091,2024,August,191,66,13,52,4,171900,65.3,3,9,1890900,3.8,4775,4712,63,Medium
St0091,2024,September,198,69,14,32,4,142560,71.2,3,6,1568160,4.5,4752,4577,175,Medium
St0091,2024,October,191,66,21,32,8,114600,89.6,1,5,1604400,4.0,4584,4547,37,High
St0091,2024,November,233,81,21,52,7,187798,77.9,2,4,2629172,4.0,6058,5958,100,Medium
St0091,2024,December,260,91,21,44,8,160160,75.0,3,15,1761760,3.7,7280,7164,116,Medium
St0091,2025,January,208,72,17,32,4,209664,59.6,2,2,3144960,4.0,5824,5708,116,Low
St0091,2025,February,288,100,15,31,6,264384,79.4,3,15,3965760,4.5,7776,7646,130,Medium
St0091,2025,March,243,85,15,55,3,232551,76.9,1,5,2558061,3.9,7047,6857,190,Medium
St0091,2025,April,226,79,24,49,6,120232,96.9,0,0,1202320,4.2,6328,6088,240,High
St0091,2025,May,263,92,16,53,4,184100,77.2,2,6,1841000,3.8,6575,6375,200,Medium
St0091,2025,June,269,94,19,40,4,148488,81.5,3,12,2227320,3.9,6456,6371,85,High
St0091,2025,July,343,120,14,34,4,230496,59.5,3,3,2765952,4.1,8232,8048,184,Low
St0091,2025,August,278,97,13,43,6,209612,61.6,3,9,2305732,3.8,7228,7185,43,Medium
St0091,2025,September,327,114,19,38,5,277950,61.4,1,4,4169250,4.1,8175,7970,205,Medium
St0091,2025,October,371,129,24,36,6,367290,93.3,1,2,4040190,4.8,11130,10871,259,High
St0091,2025,November,210,73,20,33,5,175770,94.1,3,9,2636550,3.8,5670,5501,169,High
St0091,2025,December,373,130,20,55,5,391650,71.5,4,4,5874750,4.3,11190,10778,412,Medium
St0092,2021,January,200,70,22,32,8,120000,81.4,1,2,1200000,3.9,5000,4917,83,High
St0092,2021,February,191,66,11,34,3,144396,53.1,3,3,1443960,4.1,5348,5252,96,Low
St0092,2021,March,197,68,21,45,8,164889,74.9,1,5,2473335,4.5,5319,5251,68,Medium
St0092,2021,April,112,39,20,40,7,75264,67.5,1,5,1128960,4.8,3136,3094,42,Medium
St0092,2021,May,194,67,19,48,5,192060,59.6,3,12,2496780,3.7,5820,5760,60,Low
St0092,2021,June,181,63,15,46,6,116564,48.4,3,15,1515332,4.6,5068,5006,62,Low
St0092,2021,July,156,54,14,54,4,86112,49.5,0,0,947232,4.5,3744,3638,106,Low
St0092,2021,August,163,57,18,48,4,89976,60.1,0,0,899760,4.5,3912,3826,86,Medium
St0092,2021,September,168,58,15,32,4,120960,62.0,2,4,1451520,4.1,5040,4846,194,Medium
St0092,2021,October,118,41,16,32,4,88500,66.8,3,3,885000,4.0,2950,2931,19,Medium
St0092,2021,November,175,61,15,36,6,122500,75.1,4,16,1592500,3.6,4375,4223,152,Medium
St0092,2021,December,234,81,21,52,6,129168,84.7,3,9,1162512,4.0,5616,5553,63,High
St0092,2022,January,248,86,21,44,7,234360,74.1,1,2,2577960,4.0,6696,6612,84,Medium
St0092,2022,February,243,85,23,35,7,145800,78.9,0,0,2041200,4.4,7290,7078,212,Medium
St0092,2022,March,158,55,15,35,4,119448,67.9,2,6,1075032,4.5,4424,4376,48,Medium
St0092,2022,April,142,49,24,42,7,79520,80.4,0,0,715680,4.4,3976,3851,125,High
St0092,2022,May,247,86,13,44,6,141284,69.7,4,20,1271556,3.5,6422,6166,256,Medium
St0092,2022,June,188,65,18,39,7,103776,71.2,4,8,1349088,4.4,4512,4470,42,Medium
St0092,2022,July,275,96,21,40,7,133650,80.0,4,8,2004750,4.2,7425,7323,102,Medium
St0092,2022,August,208,72,14,35,3,162240,49.4,3,15,1784640,4.0,6240,6059,181,Low
St0092,2022,September,254,88,20,33,6,109728,60.8,4,8,1645920,4.3,6096,6063,33,Medium
St0092,2022,October,157,54,16,46,6,135648,73.1,3,3,1899072,3.7,4239,4187,52,Medium
St0092,2022,November,297,103,19,45,7,299376,75.6,4,8,4191264,4.4,8316,8140,176,Medium
St0092,2022,December,313,109,21,33,8,326772,78.8,3,12,3594492,4.1,9077,8872,205,Medium
St0092,2023,January,277,96,21,50,8,224924,72.5,2,10,2249240,3.7,7756,7618,138,Medium
St0092,2023,February,147,51,21,49,7,106575,83.4,0,0,1065750,4.7,3675,3570,105,High
St0092,2023,March,156,54,18,43,4,138996,66.2,2,2,1250964,3.7,4212,4088,124,Medium
St0092,2023,April,176,61,14,42,4,118976,68.0,0,0,1546688,4.8,4576,4466,110,Medium
St0092,2023,May,146,51,14,55,6,97382,63.9,1,4,1558112,4.3,4234,4109,125,Medium
St0092,2023,June,242,84,15,35,3,156816,52.3,2,8,2038608,3.7,6534,6303,231,Low
St0092,2023,July,235,82,10,54,2,126900,51.5,3,6,1776600,4.1,7050,6942,108,Low
St0092,2023,August,226,79,22,44,7,122040,80.2,1,4,1952640,4.1,6780,6660,120,High
St0092,2023,September,162,56,20,39,6,120528,64.4,3,3,1205280,4.2,3888,3750,138,Medium
St0092,2023,October,372,130,11,50,4,229152,59.0,1,2,2520672,4.4,10416,10248,168,Low
St0092,2023,November,165,57,19,54,7,120285,75.8,3,9,1443420,4.1,4455,4311,144,Medium
St0092,2023,December,282,98,17,32,7,246750,51.9,2,2,2714250,3.9,7050,6916,134,Low
St0092,2024,January,240,84,22,38,8,241920,70.5,1,2,3144960,3.8,6720,6620,100,Medium
St0092,2024,February,361,126,20,52,7,197106,79.3,4,4,2365272,3.9,9386,9038,348,Medium
St0092,2024,March,220,77,15,31,6,104500,75.9,1,4,1358500,3.8,5500,5312,188,Medium
St0092,2024,April,361,126,15,43,3,242592,69.3,0,0,3638880,4.0,10108,9802,306,Medium
St0092,2024,May,158,55,23,30,5,127980,77.7,1,2,1407780,3.8,4740,4635,105,Medium
St0092,2024,June,361,126,13,48,6,268584,61.8,2,10,4297344,4.2,8664,8330,334,Medium
St0092,2024,July,357,124,20,52,6,169575,89.3,2,2,1526175,3.8,8925,8725,200,High
St0092,2024,August,196,68,22,31,7,101920,88.8,3,6,1019200,4.2,5096,4904,192,High
St0092,2024,September,260,91,15,31,5,196560,77.6,1,1,2555280,3.7,7280,7040,240,Medium
St0092,2024,October,189,66,13,42,4,120582,61.1,1,3,1446984,4.2,5481,5350,131,Medium
St0092,2024,November,191,66,19,33,4,160631,56.3,1,5,2088203,3.7,5539,5475,64,Low
St0092,2024,December,313,109,20,34,5,280448,85.4,0,0,4487168,4.5,8764,8435,329,High
St0092,2025,January,280,98,22,30,7,127680,77.2,2,8,1404480,4.3,6720,6463,257,Medium
St0092,2025,February,233,81,25,36,8,139800,88.3,4,12,1398000,3.7,6990,6749,241,High
St0092,2025,March,205,71,20,46,6,202950,90.9,2,2,2029500,3.8,6150,6032,118,High
St0092,2025,April,409,143,21,31,6,276075,75.4,2,4,3588975,4.4,10225,10120,105,Medium
St0092,2025,May,296,103,21,30,6,190624,96.9,0,0,1906240,4.5,8288,8061,227,High
St0092,2025,June,279,97,20,44,8,203391,61.3,2,6,2237301,3.7,7533,7423,110,Medium
St0092,2025,July,288,100,18,32,7,165888,72.2,1,5,2488320,4.6,6912,6659,253,Medium
St0092,2025,August,384,134,18,32,4,380160,62.1,1,4,5702400,4.8,11520,11396,124,Medium
St0092,2025,September,265,92,24,54,7,245920,86.8,4,20,2705120,3.7,7685,7467,218,High
St0092,2025,October,290,101,11,54,2,208800,59.0,3,15,2296800,4.1,6960,6681,279,Low
St0092,2025,November,317,110,21,34,7,190200,75.5,0,0,1711800,4.1,7925,7741,184,Medium
St0092,2025,December,478,167,16,32,6,329820,58.7,1,3,3957840,4.4,14340,13834,506,Low
St0093,2021,January,163,57,11,43,5,94540,46.7,1,3,1039940,4.8,4727,4682,45,Low
St0093,2021,February,226,79,10,43,3,101700,50.8,0,0,1627200,4.6,5650,5483,167,Low
St0093,2021,March,213,74,17,38,6,143988,49.4,4,12,1583868,3.5,5538,5500,38,Low
St0093,2021,April,282,98,13,39,6,162150,56.6,2,2,2107950,4.4,7050,6993,57,Low
St0093,2021,May,251,87,13,33,6,210840,53.2,1,2,2530080,4.5,7028,6751,277,Low
St0093,2021,June,206,72,15,47,4,166036,72.7,3,3,1494324,4.5,5356,5219,137,Medium
St0093,2021,July,140,49,17,41,4,104160,52.3,3,9,1041600,4.4,3360,3317,43,Low
St0093,2021,August,226,79,21,32,7,119328,81.1,1,2,1551264,4.2,5424,5230,194,High
St0093,2021,September,228,79,16,44,4,218196,76.0,4,12,3272940,3.6,6612,6387,225,Medium
St0093,2021,October,323,113,15,44,4,299744,70.6,2,4,3896672,4.1,9367,9212,155,Medium
St0093,2021,November,263,92,15,46,5,266945,47.0,4,8,4271120,4.4,7627,7461,166,Low
St0093,2021,December,211,73,11,47,2,118160,54.8,2,4,1417920,4.0,5908,5814,94,Low
St0093,2022,January,313,109,14,37,6,187800,55.7,1,4,2065800,4.1,7825,7680,145,Low
St0093,2022,February,292,102,16,49,5,277984,62.3,1,5,3335808,4.1,8176,8116,60,Medium
St0093,2022,March,227,79,19,34,6,184324,82.4,1,5,2211888,4.6,6583,6420,163,High
St0093,2022,April,316,110,19,31,5,295776,76.7,3,6,3845088,4.5,8216,8090,126,Medium
St0093,2022,May,326,114,23,35,8,264712,78.1,0,0,3176544,4.5,9128,8800,328,Medium
St0093,2022,June,172,60,14,39,5,97524,66.7,0,0,1072764,4.8,4644,4555,89,Medium
St0093,2022,July,162,56,14,51,6,154224,66.8,1,2,1850688,4.5,4536,4399,137,Medium
St0093,2022,August,173,60,10,30,2,159852,52.2,4,8,1918224,4.1,4844,4701,143,Low
St0093,2022,September,191,66,18,30,7,113454,65.1,0,0,1021086,4.2,5157,5035,122,Medium
St0093,2022,October,365,127,17,37,5,339450,50.7,2,8,4412850,3.9,10950,10542,408,Low
St0093,2022,November,388,135,19,34,6,303804,77.8,2,10,3645648,4.7,11252,10858,394,Medium
St0093,2022,December,290,101,19,36,4,201840,55.6,2,4,2623920,4.3,8410,8235,175,Low
St0093,2023,January,187,65,18,31,6,115192,64.2,4,20,1267112,4.1,5236,5071,165,Medium
St0093,2023,February,333,116,18,40,7,285714,57.7,2,10,4285710,3.7,8658,8337,321,Low
St0093,2023,March,261,91,15,33,5,187920,72.5,0,0,1879200,4.4,7830,7669,161,Medium
St0093,2023,April,193,67,22,41,6,173700,83.8,0,0,2431800,4.7,5790,5575,215,High
St0093,2023,May,363,127,21,32,7,302016,66.9,0,0,3624192,4.7,9438,9304,134,Medium
St0093,2023,June,357,124,12,39,5,194922,51.8,2,6,1754298,4.7,9282,9165,117,Low
St0093,2023,July,222,77,17,32,5,133200,79.0,3,15,1198800,4.3,6660,6441,219,Medium
St0093,2023,August,239,83,18,42,7,200043,72.7,2,2,2200473,4.4,6453,6407,46,Medium
St0093,2023,September,294,102,16,50,7,242550,54.1,4,20,2425500,3.7,7350,7215,135,Low
St0093,2023,October,326,114,20,32,8,264060,67.7,0,0,4224960,3.9,8802,8636,166,Medium
St0093,2023,November,212,74,19,32,7,216240,81.7,0,0,2162400,4.4,6360,6260,100,High
St0093,2023,December,218,76,17,51,7,228900,62.8,4,8,2975700,4.3,6540,6308,232,Medium
St0093,2024,January,449,157,16,38,4,377160,70.3,0,0,5657400,4.7,13470,13286,184,Medium
St0093,2024,February,220,77,23,55,6,135520,84.8,0,0,1626240,4.7,6160,5974,186,High
St0093,2024,March,226,79,17,42,5,135600,89.9,3,6,2034000,4.1,6780,6656,124,High
St0093,2024,April,331,115,16,46,7,154908,73.2,0,0,2478528,4.0,8606,8271,335,Medium
St0093,2024,May,268,93,17,38,4,120600,85.2,1,1,1567800,4.5,6700,6605,95,High
St0093,2024,June,422,147,12,35,3,319032,60.3,0,0,3828384,4.3,11816,11597,219,Medium
St0093,2024,July,307,107,21,46,7,268625,76.5,1,4,4298000,3.9,7675,7514,161,Medium
St0093,2024,August,200,70,18,50,7,194400,56.6,1,5,3110400,3.9,5400,5342,58,Low
St0093,2024,September,230,80,12,43,5,135240,55.4,0,0,2163840,4.5,6440,6316,124,Low
St0093,2024,October,258,90,16,49,6,136224,71.1,2,4,1634688,4.6,6192,6090,102,Medium
St0093,2024,November,364,127,18,35,6,174720,64.6,4,20,2096640,3.7,8736,8542,194,Medium
St0093,2024,December,268,93,19,33,5,154368,93.3,0,0,2161152,4.4,6432,6381,51,High
St0093,2025,January,327,114,21,33,8,269775,86.0,0,0,4046625,3.9,8175,7893,282,High
St0093,2025,February,362,126,20,48,7,295392,78.9,1,4,3249312,3.9,8688,8599,89,Medium
St0093,2025,March,293,102,15,42,4,153825,66.0,0,0,2153550,4.1,7325,7045,280,Medium
St0093,2025,April,441,154,23,33,5,412776,92.2,3,6,6604416,3.9,11466,11188,278,High
St0093,2025,May,290,101,16,32,7,135720,82.4,1,4,1764360,4.5,7540,7497,43,High
St0093,2025,June,385,134,17,47,7,254100,87.4,3,3,3811500,3.9,11550,11225,325,High
St0093,2025,July,389,136,19,44,5,189054,72.3,3,12,1701486,4.6,10503,10176,327,Medium
St0093,2025,August,286,100,23,43,8,192192,76.3,1,3,1921920,3.9,6864,6716,148,Medium
St0093,2025,September,456,159,14,51,3,273600,58.6,4,8,2736000,4.2,11400,11273,127,Low
St0093,2025,October,564,197,18,47,6,394800,92.9,2,6,4737600,4.0,14100,13676,424,High
St0093,2025,November,556,194,21,50,7,354728,87.7,1,1,4611464,4.6,16124,15706,418,High
St0093,2025,December,464,162,21,40,8,470960,82.0,2,2,7064400,3.9,13456,13312,144,High
St0094,2021,January,150,52,14,34,5,129600,47.1,1,5,1425600,4.0,4050,4027,23,Low
St0094,2021,February,139,48,19,51,7,140112,57.5,0,0,2101680,4.4,3892,3829,63,Low
St0094,2021,March,105,36,23,32,6,78120,82.4,3,6,1093680,4.6,2520,2425,95,High
St0094,2021,April,123,43,16,35,4,76752,75.3,2,2,1074528,3.7,3198,3076,122,Medium
St0094,2021,May,121,42,14,51,5,75504,65.3,2,4,906048,4.4,2904,2820,84,Medium
St0094,2021,June,138,48,18,55,7,125580,82.8,1,1,1632540,4.6,3588,3448,140,High
St0094,2021,July,135,47,14,46,5,70200,71.4,1,5,1053000,3.8,3510,3394,116,Medium
St0094,2021,August,99,34,16,38,5,61479,46.9,0,0,676269,3.9,2673,2594,79,Low
St0094,2021,September,193,67,12,46,4,172928,52.2,1,3,2075136,4.3,5404,5210,194,Low
St0094,2021,October,186,65,17,55,4,118668,65.8,3,6,1898688,3.8,5394,5269,125,Medium
St0094,2021,November,164,57,16,52,7,84132,73.8,3,12,925452,4.6,4428,4375,53,Medium
St0094,2021,December,113,39,16,44,4,82377,51.9,1,2,1235655,4.2,3051,2972,79,Low
St0094,2022,January,195,68,20,38,7,174720,66.4,3,12,2795520,4.2,5460,5431,29,Medium
St0094,2022,February,206,72,23,50,6,118656,82.7,2,10,1542528,4.4,4944,4791,153,High
St0094,2022,March,135,47,24,45,6,64800,83.5,4,8,1036800,4.0,3240,3209,31,High
St0094,2022,April,157,54,18,44,7,105504,77.3,2,4,1266048,4.2,3768,3638,130,Medium
St0094,2022,May,145,50,18,51,6,81200,75.0,1,4,1055600,4.2,4060,3905,155,Medium
St0094,2022,June,200,70,10,34,5,171600,51.7,1,2,2059200,3.8,5200,5132,68,Low
St0094,2022,July,179,62,11,30,5,85025,55.6,2,6,850250,4.5,4475,4447,28,Low
St0094,2022,August,150,52,17,47,5,85800,71.2,0,0,858000,4.1,3900,3760,140,Medium
St0094,2022,September,226,79,21,38,8,216282,67.3,0,0,2811666,4.2,6554,6297,257,Medium
St0094,2022,October,220,77,22,48,6,183040,78.6,2,6,1647360,4.2,5720,5521,199,Medium
St0094,2022,November,271,94,21,45,6,263412,68.6,0,0,3160944,4.1,7317,7237,80,Medium
St0094,2022,December,241,84,16,47,5,156168,65.1,3,15,2186352,3.6,5784,5555,229,Medium
St0094,2023,January,134,46,15,49,6,63650,56.7,2,4,954750,4.5,3350,3261,89,Low
St0094,2023,February,232,81,13,38,3,217152,54.3,4,8,3257280,3.5,6032,5967,65,Low
St0094,2023,March,239,83,23,43,6,180206,79.4,1,5,2522884,4.2,6931,6840,91,Medium
St0094,2023,April,272,95,20,36,6,240448,83.4,2,10,2164032,3.7,7072,6938,134,High
St0094,2023,May,236,82,18,38,6,140184,85.4,1,1,1542024,4.7,6372,6337,35,High
St0094,2023,June,150,52,18,39,7,85800,57.1,3,9,943800,3.7,3900,3841,59,Low
St0094,2023,July,193,67,23,41,6,106150,84.6,3,12,1167650,3.6,4825,4667,158,High
St0094,2023,August,198,69,19,31,7,130680,55.3,0,0,1960200,4.2,5940,5888,52,Low
St0094,2023,September,176,61,24,42,6,95040,86.3,0,0,1045440,4.1,4752,4632,120,High
St0094,2023,October,157,54,13,31,6,122931,61.5,1,5,1721034,4.4,4239,4096,143,Medium
St0094,2023,November,224,78,21,52,7,168000,76.1,1,4,2520000,4.7,6720,6629,91,Medium
St0094,2023,December,190,66,14,39,3,148770,73.7,3,3,1636470,3.8,5130,5053,77,Medium
St0094,2024,January,314,109,16,52,4,195936,55.5,2,4,1763424,3.8,7536,7403,133,Low
St0094,2024,February,259,90,20,40,7,195286,78.4,3,3,2148146,4.1,6734,6491,243,Medium
St0094,2024,March,150,52,13,31,5,95700,57.1,1,5,1052700,4.1,4350,4179,171,Low
St0094,2024,April,217,75,17,40,4,104160,89.5,0,0,1562400,4.8,5208,5043,165,High
St0094,2024,May,276,96,16,31,7,238464,56.3,2,2,3576960,4.1,6624,6537,87,Low
St0094,2024,June,269,94,14,35,6,134500,54.8,2,4,2152000,4.7,6725,6596,129,Low
St0094,2024,July,204,71,12,55,3,104652,55.1,0,0,1569780,3.8,5508,5359,149,Low
St0094,2024,August,175,61,17,48,6,161700,84.9,1,5,2102100,4.2,4900,4773,127,High
St0094,2024,September,320,112,21,47,6,240000,79.2,0,0,2160000,3.9,9600,9363,237,Medium
St0094,2024,October,230,80,16,43,7,184000,77.5,4,4,1840000,3.9,5750,5573,177,Medium
St0094,2024,November,167,58,21,46,7,124248,77.2,4,4,1987968,3.9,4008,3849,159,Medium
St0094,2024,December,162,56,14,39,5,81000,73.0,0,0,972000,4.2,4050,3900,150,Medium
St0094,2025,January,321,112,17,43,6,267072,63.2,3,3,4273152,3.9,8346,8076,270,Medium
St0094,2025,February,241,84,22,50,7,198825,72.4,4,16,1988250,3.9,6025,5963,62,Medium
St0094,2025,March,179,62,20,51,6,171840,95.8,1,5,1890240,4.2,5370,5223,147,High
St0094,2025,April,336,117,18,48,4,226800,77.6,0,0,2948400,4.9,8400,8087,313,Medium
St0094,2025,May,319,111,23,55,6,172260,90.5,0,0,2583900,4.4,9570,9211,359,High
St0094,2025,June,285,99,20,55,8,253935,80.4,3,3,2793285,3.9,7695,7656,39,High
St0094,2025,July,197,68,12,54,4,187544,57.3,4,12,2062984,4.0,5516,5377,139,Low
St0094,2025,August,197,68,17,39,5,102834,65.2,3,9,925506,4.5,5713,5580,133,Medium
St0094,2025,September,173,60,19,50,4,135632,73.3,1,4,1220688,4.1,4844,4806,38,Medium
St0094,2025,October,374,130,19,46,5,252824,58.2,4,8,3792360,4.1,9724,9614,110,Low
St0094,2025,November,199,69,20,45,6,161588,77.1,4,12,1615880,3.8,5771,5578,193,Medium
St0094,2025,December,377,131,17,54,7,235248,89.8,1,4,2352480,4.2,9048,8958,90,High
St0095,2021,January,57,19,12,40,4,45942,51.8,3,6,735072,3.9,1482,1460,22,Low
St0095,2021,February,35,12,21,47,8,15120,77.5,3,9,226800,3.8,840,807,33,Medium
St0095,2021,March,45,15,21,39,8,21870,67.5,1,1,262440,4.3,1215,1197,18,Medium
St0095,2021,April,44,15,14,47,5,29744,45.6,4,12,267696,3.9,1144,1132,12,Low
St0095,2021,May,79,27,17,32,7,47242,62.8,2,4,614146,4.5,2054,2036,18,Medium
St0095,2021,June,43,15,10,54,5,26703,52.7,1,4,400545,4.2,1161,1118,43,Low
St0095,2021,July,38,13,12,46,6,35264,46.4,1,2,387904,4.1,1102,1081,21,Low
St0095,2021,August,60,21,13,30,5,40500,67.8,2,6,607500,4.2,1620,1556,64,Medium
St0095,2021,September,39,13,12,30,4,27300,45.4,1,4,273000,4.6,1092,1058,34,Low
St0095,2021,October,67,23,15,50,3,60300,73.6,4,4,723600,4.1,2010,1971,39,Medium
St0095,2021,November,81,28,16,51,7,48114,80.9,3,6,529254,4.5,2187,2138,49,High
St0095,2021,December,80,28,14,52,6,47520,64.3,1,3,475200,4.1,2160,2086,74,Medium
St0095,2022,January,67,23,13,47,5,46900,62.9,0,0,750400,4.3,1675,1620,55,Medium
St0095,2022,February,85,29,20,34,5,75140,86.7,1,1,901680,4.0,2210,2184,26,High
St0095,2022,March,45,15,20,43,5,24750,79.5,1,2,272250,4.2,1125,1089,36,Medium
St0095,2022,April,83,29,14,31,3,62582,69.0,3,15,625820,4.1,2407,2360,47,Medium
St0095,2022,May,78,27,17,44,5,62868,61.8,4,16,565812,3.9,2028,2014,14,Medium
St0095,2022,June,46,16,17,41,6,30912,57.0,4,12,370944,3.5,1288,1262,26,Low
St0095,2022,July,67,23,19,31,7,50250,78.6,4,8,552750,3.8,2010,1977,33,Medium
St0095,2022,August,93,32,17,36,5,67704,59.7,0,0,880152,4.4,2604,2529,75,Low
St0095,2022,September,54,18,19,39,6,32292,57.0,0,0,516672,4.8,1404,1376,28,Low
St0095,2022,October,58,20,22,49,5,42282,86.2,4,8,676512,4.5,1566,1552,14,High
St0095,2022,November,110,38,12,36,5,63800,51.7,1,1,701800,4.4,3190,3063,127,Low
St0095,2022,December,90,31,12,38,3,59400,52.8,4,20,712800,4.4,2700,2599,101,Low
St0095,2023,January,120,42,13,32,3,74880,58.3,2,8,1048320,4.6,3120,3042,78,Low
St0095,2023,February,73,25,19,40,7,34164,89.0,3,6,375804,3.6,1898,1829,69,High
St0095,2023,March,64,22,14,40,4,63360,58.7,2,4,823680,4.6,1920,1892,28,Low
St0095,2023,April,98,34,14,40,6,44688,67.5,1,2,715008,3.9,2352,2312,40,Medium
St0095,2023,May,51,17,24,48,9,47124,85.0,0,0,612612,4.6,1428,1417,11,High
St0095,2023,June,62,21,18,34,6,61380,79.7,0,0,982080,4.5,1860,1819,41,Medium
St0095,2023,July,97,33,13,53,5,65184,51.3,1,3,977760,3.8,2716,2625,91,Low
St0095,2023,August,104,36,15,43,4,84448,58.0,4,16,1097824,3.7,2912,2857,55,Low
St0095,2023,September,54,18,24,35,9,31050,81.3,0,0,403650,3.9,1350,1337,13,High
St0095,2023,October,82,28,21,44,6,68224,65.5,2,10,886912,4.7,2132,2091,41,Medium
St0095,2023,November,93,32,17,46,6,52731,85.2,2,2,843696,3.8,2511,2433,78,High
St0095,2023,December,108,37,22,30,7,81000,78.5,1,1,1134000,4.7,2700,2597,103,Medium
St0095,2024,January,84,29,22,41,6,52416,78.5,3,9,838656,4.0,2184,2156,28,Medium
St0095,2024,February,79,27,17,47,6,73944,64.7,3,9,665496,3.9,2054,2039,15,Medium
St0095,2024,March,68,23,16,31,7,37468,61.0,0,0,487084,4.8,1972,1943,29,Medium
St0095,2024,April,130,45,15,51,4,84500,62.8,2,8,929500,3.8,3380,3309,71,Medium
St0095,2024,May,82,28,19,49,7,38376,69.5,3,6,422136,4.5,2132,2062,70,Medium
St0095,2024,June,122,42,24,48,8,112728,90.0,2,2,1803648,4.6,3416,3340,76,High
St0095,2024,July,107,37,21,45,5,69550,70.0,3,9,1112800,3.8,2782,2745,37,Medium
St0095,2024,August,114,39,23,36,5,87552,79.2,2,2,1225728,4.5,2736,2680,56,Medium
St0095,2024,September,84,29,16,42,5,54432,57.8,4,12,544320,3.6,2268,2177,91,Low
St0095,2024,October,68,23,20,37,5,39440,74.3,0,0,473280,4.8,1972,1920,52,Medium
St0095,2024,November,151,52,20,42,8,130464,83.6,0,0,1696032,4.4,3624,3546,78,High
St0095,2024,December,139,48,20,51,5,125100,91.9,4,4,1501200,4.4,3475,3367,108,High
St0095,2025,January,86,30,23,50,6,43344,87.0,4,8,563472,4.1,2408,2389,19,High
St0095,2025,February,76,26,23,51,5,71136,87.0,3,15,1138176,4.3,1976,1937,39,High
St0095,2025,March,92,32,22,43,7,61824,80.4,1,4,865536,4.1,2208,2169,39,High
St0095,2025,April,130,45,18,31,6,121680,76.1,2,8,1946880,4.3,3380,3348,32,Medium
St0095,2025,May,137,47,19,53,7,131520,78.2,1,3,1972800,4.1,4110,3964,146,Medium
St0095,2025,June,102,35,17,49,4,88128,79.7,2,10,1233792,4.5,2754,2658,96,Medium
St0095,2025,July,129,45,21,30,5,69660,82.7,2,8,1114560,4.5,3483,3419,64,High
St0095,2025,August,150,52,21,49,6,104400,89.9,4,12,1148400,3.5,4350,4325,25,High
St0095,2025,September,90,31,20,30,7,78120,88.9,3,6,859320,4.6,2520,2433,87,High
St0095,2025,October,107,37,23,34,6,54891,89.6,4,16,713583,3.7,2889,2791,98,High
St0095,2025,November,171,59,12,38,4,106191,58.9,3,12,1061910,4.4,4617,4555,62,Low
St0095,2025,December,108,37,21,51,6,51840,82.8,1,4,829440,4.4,2592,2552,40,High
St0096,2021,January,101,35,18,36,5,88375,52.6,0,0,883750,4.3,2525,2503,22,Low
St0096,2021,February,129,45,15,49,4,105264,67.5,0,0,947376,4.5,3096,3001,95,Medium
St0096,2021,March,172,60,13,51,4,94600,64.8,0,0,1513600,4.4,4300,4270,30,Medium
St0096,2021,April,182,63,14,41,4,103740,49.9,1,3,1348620,4.6,5460,5332,128,Low
St0096,2021,May,126,44,14,47,4,69552,52.0,2,10,973728,4.0,3024,3004,20,Low
St0096,2021,June,149,52,18,37,4,78225,70.7,2,10,1251600,4.6,3725,3633,92,Medium
St0096,2021,July,103,36,18,34,4,50058,82.4,3,6,650754,3.8,2781,2702,79,High
St0096,2021,August,120,42,20,52,5,65520,83.6,2,10,982800,4.1,3120,3016,104,High
St0096,2021,September,150,52,14,32,5,79200,70.1,2,4,1108800,4.4,3600,3559,41,Medium
St0096,2021,October,127,44,22,43,6,57912,70.4,1,5,579120,4.7,3048,2990,58,Medium
St0096,2021,November,229,80,10,53,4,164880,54.3,3,15,2143440,4.3,6870,6598,272,Low
St0096,2021,December,202,70,16,45,5,164024,81.7,3,12,2624384,4.3,5858,5662,196,High
St0096,2022,January,224,78,13,37,6,100800,53.8,4,12,1008000,4.2,5600,5514,86,Low
St0096,2022,February,136,47,23,44,5,99008,87.9,0,0,990080,4.6,3536,3439,97,High
St0096,2022,March,168,58,12,35,5,130200,50.1,2,8,1953000,4.4,4200,4097,103,Low
St0096,2022,April,230,80,15,42,3,180090,71.1,0,0,1980990,4.9,6210,6057,153,Medium
St0096,2022,May,134,46,16,36,6,80132,70.9,4,8,721188,4.5,3484,3392,92,Medium
St0096,2022,June,247,86,14,50,5,133380,57.8,1,1,1867320,3.9,7410,7233,177,Low
St0096,2022,July,241,84,14,40,4,182196,58.9,0,0,2550744,3.8,6748,6653,95,Low
St0096,2022,August,274,95,15,34,4,256464,50.8,1,3,3846960,4.1,7124,6972,152,Low
St0096,2022,September,234,81,12,37,6,202176,64.1,2,10,2628288,4.0,6318,6156,162,Medium
St0096,2022,October,170,59,15,33,6,92820,66.1,2,8,1392300,4.0,4420,4385,35,Medium
St0096,2022,November,171,59,18,51,4,124659,52.7,4,12,1371249,4.4,4617,4444,173,Low
St0096,2022,December,159,55,24,50,8,90153,80.2,0,0,901530,4.4,4293,4245,48,High
St0096,2023,January,250,87,14,44,5,201500,72.3,4,20,2216500,3.6,6500,6248,252,Medium
St0096,2023,February,177,61,19,30,7,164256,57.5,2,2,2628096,4.2,5133,5004,129,Low
St0096,2023,March,174,60,23,48,6,166518,90.5,4,4,2164734,3.7,5046,4870,176,High
St0096,2023,April,145,50,23,50,5,105705,81.1,3,3,1268460,4.1,3915,3895,20,High
St0096,2023,May,235,82,17,41,7,109980,87.4,2,6,1209780,4.1,6110,5968,142,High
St0096,2023,June,222,77,15,43,4,116550,72.6,2,6,1048950,4.6,5550,5373,177,Medium
St0096,2023,July,209,73,19,45,4,135432,66.5,1,3,2031480,3.9,5643,5468,175,Medium
St0096,2023,August,145,50,15,32,6,89320,79.5,3,9,1161160,4.6,4060,4002,58,Medium
St0096,2023,September,197,68,13,38,3,127656,57.8,0,0,1914840,4.0,5319,5224,95,Low
St0096,2023,October,186,65,14,35,4,148800,69.5,2,4,2083200,4.7,4650,4505,145,Medium
St0096,2023,November,280,98,22,33,6,141120,80.1,3,12,1270080,4.0,6720,6601,119,High
St0096,2023,December,198,69,19,38,7,194040,64.5,4,4,2522520,3.6,5544,5451,93,Medium
St0096,2024,January,323,113,21,34,8,232560,75.9,0,0,2790720,4.0,9690,9599,91,Medium
St0096,2024,February,321,112,17,43,4,277344,67.0,3,12,3328128,3.9,7704,7494,210,Medium
St0096,2024,March,175,61,25,33,9,113750,91.8,0,0,1251250,4.3,4550,4410,140,High
St0096,2024,April,370,129,15,30,6,310800,71.9,4,16,4040400,3.8,8880,8574,306,Medium
St0096,2024,May,259,90,20,34,8,155400,87.3,1,5,1864800,4.0,7770,7575,195,High
St0096,2024,June,276,96,19,40,6,165048,71.8,4,4,1815528,3.7,7176,7130,46,Medium
St0096,2024,July,294,102,23,43,7,169050,92.3,0,0,2535750,4.0,7350,7227,123,High
St0096,2024,August,231,80,21,34,6,200970,69.0,1,4,1808730,4.3,6930,6670,260,Medium
St0096,2024,September,365,127,20,33,8,197100,66.5,2,6,1971000,3.9,9855,9780,75,Medium
St0096,2024,October,351,122,11,45,4,356265,56.0,1,3,3206385,3.9,10179,9842,337,Low
St0096,2024,November,287,100,17,35,4,193725,72.4,4,16,1743525,4.5,7749,7496,253,Medium
St0096,2024,December,240,84,22,47,5,216000,72.2,1,1,2592000,4.1,7200,7135,65,Medium
St0096,2025,January,216,75,22,40,6,175392,86.7,1,2,2806272,3.9,6264,6042,222,High
St0096,2025,February,192,67,17,30,5,86400,77.5,4,20,1382400,4.2,4800,4764,36,Medium
St0096,2025,March,395,138,26,53,7,217645,95.6,0,0,3264675,4.2,11455,11347,108,High
St0096,2025,April,241,84,16,44,5,180750,67.2,2,8,1626750,4.0,7230,7114,116,Medium
St0096,2025,May,406,142,16,54,6,221676,63.8,4,8,3546816,4.2,10556,10342,214,Medium
St0096,2025,June,381,133,17,52,4,254127,58.2,3,9,2541270,3.7,11049,10643,406,Low
St0096,2025,July,427,149,18,54,5,406504,74.8,2,4,4065040,4.0,11956,11486,470,Medium
St0096,2025,August,423,148,19,42,7,380700,80.9,0,0,4568400,4.9,10575,10509,66,High
St0096,2025,September,415,145,20,38,6,249000,96.2,3,9,3486000,4.0,9960,9685,275,High
St0096,2025,October,349,122,19,55,7,226152,60.8,4,16,3166128,4.5,9423,9280,143,Medium
St0096,2025,November,395,138,20,47,6,287560,92.0,2,8,4025840,3.7,10270,10120,150,High
St0096,2025,December,331,115,17,55,6,287970,80.6,0,0,3167670,4.4,9599,9277,322,High
St0097,2021,January,153,53,17,30,7,119340,60.2,1,1,1790100,4.5,3978,3893,85,Medium
St0097,2021,February,144,50,14,47,4,104832,74.8,0,0,1257984,4.6,3744,3719,25,Medium
St0097,2021,March,159,55,13,53,4,77274,67.3,0,0,695466,4.5,4293,4258,35,Medium
St0097,2021,April,92,32,12,34,4,79488,59.1,3,3,953856,4.2,2208,2125,83,Low
St0097,2021,May,124,43,15,30,5,118048,62.7,4,16,1180480,3.7,3472,3384,88,Medium
St0097,2021,June,85,29,15,30,3,42500,65.6,3,3,595000,4.2,2125,2111,14,Medium
St0097,2021,July,99,34,21,31,8,90090,84.8,4,16,900900,4.1,2574,2535,39,High
St0097,2021,August,151,52,24,38,6,76104,81.5,1,4,989352,4.0,3624,3568,56,High
St0097,2021,September,168,58,16,48,5,151032,52.8,4,16,1963416,4.1,4872,4836,36,Low
St0097,2021,October,126,44,10,31,5,86940,50.7,2,8,1130220,4.3,3780,3720,60,Low
St0097,2021,November,110,38,18,44,5,74250,62.5,1,4,965250,4.0,2750,2652,98,Medium
St0097,2021,December,114,39,16,30,6,76608,63.2,4,20,766080,4.4,3192,3124,68,Medium
St0097,2022,January,127,44,17,31,4,92456,76.4,4,4,1294384,4.2,3302,3249,53,Medium
St0097,2022,February,127,44,18,51,6,76200,83.3,1,3,1066800,3.9,3048,2930,118,High
St0097,2022,March,100,35,20,42,5,108000,64.7,1,3,1080000,3.9,3000,2952,48,Medium
St0097,2022,April,114,39,16,53,5,77064,59.6,4,4,1078896,3.7,2964,2884,80,Low
St0097,2022,May,199,69,12,39,4,156016,60.9,3,12,1716176,3.6,5572,5480,92,Medium
St0097,2022,June,120,42,12,49,4,92160,60.0,3,6,1198080,3.8,2880,2773,107,Low
St0097,2022,July,189,66,18,39,5,140616,71.8,2,10,1968624,4.3,4536,4442,94,Medium
St0097,2022,August,98,34,17,32,4,79576,50.4,0,0,1273216,4.6,2842,2774,68,Low
St0097,2022,September,109,38,17,33,4,102024,57.5,4,4,1020240,3.7,2834,2731,103,Low
St0097,2022,October,204,71,20,30,7,132192,79.2,0,0,1454112,4.2,5508,5364,144,Medium
St0097,2022,November,134,46,16,51,7,101304,48.4,1,1,1418256,4.0,3618,3571,47,Low
St0097,2022,December,228,79,16,37,4,210672,57.9,1,5,2317392,4.4,6384,6316,68,Low
St0097,2023,January,228,79,13,45,5,172368,55.7,4,16,2240784,4.4,6156,5950,206,Low
St0097,2023,February,251,87,14,52,5,135540,56.5,2,8,2168640,4.0,6777,6684,93,Low
St0097,2023,March,143,50,20,41,7,115258,67.4,2,8,1728870,3.7,3718,3623,95,Medium
St0097,2023,April,253,88,16,51,4,197340,77.6,2,6,3157440,4.3,6578,6422,156,Medium
St0097,2023,May,226,79,21,30,7,178992,88.4,0,0,2326896,4.8,5424,5257,167,High
St0097,2023,June,184,64,20,48,6,124200,71.7,0,0,1242000,3.8,4968,4831,137,Medium
St0097,2023,July,159,55,17,53,6,68688,55.7,0,0,1030320,4.3,3816,3717,99,Low
St0097,2023,August,229,80,20,50,6,186864,69.6,1,2,2989824,4.8,5496,5387,109,Medium
St0097,2023,September,167,58,21,39,8,92017,83.5,0,0,1012187,4.1,4843,4695,148,High
St0097,2023,October,228,79,18,46,4,125856,86.3,0,0,1510272,4.5,5472,5305,167,High
St0097,2023,November,193,67,17,55,4,196860,87.2,0,0,3149760,4.3,5790,5572,218,High
St0097,2023,December,295,103,22,31,8,177000,88.5,0,0,1947000,4.2,7080,6815,265,High
St0097,2024,January,225,78,20,55,7,220500,70.1,2,6,2646000,3.7,6300,6120,180,Medium
St0097,2024,February,225,78,20,36,7,208800,83.9,4,4,3340800,4.5,6525,6357,168,High
St0097,2024,March,253,88,18,32,4,131560,85.1,2,2,1447160,4.1,6578,6422,156,High
St0097,2024,April,147,51,19,47,7,107163,78.3,1,2,1285956,4.3,3969,3869,100,Medium
St0097,2024,May,157,54,16,30,5,129525,63.7,0,0,2072400,4.8,3925,3840,85,Medium
St0097,2024,June,274,95,14,35,5,246600,68.2,2,4,2959200,4.1,8220,8032,188,Medium
St0097,2024,July,222,77,26,33,6,173160,92.3,4,8,2770560,4.4,6660,6536,124,High
St0097,2024,August,232,81,18,32,4,128064,68.0,0,0,2049024,4.5,5568,5429,139,Medium
St0097,2024,September,142,49,21,51,5,79520,71.4,0,0,1272320,4.3,3976,3950,26,Medium
St0097,2024,October,189,66,14,55,4,109620,61.7,4,16,1205820,3.8,5481,5352,129,Medium
St0097,2024,November,189,66,22,44,7,192780,87.3,3,15,2698920,4.4,5670,5630,40,High
St0097,2024,December,224,78,15,33,4,149408,75.2,3,12,2091712,4.0,6496,6321,175,Medium
St0097,2025,January,258,90,20,43,7,154800,92.3,0,0,1702800,4.8,6450,6409,41,High
St0097,2025,February,250,87,23,53,5,121500,75.8,1,4,1458000,3.8,6750,6495,255,Medium
St0097,2025,March,337,117,25,51,6,161760,95.0,4,16,1941120,4.0,8088,7906,182,High
St0097,2025,April,269,94,20,45,7,258240,67.1,0,0,4131840,4.3,8070,7904,166,Medium
St0097,2025,May,216,75,13,55,4,151200,69.6,0,0,1965600,4.4,6048,5936,112,Medium
St0097,2025,June,310,108,18,34,5,145080,77.3,0,0,2321280,3.8,8060,7889,171,Medium
St0097,2025,July,309,108,19,43,7,197142,59.1,4,16,2759988,4.5,8961,8850,111,Low
St0097,2025,August,158,55,14,51,5,76788,59.2,4,12,767880,4.1,4266,4131,135,Low
St0097,2025,September,261,91,20,54,6,212976,91.3,2,8,2768688,3.9,6264,6125,139,High
St0097,2025,October,352,123,18,51,6,306240,68.6,4,8,4287360,4.0,10560,10289,271,Medium
St0097,2025,November,182,63,16,30,4,147420,83.2,4,20,1916460,4.2,4914,4811,103,High
St0097,2025,December,349,122,20,53,5,195440,86.4,1,5,1758960,4.3,9772,9647,125,High
St0098,2021,January,78,27,23,54,7,61074,77.7,4,4,977184,4.5,2106,2027,79,Medium
St0098,2021,February,70,24,18,51,4,59500,62.7,4,8,892500,4.4,1750,1712,38,Medium
St0098,2021,March,73,25,15,46,4,65700,70.6,1,2,985500,4.8,2190,2175,15,Medium
St0098,2021,April,77,26,14,38,5,64680,62.0,2,10,582120,4.4,2156,2137,19,Medium
St0098,2021,May,52,18,10,40,5,33800,45.7,2,6,338000,3.7,1300,1254,46,Low
St0098,2021,June,55,19,16,38,6,52635,79.2,0,0,684255,4.1,1595,1560,35,Medium
St0098,2021,July,74,25,20,55,7,42920,69.6,4,4,600880,3.8,2146,2130,16,Medium
St0098,2021,August,90,31,17,33,5,40500,50.6,0,0,607500,4.1,2250,2172,78,Low
St0098,2021,September,83,29,16,47,4,49302,46.0,2,4,788832,3.9,2241,2224,17,Low
St0098,2021,October,76,26,23,42,6,65664,78.7,3,3,919296,3.7,1824,1807,17,Medium
St0098,2021,November,75,26,17,32,7,46800,78.1,2,10,421200,3.7,1800,1763,37,Medium
St0098,2021,December,64,22,14,42,4,29184,74.0,0,0,291840,4.0,1536,1513,23,Medium
St0098,2022,January,111,38,15,34,4,83916,55.4,2,6,1006992,3.9,3108,2988,120,Low
St0098,2022,February,102,35,16,34,4,51000,65.0,0,0,561000,4.0,2550,2461,89,Medium
St0098,2022,March,69,24,20,53,7,69552,66.0,3,9,1043280,4.2,1932,1862,70,Medium
St0098,2022,April,62,21,15,53,6,46500,60.2,1,4,418500,4.0,1860,1816,44,Medium
St0098,2022,May,65,22,21,33,5,48750,73.3,1,5,780000,4.8,1950,1912,38,Medium
St0098,2022,June,75,26,15,34,6,46800,51.2,4,4,748800,4.2,1800,1757,43,Low
St0098,2022,July,79,27,20,48,7,54984,63.8,1,5,659808,3.9,1896,1840,56,Medium
St0098,2022,August,57,19,11,55,2,42750,54.3,0,0,598500,4.0,1425,1373,52,Low
St0098,2022,September,105,36,17,50,7,94500,50.2,4,12,1228500,4.6,3150,3030,120,Low
St0098,2022,October,129,45,15,40,4,99975,51.3,4,4,1199700,3.7,3225,3164,61,Low
St0098,2022,November,63,22,20,50,8,44226,76.0,0,0,619164,3.8,1638,1589,49,Medium
St0098,2022,December,92,32,20,48,6,61364,82.0,3,9,552276,4.6,2668,2571,97,High
St0098,2023,January,68,23,16,50,4,40392,72.9,2,6,484704,3.8,1836,1796,40,Medium
St0098,2023,February,141,49,21,33,5,134232,66.3,0,0,2147712,4.2,3948,3865,83,Medium
St0098,2023,March,98,34,16,33,5,67620,62.1,0,0,676200,4.9,2940,2905,35,Medium
St0098,2023,April,133,46,21,31,5,82992,70.6,3,12,995904,4.4,3192,3170,22,Medium
St0098,2023,May,80,28,21,36,7,46400,82.3,2,2,649600,4.7,2320,2233,87,High
St0098,2023,June,139,48,17,33,6,128992,73.5,2,2,2063872,4.1,4031,4001,30,Medium
St0098,2023,July,135,47,17,33,4,127575,86.0,2,10,2041200,3.9,3645,3524,121,High
St0098,2023,August,149,52,20,41,8,150192,89.9,2,8,1501920,4.5,4172,4049,123,High
St0098,2023,September,140,49,19,52,7,102060,87.6,2,2,1020600,4.2,3780,3686,94,High
St0098,2023,October,168,58,19,53,7,127008,67.9,2,8,1651104,4.1,4536,4395,141,Medium
St0098,2023,November,97,33,18,55,7,90210,55.4,4,8,1172730,3.9,2910,2888,22,Low
St0098,2023,December,79,27,16,36,4,41238,81.6,4,16,536094,3.6,2291,2274,17,High
St0098,2024,January,145,50,15,44,4,125280,77.0,4,8,1127520,4.5,3915,3798,117,Medium
St0098,2024,February,87,30,25,55,6,43848,87.3,2,6,701568,4.6,2436,2340,96,High
St0098,2024,March,75,26,15,38,6,46575,54.4,1,2,419175,4.1,2025,1946,79,Low
St0098,2024,April,101,35,24,45,9,79992,92.8,4,16,719928,3.8,2424,2405,19,High
St0098,2024,May,174,60,18,43,5,108054,92.6,3,3,1512756,4.4,4698,4608,90,High
St0098,2024,June,127,44,18,49,5,107950,70.7,3,6,1403350,4.3,3175,3149,26,Medium
St0098,2024,July,154,53,20,31,5,92400,88.5,3,15,1016400,3.9,4620,4513,107,High
St0098,2024,August,176,61,15,37,3,158400,61.0,0,0,2217600,3.9,4400,4302,98,Medium
St0098,2024,September,124,43,20,51,7,117180,60.1,2,10,1874880,3.8,3348,3279,69,Medium
St0098,2024,October,201,70,15,46,3,101304,56.3,0,0,1215648,4.5,4824,4668,156,Low
St0098,2024,November,101,35,24,31,9,90496,92.4,0,0,1357440,4.8,2828,2791,37,High
St0098,2024,December,171,59,22,44,6,143640,89.7,1,3,2010960,3.8,5130,4989,141,High
St0098,2025,January,186,65,20,35,5,120900,83.2,0,0,1329900,3.9,4650,4578,72,High
St0098,2025,February,191,66,21,52,8,173810,67.5,0,0,2607150,3.9,4966,4857,109,Medium
St0098,2025,March,91,31,26,43,8,87360,92.5,3,3,960960,4.5,2730,2703,27,High
St0098,2025,April,138,48,22,50,8,118404,85.0,4,8,1539252,4.2,3588,3479,109,High
St0098,2025,May,193,67,13,48,3,100360,62.3,2,10,903240,4.6,5018,4905,113,Medium
St0098,2025,June,118,41,18,37,7,82128,69.8,3,6,903408,4.1,3422,3403,19,Medium
St0098,2025,July,175,61,17,30,7,151200,61.0,1,1,2268000,4.6,4725,4662,63,Medium
St0098,2025,August,190,66,20,38,7,163020,74.3,1,4,2119260,4.4,4940,4785,155,Medium
St0098,2025,September,201,70,21,50,7,120198,78.5,3,15,1081782,4.2,5226,5192,34,Medium
St0098,2025,October,214,74,24,37,6,96300,90.9,3,9,1251900,3.9,5350,5169,181,High
St0098,2025,November,162,56,26,41,7,69984,95.7,2,6,629856,3.6,3888,3759,129,High
St0098,2025,December,223,78,13,47,6,107040,63.1,4,20,1177440,3.5,5352,5161,191,Medium
St0099,2021,January,103,36,15,37,5,64375,72.3,4,8,965625,4.3,2575,2539,36,Medium
St0099,2021,February,123,43,16,51,7,96432,69.3,3,9,1350048,3.8,3444,3386,58,Medium
St0099,2021,March,105,36,14,46,4,65205,68.5,4,4,717255,3.9,2835,2769,66,Medium
St0099,2021,April,174,60,9,41,5,90828,49.2,0,0,817452,3.8,5046,4940,106,Low
St0099,2021,May,105,36,15,33,5,66150,47.0,3,6,793800,4.4,3150,3111,39,Low
St0099,2021,June,102,35,17,43,4,85680,66.8,2,6,1370880,4.5,3060,2959,101,Medium
St0099,2021,July,147,51,19,40,4,141120,80.6,2,2,1834560,4.1,4410,4287,123,High
St0099,2021,August,123,43,16,34,5,65436,71.3,3,12,588924,4.2,3444,3409,35,Medium
St0099,2021,September,189,66,15,44,6,95256,61.6,3,6,1047816,4.0,5292,5144,148,Medium
St0099,2021,October,122,42,12,42,6,88450,51.8,3,6,1238300,4.4,3538,3492,46,Low
St0099,2021,November,248,86,18,34,5,171120,52.9,3,6,2224560,4.7,7440,7369,71,Low
St0099,2021,December,107,37,19,37,7,59064,55.5,1,2,767832,4.3,2568,2472,96,Low
St0099,2022,January,260,91,12,54,4,128440,49.7,4,12,1926600,4.0,6760,6584,176,Low
St0099,2022,February,124,43,13,45,6,114576,52.1,1,3,1374912,4.7,3472,3373,99,Low
St0099,2022,March,166,58,15,42,5,119520,76.4,1,1,1434240,4.5,3984,3849,135,Medium
St0099,2022,April,200,70,16,43,5,105000,79.8,2,2,1575000,4.6,5000,4845,155,Medium
St0099,2022,May,199,69,20,31,7,197010,84.0,3,9,2561130,4.0,5970,5917,53,High
St0099,2022,June,110,38,13,34,4,89320,63.7,2,2,982520,4.7,3080,2995,85,Medium
St0099,2022,July,179,62,16,52,6,115276,53.2,4,20,1729140,4.1,5012,4815,197,Low
St0099,2022,August,206,72,14,48,4,153264,68.8,1,1,1685904,4.5,4944,4807,137,Medium
St0099,2022,September,171,59,19,35,7,120042,81.2,2,2,1320462,4.5,4617,4570,47,High
St0099,2022,October,138,48,11,31,4,73416,48.5,1,4,1027824,4.4,3864,3734,130,Low
St0099,2022,November,180,62,19,54,4,155520,59.7,0,0,2177280,3.8,4860,4826,34,Low
St0099,2022,December,265,92,22,32,8,151580,82.9,0,0,2425280,4.3,6890,6692,198,High
St0099,2023,January,146,51,13,38,4,153300,54.9,4,12,2146200,4.1,4380,4235,145,Low
St0099,2023,February,180,62,24,31,9,126000,88.6,4,4,1890000,4.2,4500,4389,111,High
St0099,2023,March,200,70,10,39,2,198000,52.8,2,8,2376000,4.2,6000,5892,108,Low
St0099,2023,April,199,69,18,44,7,109848,85.0,0,0,1098480,4.5,4776,4667,109,High
St0099,2023,May,192,67,23,35,8,139200,83.6,1,5,1670400,4.5,5568,5386,182,High
St0099,2023,June,164,57,19,40,5,104632,79.9,1,2,1464848,4.4,4756,4635,121,Medium
St0099,2023,July,271,94,13,49,5,165039,55.8,1,1,1485351,4.5,7859,7788,71,Low
St0099,2023,August,137,47,14,42,4,135082,71.7,0,0,1756066,4.2,3973,3891,82,Medium
St0099,2023,September,233,81,21,50,8,189196,88.2,4,16,2648744,3.9,6524,6442,82,High
St0099,2023,October,343,120,19,50,7,277830,63.3,1,2,3056130,4.1,9261,9009,252,Medium
St0099,2023,November,216,75,17,54,5,209952,68.7,1,1,2099520,4.3,5832,5746,86,Medium
St0099,2023,December,356,124,17,45,5,179424,61.2,3,12,1973664,3.9,8544,8277,267,Medium
St0099,2024,January,300,105,19,51,6,178200,78.9,3,9,2673000,4.2,8100,7873,227,Medium
St0099,2024,February,355,124,14,42,5,257375,54.8,3,3,3860625,3.7,10295,10139,156,Low
St0099,2024,March,186,65,14,52,6,130200,65.1,1,4,1822800,3.8,5208,5168,40,Medium
St0099,2024,April,161,56,21,52,8,156492,90.6,1,3,2503872,4.3,4347,4205,142,High
St0099,2024,May,309,108,20,31,7,250908,73.1,0,0,4014528,4.4,8961,8904,57,Medium
St0099,2024,June,262,91,22,46,6,172920,91.5,1,1,2766720,4.7,7860,7799,61,High
St0099,2024,July,177,61,11,38,2,143724,57.3,1,3,1724688,4.0,5133,5005,128,Low
St0099,2024,August,348,121,16,47,6,298584,76.8,2,4,2985840,4.1,9048,8912,136,Medium
St0099,2024,September,227,79,16,31,7,129844,55.9,4,20,1687972,4.5,5902,5763,139,Low
St0099,2024,October,252,88,16,51,4,226800,68.1,4,8,2721600,4.0,6300,6048,252,Medium
St0099,2024,November,319,111,20,33,8,267003,68.6,4,16,3738042,4.5,8613,8472,141,Medium
St0099,2024,December,265,92,15,39,4,225250,64.5,0,0,3604000,4.9,6625,6560,65,Medium
St0099,2025,January,398,139,21,38,6,248352,75.3,0,0,2483520,4.8,10348,10193,155,Medium
St0099,2025,February,243,85,17,37,5,157464,61.1,0,0,2204496,4.2,5832,5613,219,Medium
St0099,2025,March,210,73,19,54,7,175770,86.2,0,0,2812320,4.3,5670,5536,134,High
St0099,2025,April,204,71,21,45,6,188496,82.8,1,2,3015936,4.6,5712,5650,62,High
St0099,2025,May,290,101,20,35,8,173420,91.9,2,10,1907620,4.4,7540,7269,271,High
St0099,2025,June,342,119,25,47,9,323190,96.7,4,8,4201470,4.2,9234,9005,229,High
St0099,2025,July,248,86,19,37,5,258912,73.9,0,0,3624768,4.2,7192,7141,51,Medium
St0099,2025,August,398,139,16,52,5,238800,70.7,4,16,3820800,3.7,9950,9857,93,Medium
St0099,2025,September,227,79,18,47,6,187275,93.6,1,1,2434575,3.8,5675,5574,101,High
St0099,2025,October,247,86,15,43,4,259350,77.6,2,6,3890250,4.2,7410,7179,231,Medium
St0099,2025,November,198,69,19,49,5,89100,66.5,2,10,1158300,4.3,4950,4769,181,Medium
St0099,2025,December,197,68,19,43,7,133172,75.6,1,1,1464892,4.0,5122,4922,200,Medium
St0100,2021,January,132,46,18,39,5,114840,53.3,4,4,1033560,3.6,3960,3810,150,Low
St0100,2021,February,97,33,14,44,6,61886,56.9,1,2,928290,4.8,2813,2708,105,Low
St0100,2021,March,87,30,17,51,4,76125,78.3,1,5,1141875,3.9,2175,2109,66,Medium
St0100,2021,April,149,52,16,31,7,71520,51.3,1,5,929760,4.4,3576,3553,23,Low
St0100,2021,May,145,50,13,41,6,129195,56.4,0,0,1291950,4.8,3915,3893,22,Low
St0100,2021,June,191,66,12,45,6,185652,57.9,4,12,2599128,3.5,5157,5050,107,Low
St0100,2021,July,109,38,23,41,7,105948,82.0,3,12,1695168,4.2,2943,2833,110,High
St0100,2021,August,93,32,18,39,4,70308,50.0,2,4,843696,4.2,2511,2417,94,Low
St0100,2021,September,179,62,12,50,6,139620,55.1,0,0,1675440,4.2,4654,4528,126,Low
St0100,2021,October,158,55,20,30,8,83424,68.2,1,2,1251360,4.1,3792,3671,121,Medium
St0100,2021,November,120,42,14,34,4,86400,65.0,4,20,1036800,4.3,2880,2852,28,Medium
St0100,2021,December,209,73,15,55,4,191862,45.1,0,0,2110482,4.3,5643,5516,127,Low
St0100,2022,January,149,52,19,31,6,78225,62.1,3,3,860475,4.2,3725,3629,96,Medium
St0100,2022,February,147,51,18,42,5,80850,70.1,1,5,808500,4.7,3675,3533,142,Medium
St0100,2022,March,232,81,18,31,6,211120,86.7,4,16,3166800,3.9,6032,5863,169,High
St0100,2022,April,109,38,15,48,4,87200,56.4,1,4,959200,4.3,2725,2628,97,Low
St0100,2022,May,178,62,13,33,6,168210,69.7,4,12,2523150,3.5,4806,4708,98,Medium
St0100,2022,June,198,69,19,43,5,96228,72.2,0,0,1058508,4.6,5346,5210,136,Medium
St0100,2022,July,189,66,12,52,4,99792,52.5,1,4,1197504,4.3,4536,4369,167,Low
St0100,2022,August,179,62,20,36,5,107400,80.6,4,4,1718400,4.0,4296,4181,115,High
St0100,2022,September,161,56,24,55,9,96600,86.4,3,12,1545600,4.1,4025,3889,136,High
St0100,2022,October,172,60,20,38,7,134848,60.7,1,3,1887872,3.9,4816,4707,109,Medium
St0100,2022,November,233,81,18,40,7,209700,64.6,4,8,3145500,4.1,5825,5732,93,Medium
St0100,2022,December,121,42,16,54,6,80707,60.6,1,4,968484,4.8,3509,3454,55,Medium
St0100,2023,January,163,57,22,44,8,134475,70.1,2,4,1882650,4.1,4075,3957,118,Medium
St0100,2023,February,142,49,20,41,8,69012,75.4,1,4,966168,4.0,3834,3766,68,Medium
St0100,2023,March,162,56,18,47,5,97200,62.0,2,10,1166400,4.1,3888,3782,106,Medium
St0100,2023,April,206,72,14,53,4,144200,68.4,3,15,2018800,4.3,5768,5603,165,Medium
St0100,2023,May,232,81,20,48,7,132704,80.9,4,8,1194336,3.8,6032,5986,46,High
St0100,2023,June,260,91,24,31,8,169000,80.7,4,16,2366000,3.5,6760,6664,96,High
St0100,2023,July,137,47,17,31,7,123300,75.6,1,1,1972800,4.1,3425,3378,47,Medium
St0100,2023,August,156,54,14,40,4,126360,63.1,2,4,1137240,4.3,4680,4509,171,Medium
St0100,2023,September,142,49,18,49,7,80940,62.5,2,8,971280,4.6,4260,4146,114,Medium
St0100,2023,October,181,63,11,43,4,99912,55.2,3,12,1198944,3.6,4344,4279,65,Low
St0100,2023,November,182,63,19,48,7,171990,74.5,3,6,1547910,4.3,4914,4738,176,Medium
St0100,2023,December,226,79,16,45,6,221480,60.8,1,5,2436280,4.1,6328,6172,156,Medium
St0100,2024,January,159,55,22,41,5,111618,91.2,1,3,1339416,4.7,4134,4043,91,High
St0100,2024,February,306,107,18,40,4,174420,87.9,4,12,1918620,4.1,9180,9001,179,High
St0100,2024,March,182,63,25,31,7,151424,85.9,3,9,1968512,4.1,4732,4572,160,High
St0100,2024,April,216,75,13,40,4,118800,64.8,2,6,1306800,4.4,5400,5335,65,Medium
St0100,2024,May,215,75,17,36,7,195650,54.8,1,4,2934750,4.0,5590,5541,49,Low
St0100,2024,June,138,48,16,34,4,79350,63.4,4,4,872850,3.8,3450,3427,23,Medium
St0100,2024,July,251,87,17,38,5,202306,70.1,1,1,3034590,4.6,6526,6351,175,Medium
St0100,2024,August,254,88,22,48,6,165100,80.5,0,0,2311400,3.8,6350,6292,58,High
St0100,2024,September,167,58,23,44,8,141950,88.8,0,0,1277550,4.8,4175,4016,159,High
St0100,2024,October,288,100,13,44,4,207360,64.6,4,4,3317760,4.1,6912,6745,167,Medium
St0100,2024,November,238,83,16,41,7,212058,64.2,3,3,3180870,4.0,6426,6178,248,Medium
St0100,2024,December,343,120,24,50,6,370440,82.4,1,4,5556600,4.5,10290,9886,404,High
St0100,2025,January,307,107,23,34,5,207225,76.1,0,0,2901150,4.3,8289,8195,94,Medium
St0100,2025,February,341,119,16,51,6,301444,58.8,0,0,2712996,3.8,8866,8720,146,Low
St0100,2025,March,288,100,20,54,6,171072,81.5,0,0,2566080,4.1,7776,7501,275,High
St0100,2025,April,344,120,19,31,4,299280,63.7,4,4,4788480,4.1,10320,10219,101,Medium
St0100,2025,May,212,74,20,53,7,137800,72.7,2,6,1929200,4.0,5300,5179,121,Medium
St0100,2025,June,284,99,19,33,4,231744,62.0,0,0,3707904,4.3,6816,6684,132,Medium
St0100,2025,July,249,87,12,43,6,161352,64.6,4,4,2420280,4.5,6723,6651,72,Medium
St0100,2025,August,286,100,19,45,7,257400,96.4,0,0,2574000,4.7,8580,8361,219,High
St0100,2025,September,318,111,23,36,7,193662,92.8,0,0,2323944,4.4,9222,9104,118,High
St0100,2025,October,387,135,18,47,6,271674,65.9,3,12,4075110,3.6,10449,10316,133,Medium
St0100,2025,November,255,89,21,55,7,135660,95.6,0,0,1220940,4.1,7140,6998,142,High
St0100,2025,December,372,130,22,47,8,169632,77.0,2,8,2205216,3.9,8928,8865,63,Medium
St0101,2021,January,231,80,11,49,5,112266,56.2,3,12,1571724,4.5,6237,6151,86,Low
St0101,2021,February,132,46,9,50,3,92664,47.2,1,3,1111968,4.8,3432,3362,70,Low
St0101,2021,March,190,66,18,50,4,100320,77.4,1,1,1103520,3.9,4560,4495,65,Medium
St0101,2021,April,164,57,14,36,5,132840,45.9,3,3,1859760,4.2,4428,4378,50,Low
St0101,2021,May,252,88,21,40,7,211680,77.2,3,12,1905120,4.5,6048,5887,161,Medium
St0101,2021,June,122,42,14,37,4,95160,55.9,1,3,1332240,4.6,3172,3133,39,Low
St0101,2021,July,199,69,15,36,6,193428,47.8,0,0,2707992,4.3,5373,5178,195,Low
St0101,2021,August,155,54,20,45,7,121365,75.0,1,1,1213650,4.5,4495,4411,84,Medium
St0101,2021,September,193,67,14,38,6,166752,50.1,2,4,1500768,4.6,4632,4512,120,Low
St0101,2021,October,257,89,18,45,4,138780,54.1,3,3,2081700,4.0,7710,7480,230,Low
St0101,2021,November,302,105,19,48,5,315288,72.5,4,4,5044608,4.2,8758,8415,343,Medium
St0101,2021,December,205,71,21,53,6,157440,76.1,2,2,1731840,3.8,4920,4849,71,Medium
St0101,2022,January,296,103,11,48,3,239760,53.4,3,6,2397600,4.3,7992,7852,140,Low
St0101,2022,February,225,78,22,42,5,164025,85.4,1,5,2624400,4.2,6075,5863,212,High
St0101,2022,March,183,64,17,39,7,160125,71.6,4,12,2401875,3.8,4575,4495,80,Medium
St0101,2022,April,165,57,13,36,6,133980,62.8,0,0,2143680,4.8,4785,4755,30,Medium
St0101,2022,May,165,57,23,34,5,124410,84.3,0,0,1990560,4.9,4785,4661,124,High
St0101,2022,June,175,61,18,35,4,140000,84.2,1,4,2240000,4.1,4375,4282,93,High
St0101,2022,July,241,84,13,51,4,224130,50.6,0,0,2017170,4.2,7230,7105,125,Low
St0101,2022,August,245,85,22,54,6,196000,82.0,0,0,2548000,3.9,6125,5942,183,High
St0101,2022,September,257,89,13,43,6,239010,68.3,1,2,2390100,4.1,7710,7506,204,Medium
St0101,2022,October,223,78,17,46,4,153870,53.2,1,4,2308050,4.7,6690,6486,204,Low
St0101,2022,November,337,117,23,33,7,339696,77.9,2,2,4416048,4.3,9436,9270,166,Medium
St0101,2022,December,259,90,18,45,5,124320,56.5,0,0,1989120,3.8,6216,5977,239,Low
St0101,2023,January,167,58,18,55,4,95190,84.6,4,12,1142280,3.9,5010,4983,27,High
St0101,2023,February,378,132,21,37,5,254016,80.2,2,2,3048192,4.2,10584,10420,164,High
St0101,2023,March,265,92,22,31,7,186030,75.7,2,2,2976480,4.3,7155,7053,102,Medium
St0101,2023,April,392,137,18,50,5,219520,82.2,3,15,2414720,3.6,10976,10867,109,High
St0101,2023,May,308,107,13,43,6,254100,67.9,4,20,2286900,4.5,7700,7521,179,Medium
St0101,2023,June,361,126,21,55,5,232484,89.0,0,0,3022292,4.0,10108,9809,299,High
St0101,2023,July,357,124,19,52,7,258825,77.6,2,2,4141200,4.5,8925,8849,76,Medium
St0101,2023,August,359,125,16,43,4,224016,64.6,3,6,2688192,4.6,9334,9153,181,Medium
St0101,2023,September,394,137,10,43,3,305350,53.4,0,0,3664200,4.8,9850,9624,226,Low
St0101,2023,October,366,128,20,42,8,228384,90.3,2,8,3425760,4.2,9516,9409,107,High
St0101,2023,November,454,158,11,51,2,207024,55.5,3,9,2277264,3.6,10896,10824,72,Low
St0101,2023,December,285,99,13,30,6,235125,57.9,1,4,3526875,4.1,7125,6850,275,Low
St0101,2024,January,261,91,21,36,8,227070,75.6,0,0,2951910,4.1,7569,7303,266,Medium
St0101,2024,February,365,127,20,37,6,328500,89.5,2,6,3613500,3.9,10950,10657,293,High
St0101,2024,March,434,151,16,43,7,351540,74.0,3,3,4570020,3.7,11718,11365,353,Medium
St0101,2024,April,420,147,22,47,5,221760,71.2,0,0,3326400,4.7,10080,9870,210,Medium
St0101,2024,May,369,129,20,41,8,221400,88.0,2,10,3099600,3.7,11070,10822,248,High
St0101,2024,June,318,111,22,31,7,320544,90.3,2,8,5128704,4.6,8904,8598,306,High
St0101,2024,July,194,67,12,50,3,197880,63.1,2,6,2968200,4.0,5820,5758,62,Medium
St0101,2024,August,384,134,14,42,3,207360,66.7,3,12,1866240,3.8,11520,11314,206,Medium
St0101,2024,September,411,143,16,41,6,405246,67.8,0,0,6078690,4.7,11919,11577,342,Medium
St0101,2024,October,473,165,15,47,4,442728,54.1,2,6,4870008,3.7,12298,12117,181,Low
St0101,2024,November,514,179,17,30,4,489328,76.7,3,9,6850592,4.2,14392,13834,558,Medium
St0101,2024,December,280,98,17,35,6,251720,68.3,1,4,3020640,4.0,8120,8005,115,Medium
St0101,2025,January,387,135,18,45,6,325080,79.7,0,0,5201280,4.6,9288,8947,341,Medium
St0101,2025,February,290,101,21,30,7,278400,86.4,3,12,4454400,4.5,8700,8520,180,High
St0101,2025,March,373,130,17,41,6,281242,59.0,2,2,2531178,4.5,10817,10498,319,Low
St0101,2025,April,314,109,24,51,7,235500,90.8,2,6,2355000,4.7,9420,9170,250,High
St0101,2025,May,462,161,21,49,5,288750,88.9,4,4,4042500,4.1,11550,11186,364,High
St0101,2025,June,238,83,19,42,4,160888,70.8,4,8,1608880,4.5,6188,5969,219,Medium
St0101,2025,July,253,88,23,42,6,144210,84.2,3,15,1586310,3.6,7590,7320,270,High
St0101,2025,August,354,123,23,42,8,225852,96.4,4,20,3387780,4.1,10266,9993,273,High
St0101,2025,September,338,118,20,37,7,228150,80.5,0,0,2737800,3.8,9126,8796,330,High
St0101,2025,October,385,134,18,37,6,221760,78.9,1,1,1995840,4.4,9240,9128,112,Medium
St0101,2025,November,314,109,12,53,3,180864,58.6,1,1,2532096,4.6,7536,7371,165,Low
St0101,2025,December,348,121,20,47,6,302760,64.7,1,3,3330360,3.9,10092,9718,374,Medium
St0102,2021,January,44,15,17,42,7,24948,61.1,3,9,224532,4.2,1188,1154,34,Medium
St0102,2021,February,56,19,12,54,5,42000,50.7,0,0,630000,4.0,1680,1620,60,Low
St0102,2021,March,50,17,18,33,7,34800,60.0,2,8,522000,4.1,1200,1193,7,Low
St0102,2021,April,45,15,16,52,4,33930,78.0,2,8,373230,4.0,1305,1268,37,Medium
St0102,2021,May,90,31,16,37,6,43740,70.0,3,15,437400,3.6,2430,2346,84,Medium
St0102,2021,June,92,32,17,49,4,55016,55.3,0,0,880256,4.5,2392,2336,56,Low
St0102,2021,July,94,32,16,55,4,61100,60.9,4,12,916500,3.9,2444,2388,56,Medium
St0102,2021,August,86,30,21,42,8,53750,79.2,4,20,483750,4.4,2150,2093,57,Medium
St0102,2021,September,91,31,16,53,4,73892,73.7,4,20,1182272,3.7,2548,2531,17,Medium
St0102,2021,October,59,20,19,46,6,33630,70.7,1,1,403560,4.2,1770,1732,38,Medium
St0102,2021,November,83,29,11,32,2,77688,50.6,2,4,1009944,4.2,2158,2119,39,Low
St0102,2021,December,48,16,13,31,3,39600,68.9,2,2,396000,3.9,1200,1180,20,Medium
St0102,2022,January,70,24,17,35,4,42000,48.9,3,6,546000,4.6,1680,1665,15,Low
St0102,2022,February,77,26,14,35,6,41580,54.3,0,0,374220,4.0,2310,2280,30,Low
St0102,2022,March,63,22,16,54,5,44100,83.3,2,10,661500,4.5,1575,1534,41,High
St0102,2022,April,93,32,17,45,5,46872,76.9,1,3,515592,4.0,2232,2180,52,Medium
St0102,2022,May,92,32,16,41,6,80500,83.3,1,2,1288000,4.2,2300,2235,65,High
St0102,2022,June,85,29,15,51,3,43605,48.0,2,4,566865,4.7,2295,2227,68,Low
St0102,2022,July,78,27,20,39,5,64896,81.0,1,3,843648,4.2,2028,2002,26,High
St0102,2022,August,68,23,22,34,6,55216,87.9,3,3,828240,3.7,1972,1902,70,High
St0102,2022,September,74,25,12,34,4,33300,50.5,3,12,299700,3.9,1850,1833,17,Low
St0102,2022,October,96,33,15,52,6,86400,76.4,2,4,1209600,4.0,2400,2333,67,Medium
St0102,2022,November,78,27,17,49,4,40560,68.9,4,20,405600,4.5,2028,2013,15,Medium
St0102,2022,December,105,36,19,36,7,57960,57.7,2,2,927360,4.3,2520,2488,32,Low
St0102,2023,January,71,24,18,43,5,41748,86.3,3,6,375732,4.3,1988,1943,45,High
St0102,2023,February,102,35,19,51,6,63648,60.3,2,8,1018368,4.2,2652,2625,27,Medium
St0102,2023,March,137,47,14,41,4,122067,61.5,3,15,1342737,3.8,3699,3670,29,Medium
St0102,2023,April,61,21,14,31,3,49410,64.8,4,12,444690,3.5,1830,1802,28,Medium
St0102,2023,May,72,25,22,54,6,41400,81.0,2,8,372600,3.9,1800,1761,39,High
St0102,2023,June,75,26,18,34,5,37800,70.0,3,3,453600,4.4,2100,2089,11,Medium
St0102,2023,July,58,20,19,30,5,43152,74.8,3,6,474672,4.0,1392,1379,13,Medium
St0102,2023,August,72,25,17,54,7,61200,63.4,2,10,979200,4.6,1800,1740,60,Medium
St0102,2023,September,89,31,18,37,6,46458,62.2,0,0,418122,4.6,2581,2501,80,Medium
St0102,2023,October,112,39,14,39,5,59136,60.3,3,15,827904,4.0,2688,2672,16,Medium
St0102,2023,November,139,48,19,41,4,141085,81.1,3,12,1410850,4.2,4031,3882,149,High
St0102,2023,December,120,42,21,49,5,84000,80.7,3,9,1176000,3.6,3360,3226,134,High
St0102,2024,January,149,52,17,55,6,76437,72.4,1,1,1070118,4.0,4023,3880,143,Medium
St0102,2024,February,149,52,23,44,5,137676,87.9,1,5,1789788,3.9,4172,4017,155,High
St0102,2024,March,108,37,24,50,9,90720,83.9,2,4,997920,4.2,3240,3162,78,High
St0102,2024,April,116,40,21,42,8,87464,72.5,1,3,1049568,4.8,3364,3285,79,Medium
St0102,2024,May,105,36,20,33,7,91350,93.4,3,3,822150,4.5,3150,3123,27,High
St0102,2024,June,95,33,19,39,6,52250,89.0,4,16,522500,3.5,2375,2298,77,High
St0102,2024,July,102,35,14,53,4,94860,57.7,3,6,1328040,3.8,3060,3017,43,Low
St0102,2024,August,70,24,18,48,7,66990,69.1,3,3,803880,4.6,2030,1982,48,Medium
St0102,2024,September,101,35,16,55,5,69690,83.7,2,4,975660,3.9,3030,2920,110,High
St0102,2024,October,156,54,21,38,6,101088,75.2,1,5,909792,4.8,4212,4138,74,Medium
St0102,2024,November,173,60,20,46,7,82175,91.5,2,8,903925,4.2,4325,4281,44,High
St0102,2024,December,162,56,21,47,5,160380,85.2,0,0,1443420,4.3,4860,4676,184,High
St0102,2025,January,137,47,16,39,7,113984,62.9,4,12,1367808,4.5,3562,3451,111,Medium
St0102,2025,February,116,40,18,36,4,103356,82.3,1,2,1446984,4.4,3132,3111,21,High
St0102,2025,March,144,50,22,31,7,68400,86.9,3,9,684000,4.0,3600,3463,137,High
St0102,2025,April,98,34,21,39,6,74088,88.0,2,10,963144,3.9,2646,2570,76,High
St0102,2025,May,89,31,19,53,4,82770,84.4,4,20,993240,4.0,2670,2568,102,High
St0102,2025,June,155,54,20,31,7,130200,87.9,2,4,2083200,4.1,4650,4613,37,High
St0102,2025,July,95,33,18,31,5,64125,84.6,3,9,1026000,3.7,2375,2345,30,High
St0102,2025,August,158,55,13,30,3,106176,66.6,0,0,1274112,4.1,3792,3689,103,Medium
St0102,2025,September,121,42,23,40,7,71874,77.9,3,9,790614,3.6,3267,3211,56,Medium
St0102,2025,October,168,58,17,30,4,80640,79.2,4,16,1128960,4.0,4032,3974,58,Medium
St0102,2025,November,205,71,20,45,6,170560,64.1,1,5,2387840,4.4,5330,5242,88,Medium
St0102,2025,December,105,36,22,50,8,56700,76.4,2,6,793800,4.2,3150,3045,105,Medium
St0103,2021,January,44,15,17,49,5,30800,76.9,4,12,400400,4.4,1100,1078,22,Medium
St0103,2021,February,51,17,16,50,4,24225,71.2,4,16,339150,4.3,1275,1246,29,Medium
St0103,2021,March,58,20,12,55,5,37700,50.4,2,2,527800,4.0,1450,1427,23,Low
St0103,2021,April,57,19,20,45,5,52668,72.4,4,12,632016,3.9,1596,1565,31,Medium
St0103,2021,May,48,16,17,47,6,23328,74.2,4,20,209952,4.4,1296,1262,34,Medium
St0103,2021,June,49,17,17,39,4,48510,60.4,4,8,630630,4.2,1470,1416,54,Medium
St0103,2021,July,34,11,19,41,7,27540,76.0,1,4,440640,4.5,1020,1000,20,Medium
St0103,2021,August,69,24,15,47,5,42849,45.0,1,4,514188,3.8,1863,1817,46,Low
St0103,2021,September,52,18,15,34,6,43680,54.1,1,1,480480,4.0,1248,1216,32,Low
St0103,2021,October,58,20,17,40,5,38280,75.5,2,8,421080,4.0,1740,1701,39,Medium
St0103,2021,November,66,23,17,30,5,55242,69.5,3,9,662904,4.0,1782,1741,41,Medium
St0103,2021,December,71,24,13,37,6,46008,58.3,1,4,598104,4.3,1917,1892,25,Low
St0103,2022,January,76,26,20,31,8,55100,74.1,0,0,551000,4.6,2204,2125,79,Medium
St0103,2022,February,48,16,22,55,8,33696,82.7,4,12,505440,3.8,1248,1233,15,High
St0103,2022,March,51,17,22,43,8,43758,72.8,0,0,393822,4.0,1326,1303,23,Medium
St0103,2022,April,58,20,17,32,5,32016,69.0,0,0,320160,3.9,1392,1337,55,Medium
St0103,2022,May,67,23,12,35,6,66062,52.8,1,2,858806,3.8,1943,1902,41,Low
St0103,2022,June,61,21,18,30,6,52704,64.5,0,0,632448,4.1,1647,1607,40,Medium
St0103,2022,July,81,28,22,30,6,56862,80.5,2,8,796068,3.7,2187,2103,84,High
St0103,2022,August,45,15,14,44,4,31590,68.6,1,3,284310,4.5,1215,1180,35,Medium
St0103,2022,September,38,13,18,45,5,39672,81.5,3,12,476064,4.5,1102,1084,18,High
St0103,2022,October,79,27,17,38,6,56880,64.4,3,15,568800,4.2,2370,2278,92,Medium
St0103,2022,November,49,17,17,48,5,42336,85.0,0,0,592704,4.6,1323,1281,42,High
St0103,2022,December,99,34,21,54,5,71775,69.2,3,6,789525,4.2,2871,2841,30,Medium
St0103,2023,January,88,30,18,52,4,75504,57.2,1,5,1132560,4.1,2288,2224,64,Low
St0103,2023,February,51,17,23,30,8,42840,80.1,2,4,471240,3.8,1428,1393,35,High
St0103,2023,March,82,28,22,41,7,61500,85.9,1,3,861000,4.0,2050,2013,37,High
St0103,2023,April,64,22,14,40,6,40320,53.3,1,2,604800,4.0,1920,1882,38,Low
St0103,2023,May,59,20,11,42,2,47554,56.2,0,0,427986,4.9,1534,1502,32,Low
St0103,2023,June,51,17,15,35,4,39933,65.6,4,16,359397,4.0,1377,1335,42,Medium
St0103,2023,July,54,18,18,45,4,32400,89.3,2,10,518400,4.4,1296,1255,41,High
St0103,2023,August,91,31,19,53,7,81900,87.1,1,3,819000,4.1,2730,2675,55,High
St0103,2023,September,102,35,15,48,3,56304,68.8,3,6,506736,3.6,2448,2389,59,Medium
St0103,2023,October,97,33,13,55,6,60625,55.2,4,20,909375,3.6,2425,2389,36,Low
St0103,2023,November,115,40,17,48,4,77625,61.2,0,0,1242000,4.8,2875,2847,28,Medium
St0103,2023,December,93,32,18,41,6,75516,63.9,1,5,830676,4.4,2604,2542,62,Medium
St0103,2024,January,107,37,21,45,7,55640,68.0,1,3,556400,4.7,2782,2720,62,Medium
St0103,2024,February,52,18,17,54,6,33696,57.5,3,3,471744,4.7,1248,1241,7,Low
St0103,2024,March,59,20,20,37,8,39648,63.6,4,16,634368,3.8,1652,1596,56,Medium
St0103,2024,April,50,17,16,48,7,44200,82.6,2,10,707200,3.6,1300,1288,12,High
St0103,2024,May,77,26,18,51,7,55825,82.4,2,2,781550,4.5,2233,2193,40,High
St0103,2024,June,119,41,21,42,5,96390,77.2,0,0,1349460,4.6,3570,3455,115,Medium
St0103,2024,July,84,29,21,51,7,72072,72.7,2,10,1153152,4.2,2184,2156,28,Medium
St0103,2024,August,72,25,26,47,9,41760,92.7,4,12,501120,3.6,2088,2031,57,High
St0103,2024,September,111,38,12,47,5,77922,55.6,2,2,1012986,3.7,2886,2785,101,Low
St0103,2024,October,116,40,14,42,6,107184,74.9,1,5,1714944,4.1,3248,3197,51,Medium
St0103,2024,November,109,38,20,33,8,106820,70.3,1,5,1175020,4.0,3052,2960,92,Medium
St0103,2024,December,94,32,17,39,4,50008,57.2,3,6,650104,4.5,2632,2586,46,Low
St0103,2025,January,67,23,14,32,3,36984,63.8,3,12,480792,4.1,1608,1563,45,Medium
St0103,2025,February,75,26,24,54,7,75600,84.4,3,6,1058400,3.7,2100,2072,28,High
St0103,2025,March,134,46,23,45,6,105056,82.0,0,0,1470784,4.9,3752,3710,42,High
St0103,2025,April,89,31,18,43,6,78676,77.4,1,3,1180140,4.0,2314,2278,36,Medium
St0103,2025,May,123,43,19,49,4,76752,95.8,4,16,767520,4.1,3198,3150,48,High
St0103,2025,June,123,43,18,52,7,56088,78.8,3,3,785232,4.3,2952,2902,50,Medium
St0103,2025,July,68,23,20,30,5,47736,68.5,4,20,477360,3.7,1836,1824,12,Medium
St0103,2025,August,118,41,17,50,5,79650,65.4,3,12,1115100,3.7,3186,3152,34,Medium
St0103,2025,September,99,34,17,38,7,54054,73.8,3,3,648648,3.9,2574,2491,83,Medium
St0103,2025,October,152,53,15,39,4,106704,75.2,3,9,1387152,4.1,4104,3947,157,Medium
St0103,2025,November,103,36,18,46,5,64890,64.6,1,3,973350,4.5,3090,3006,84,Medium
St0103,2025,December,140,49,19,43,4,119000,86.2,1,5,1904000,4.7,3500,3413,87,High
St0104,2021,January,249,87,16,54,4,161352,52.0,0,0,2258928,4.9,6723,6493,230,Low
St0104,2021,February,130,45,20,42,6,128700,73.6,4,8,1930500,4.0,3900,3787,113,Medium
St0104,2021,March,128,44,15,42,3,107520,51.9,1,3,1075200,4.6,3840,3711,129,Low
St0104,2021,April,274,95,19,52,7,219200,65.7,0,0,2411200,4.6,6850,6698,152,Medium
St0104,2021,May,274,95,15,37,5,168784,62.9,1,1,2025408,4.0,7672,7499,173,Medium
St0104,2021,June,134,46,21,37,5,112560,80.7,2,2,1575840,4.2,4020,3878,142,High
St0104,2021,July,216,75,15,32,3,162000,66.6,2,4,1944000,3.8,6480,6244,236,Medium
St0104,2021,August,125,43,18,55,5,68750,74.6,0,0,1100000,4.5,3125,3015,110,Medium
St0104,2021,September,206,72,12,50,4,123600,59.3,4,16,1730400,4.0,4944,4753,191,Low
St0104,2021,October,278,97,22,42,6,145116,70.8,0,0,2321856,4.3,8062,7748,314,Medium
St0104,2021,November,284,99,21,36,7,204480,82.0,1,3,3271680,4.3,8520,8320,200,High
St0104,2021,December,315,110,15,42,6,273420,64.9,3,12,3281040,4.1,8820,8471,349,Medium
St0104,2022,January,279,97,16,33,5,137826,75.3,4,12,1378260,3.5,7254,7034,220,Medium
St0104,2022,February,236,82,16,50,6,177944,83.7,1,4,1957384,4.6,6136,5903,233,High
St0104,2022,March,258,90,19,40,6,241488,79.9,1,5,3622320,3.7,6708,6637,71,Medium
St0104,2022,April,203,71,13,40,4,206045,65.8,0,0,3296720,3.9,5887,5769,118,Medium
St0104,2022,May,227,79,22,36,6,177968,83.0,1,2,2135616,3.9,6356,6122,234,High
St0104,2022,June,145,50,12,36,4,83520,59.1,2,2,835200,4.3,3480,3350,130,Low
St0104,2022,July,165,57,14,36,5,110880,68.0,1,4,997920,4.1,3960,3895,65,Medium
St0104,2022,August,265,92,11,34,3,216240,50.5,4,4,3243600,3.8,6360,6278,82,Low
St0104,2022,September,182,63,20,35,6,93366,75.3,2,6,1027026,4.5,4914,4729,185,Medium
St0104,2022,October,212,74,16,48,4,147552,67.5,1,4,2213280,3.8,5088,5061,27,Medium
St0104,2022,November,282,98,24,32,9,146640,81.9,2,8,1466400,4.2,7332,7086,246,High
St0104,2022,December,342,119,17,46,7,201096,57.0,0,0,3217536,4.6,9576,9346,230,Low
St0104,2023,January,380,133,16,42,4,171000,72.1,4,16,1710000,4.4,9500,9230,270,Medium
St0104,2023,February,212,74,20,38,5,142464,75.2,4,12,1424640,3.9,5088,5011,77,Medium
St0104,2023,March,307,107,17,39,6,232092,55.4,3,3,3249288,4.4,8596,8478,118,Low
St0104,2023,April,298,104,16,37,6,311112,68.3,1,2,3733344,3.9,8642,8383,259,Medium
St0104,2023,May,254,88,17,36,4,198120,74.3,1,4,2971800,3.9,6604,6418,186,Medium
St0104,2023,June,259,90,21,40,5,135975,66.0,2,10,1359750,3.9,6475,6268,207,Medium
St0104,2023,July,185,64,14,31,3,111000,66.7,4,8,1665000,4.5,4625,4535,90,Medium
St0104,2023,August,213,74,24,32,6,230040,82.4,3,15,2530440,3.6,6390,6305,85,High
St0104,2023,September,311,108,21,39,6,243513,85.2,1,4,2678643,4.0,8397,8114,283,High
St0104,2023,October,447,156,16,40,7,425544,78.5,3,12,6383160,3.9,12516,12091,425,Medium
St0104,2023,November,266,93,11,52,4,141512,55.3,0,0,1981168,4.1,7448,7205,243,Low
St0104,2023,December,337,117,18,46,6,322509,86.3,2,8,5160144,4.7,9773,9481,292,High
St0104,2024,January,413,144,23,45,7,206500,86.4,2,2,2271500,3.8,10325,10174,151,High
St0104,2024,February,301,105,21,49,8,219128,66.4,0,0,2191280,4.2,8428,8295,133,Medium
St0104,2024,March,393,137,17,32,6,347412,65.3,2,10,4168944,3.9,10218,10058,160,Medium
St0104,2024,April,398,139,26,38,6,386856,92.4,0,0,3481704,3.9,10746,10655,91,High
St0104,2024,May,220,77,25,48,8,147840,85.9,2,6,1774080,3.8,5280,5246,34,High
St0104,2024,June,411,143,17,55,7,406890,89.5,2,4,5696460,4.2,12330,11911,419,High
St0104,2024,July,245,85,19,33,5,177625,90.9,2,8,2486750,4.4,6125,5977,148,High
St0104,2024,August,422,147,20,48,6,273456,63.0,4,4,3281472,3.9,11394,10954,440,Medium
St0104,2024,September,280,98,11,35,2,178640,54.4,3,15,2679600,3.8,8120,7809,311,Low
St0104,2024,October,330,115,19,48,7,311850,67.4,4,12,2806650,3.9,8910,8681,229,Medium
St0104,2024,November,291,101,17,33,6,185658,65.2,3,6,1670922,4.2,8439,8311,128,Medium
St0104,2024,December,236,82,17,37,6,211456,62.8,2,2,2960384,4.6,6608,6408,200,Medium
St0104,2025,January,354,123,20,42,8,277182,89.5,3,9,2771820,3.9,10266,9862,404,High
St0104,2025,February,501,175,16,43,4,350700,68.4,3,15,4909800,4.3,12525,12108,417,Medium
St0104,2025,March,518,181,22,51,7,233100,78.0,1,3,2564100,4.3,12950,12484,466,Medium
St0104,2025,April,334,116,25,41,6,234468,94.0,1,5,2813616,3.9,9018,8925,93,High
St0104,2025,May,244,85,16,33,4,134444,74.5,0,0,1747772,4.6,7076,6927,149,Medium
St0104,2025,June,514,179,19,54,7,388584,71.7,2,10,3497256,3.8,13878,13420,458,Medium
St0104,2025,July,389,136,26,54,6,239624,91.5,0,0,2635864,3.9,10892,10795,97,High
St0104,2025,August,409,143,20,38,5,294480,84.7,0,0,3533760,4.1,12270,12041,229,High
St0104,2025,September,269,94,21,48,5,121050,65.8,1,1,1452600,4.4,6725,6660,65,Medium
St0104,2025,October,291,101,19,48,4,293328,90.9,0,0,4693248,4.1,8148,7955,193,High
St0104,2025,November,581,203,26,48,9,377650,93.9,1,5,5287100,4.2,14525,14419,106,High
St0104,2025,December,558,195,26,41,8,334800,91.0,1,1,3348000,4.3,16740,16089,651,High
St0105,2021,January,104,36,17,40,7,98280,77.5,3,15,1081080,4.6,2808,2770,38,Medium
St0105,2021,February,114,39,18,42,4,114912,83.7,3,15,1149120,3.7,3192,3153,39,High
St0105,2021,March,62,21,15,31,6,66960,67.9,1,1,602640,4.2,1860,1794,66,Medium
St0105,2021,April,111,38,13,54,4,106560,63.2,3,3,1172160,4.2,3330,3212,118,Medium
St0105,2021,May,92,32,10,41,2,61824,52.3,2,10,803712,4.1,2576,2506,70,Low
St0105,2021,June,109,38,16,52,7,94830,68.3,1,2,948300,4.5,3270,3193,77,Medium
St0105,2021,July,84,29,11,43,5,46200,52.2,1,2,693000,4.7,2100,2020,80,Low
St0105,2021,August,54,18,10,49,2,40824,47.3,3,15,612360,3.6,1458,1428,30,Low
St0105,2021,September,109,38,18,37,5,87200,55.3,4,12,1308000,4.5,2725,2676,49,Low
St0105,2021,October,134,46,23,44,5,112158,80.8,0,0,1794528,3.8,3618,3551,67,High
St0105,2021,November,104,36,19,39,6,53352,70.4,1,1,746928,3.9,2808,2769,39,Medium
St0105,2021,December,103,36,17,51,5,74160,63.6,2,4,1112400,4.1,2472,2425,47,Medium
St0105,2022,January,122,42,12,46,6,88816,49.3,3,6,799344,4.3,3416,3286,130,Low
St0105,2022,February,63,22,13,55,4,52983,58.2,2,8,688779,4.7,1827,1769,58,Low
St0105,2022,March,61,21,18,38,7,57645,54.0,3,3,922320,3.6,1647,1591,56,Low
St0105,2022,April,145,50,22,40,6,131950,78.3,1,2,1319500,4.3,3770,3746,24,Medium
St0105,2022,May,109,38,12,33,4,113796,57.2,3,6,1137960,3.6,3161,3091,70,Low
St0105,2022,June,136,47,23,32,7,90712,82.8,0,0,1269968,4.9,3944,3788,156,High
St0105,2022,July,95,33,21,34,8,50160,65.6,2,4,752400,3.7,2280,2245,35,Medium
St0105,2022,August,102,35,19,45,6,59976,59.9,1,3,659736,4.0,2856,2837,19,Low
St0105,2022,September,135,47,17,54,4,106920,85.8,0,0,1496880,4.3,3240,3193,47,High
St0105,2022,October,72,25,23,36,6,46800,85.2,1,3,468000,4.7,1800,1732,68,High
St0105,2022,November,140,49,21,37,7,147000,80.7,2,4,1323000,4.4,4200,4101,99,High
St0105,2022,December,167,58,23,44,8,124248,84.7,2,8,1987968,4.7,4008,3855,153,High
St0105,2023,January,123,43,14,33,4,103320,69.7,3,12,1033200,3.8,3444,3307,137,Medium
St0105,2023,February,134,46,10,31,2,94068,53.6,4,8,940680,4.4,3484,3433,51,Low
St0105,2023,March,125,43,18,45,6,69000,81.8,0,0,1104000,4.7,3000,2889,111,High
St0105,2023,April,137,47,24,32,8,76720,87.8,1,1,843920,4.0,3836,3705,131,High
St0105,2023,May,166,58,19,30,4,99600,86.6,2,10,1095600,4.3,4980,4901,79,High
St0105,2023,June,79,27,23,38,6,42660,76.5,4,16,597240,3.8,2133,2090,43,Medium
St0105,2023,July,81,28,21,32,6,75816,83.7,2,6,1061424,4.2,2106,2070,36,High
St0105,2023,August,159,55,16,50,6,125928,69.9,2,8,1259280,4.6,3816,3714,102,Medium
St0105,2023,September,138,48,15,33,3,92046,59.9,1,5,1104552,4.3,4002,3922,80,Low
St0105,2023,October,103,36,13,50,6,55620,65.0,1,2,611820,4.2,3090,3019,71,Medium
St0105,2023,November,166,58,17,31,7,148736,65.2,2,4,1338624,4.1,4648,4522,126,Medium
St0105,2023,December,135,47,24,50,9,84240,80.8,2,6,1095120,4.4,3240,3147,93,High
St0105,2024,January,101,35,19,35,5,93324,57.1,3,15,933240,3.7,2828,2800,28,Low
St0105,2024,February,86,30,19,42,7,89784,81.1,2,8,1167192,4.5,2494,2470,24,High
St0105,2024,March,191,66,18,54,4,117656,70.7,3,12,1647184,4.0,5348,5304,44,Medium
St0105,2024,April,92,32,19,51,5,51520,83.6,1,1,772800,3.8,2576,2516,60,High
St0105,2024,May,155,54,23,48,6,112840,86.8,2,8,1692600,4.0,4340,4305,35,High
St0105,2024,June,114,39,19,46,6,71136,71.8,4,4,924768,4.3,2964,2882,82,Medium
St0105,2024,July,123,43,19,35,5,77490,78.9,0,0,852390,4.9,3690,3560,130,Medium
St0105,2024,August,178,62,20,35,7,99680,81.4,2,6,897120,4.0,4984,4834,150,High
St0105,2024,September,183,64,23,44,7,111447,90.6,1,3,1783152,4.1,5307,5158,149,High
St0105,2024,October,224,78,24,43,6,179200,82.8,2,4,1792000,4.5,5600,5563,37,High
St0105,2024,November,228,79,19,44,7,146832,82.4,4,20,2202480,4.3,6384,6175,209,High
St0105,2024,December,221,77,17,38,6,224315,55.8,1,1,2916095,3.9,6409,6155,254,Low
St0105,2025,January,111,38,19,42,4,79920,70.8,0,0,1118880,4.4,2664,2577,87,Medium
St0105,2025,February,182,63,18,54,6,81900,87.4,3,3,1146600,3.8,4550,4510,40,High
St0105,2025,March,134,46,16,48,6,104922,82.4,3,12,944298,3.9,3886,3814,72,High
St0105,2025,April,135,47,20,55,6,105840,60.6,3,9,1375920,4.0,3780,3713,67,Medium
St0105,2025,May,104,36,18,50,6,68640,69.6,1,1,686400,4.7,3120,3055,65,Medium
St0105,2025,June,189,66,26,51,9,190512,92.0,1,2,3048192,4.2,5292,5260,32,High
St0105,2025,July,210,73,15,51,3,113400,73.9,0,0,1020600,4.9,5670,5498,172,Medium
St0105,2025,August,189,66,20,52,6,168399,65.4,0,0,1852389,4.8,5103,5039,64,Medium
St0105,2025,September,223,78,22,41,8,227460,94.9,4,12,2729520,4.5,6690,6570,120,High
St0105,2025,October,217,75,18,47,7,180544,61.1,2,6,1805440,3.8,5642,5492,150,Medium
St0105,2025,November,153,53,23,42,7,124236,81.0,1,5,1739304,4.1,4437,4279,158,High
St0105,2025,December,237,82,24,45,8,213300,95.4,1,5,2559600,3.8,5925,5858,67,High
St0106,2021,January,92,32,14,34,4,82432,68.9,3,9,1236480,3.9,2576,2506,70,Medium
St0106,2021,February,74,25,17,34,5,47952,79.4,1,2,575424,4.2,1776,1735,41,Medium
St0106,2021,March,59,20,19,41,4,44604,58.4,1,1,624456,4.6,1652,1623,29,Low
St0106,2021,April,40,14,23,31,6,39600,75.1,3,9,594000,3.7,1200,1159,41,Medium
St0106,2021,May,62,21,16,35,4,53816,58.1,2,4,807240,3.7,1736,1692,44,Low
St0106,2021,June,94,32,16,53,4,54050,76.7,1,4,486450,4.1,2350,2275,75,Medium
St0106,2021,July,93,32,14,50,6,72075,63.7,4,12,792825,4.0,2325,2279,46,Medium
St0106,2021,August,71,24,18,50,5,37062,79.8,4,4,555930,4.5,2059,1992,67,Medium
St0106,2021,September,89,31,15,40,4,82770,54.6,4,16,744930,4.6,2670,2597,73,Low
St0106,2021,October,52,18,19,44,6,40560,80.9,2,10,486720,3.7,1352,1307,45,High
St0106,2021,November,71,24,15,42,5,72420,51.3,3,15,724200,4.0,2130,2116,14,Low
St0106,2021,December,87,30,14,43,6,82215,51.5,1,1,739935,4.6,2349,2311,38,Low
St0106,2022,January,78,27,15,40,6,74880,52.7,1,5,898560,4.6,2340,2290,50,Low
St0106,2022,February,82,28,18,46,6,66092,81.3,3,12,727012,4.5,2132,2112,20,High
St0106,2022,March,90,31,20,49,8,87480,68.8,1,3,1137240,4.8,2430,2409,21,Medium
St0106,2022,April,104,36,19,31,7,108576,64.3,1,4,1520064,4.4,3016,2915,101,Medium
St0106,2022,May,97,33,13,38,6,90792,60.2,3,12,1180296,4.5,2522,2482,40,Medium
St0106,2022,June,104,36,21,38,5,54288,87.3,3,6,760032,4.2,3016,2900,116,High
St0106,2022,July,89,31,22,42,8,61944,74.6,1,4,805272,4.2,2581,2565,16,Medium
St0106,2022,August,101,35,15,53,3,46056,73.7,3,12,644784,3.8,2424,2354,70,Medium
St0106,2022,September,71,24,14,53,5,60350,51.1,2,6,905250,4.3,1775,1711,64,Low
St0106,2022,October,64,22,17,40,6,53248,58.3,0,0,798720,4.1,1664,1638,26,Low
St0106,2022,November,109,38,18,50,4,84475,76.1,2,4,1351600,4.0,2725,2700,25,Medium
St0106,2022,December,106,37,19,34,4,104516,67.6,3,6,940644,3.9,3074,3044,30,Medium
St0106,2023,January,116,40,20,55,5,95700,91.0,2,4,1435500,3.8,2900,2874,26,High
St0106,2023,February,115,40,21,38,5,62790,72.7,2,10,565110,4.7,2990,2917,73,Medium
St0106,2023,March,69,24,18,33,4,60375,67.0,1,2,724500,4.4,1725,1684,41,Medium
St0106,2023,April,102,35,18,33,6,85782,54.2,0,0,943602,4.7,2958,2875,83,Low
St0106,2023,May,95,33,25,52,6,66500,85.7,3,15,798000,3.7,2660,2614,46,High
St0106,2023,June,137,47,18,40,6,89050,52.6,1,4,890500,4.2,3425,3330,95,Low
St0106,2023,July,107,37,22,33,7,99296,75.5,3,15,1588736,3.8,3103,3025,78,Medium
St0106,2023,August,82,28,17,46,5,53136,56.1,1,1,850176,4.6,1968,1900,68,Low
St0106,2023,September,112,39,23,53,5,54432,86.3,1,2,598752,4.3,3024,2953,71,High
St0106,2023,October,158,55,22,33,6,84056,80.7,1,3,840560,3.9,4424,4267,157,High
St0106,2023,November,69,24,15,34,5,46023,70.1,3,12,552276,3.9,2001,1945,56,Medium
St0106,2023,December,142,49,19,37,6,127800,69.7,1,2,1533600,3.9,4260,4159,101,Medium
St0106,2024,January,91,31,19,49,6,43680,76.1,3,15,524160,4.3,2184,2110,74,Medium
St0106,2024,February,108,37,14,37,5,75600,64.9,1,4,1134000,3.9,2700,2635,65,Medium
St0106,2024,March,74,25,18,45,7,73260,69.5,2,8,1025640,4.4,2220,2156,64,Medium
St0106,2024,April,148,51,24,35,6,124320,90.4,2,10,1740480,4.6,4144,4083,61,High
St0106,2024,May,157,54,19,43,6,113825,70.4,1,1,1593550,4.1,3925,3869,56,Medium
St0106,2024,June,154,53,19,49,4,92400,90.6,3,9,1293600,3.8,3850,3826,24,High
St0106,2024,July,142,49,23,50,6,112464,84.6,0,0,1686960,4.3,3408,3366,42,High
St0106,2024,August,81,28,21,48,7,38475,87.2,4,20,538650,3.9,2025,1994,31,High
St0106,2024,September,95,33,22,38,7,94050,80.9,4,16,1316700,3.9,2850,2834,16,High
St0106,2024,October,79,27,16,38,4,53325,69.6,4,8,799875,4.0,2133,2104,29,Medium
St0106,2024,November,96,33,24,47,9,81600,93.9,4,4,1224000,4.0,2400,2369,31,High
St0106,2024,December,125,43,14,55,4,54000,71.7,0,0,864000,3.8,3000,2900,100,Medium
St0106,2025,January,154,53,17,48,5,120120,88.2,4,12,1561560,4.6,4004,3922,82,High
St0106,2025,February,167,58,21,46,8,100200,85.1,4,20,1603200,4.4,5010,4916,94,High
St0106,2025,March,112,39,16,47,5,54432,63.8,0,0,598752,4.1,3024,2974,50,Medium
St0106,2025,April,125,43,16,38,7,90625,84.4,2,4,1359375,4.1,3125,3078,47,High
St0106,2025,May,117,40,16,50,6,85176,64.9,4,8,1362816,4.1,3276,3228,48,Medium
St0106,2025,June,166,58,17,33,4,134460,71.8,2,4,1344600,4.3,4980,4797,183,Medium
St0106,2025,July,169,59,23,50,7,132327,93.0,4,16,1852578,3.9,4901,4785,116,High
St0106,2025,August,84,29,18,47,6,62496,77.8,3,6,999936,3.8,2016,1956,60,Medium
St0106,2025,September,129,45,22,37,5,58050,75.4,1,2,754650,3.9,3225,3136,89,Medium
St0106,2025,October,180,62,20,51,5,154440,65.5,4,8,1389960,4.5,4680,4585,95,Medium
St0106,2025,November,158,55,21,50,6,90060,92.6,0,0,900600,4.2,4740,4625,115,High
St0106,2025,December,155,54,21,48,5,84630,71.8,1,4,1100190,4.4,4030,3994,36,Medium
St0107,2021,January,153,53,14,48,3,122400,60.7,2,2,1958400,4.4,3825,3712,113,Medium
St0107,2021,February,155,54,22,50,5,131750,71.3,1,4,1712750,4.1,3875,3823,52,Medium
St0107,2021,March,145,50,15,53,6,87000,45.2,0,0,1305000,4.5,3625,3527,98,Low
St0107,2021,April,109,38,15,46,3,96356,53.9,3,3,963560,3.6,2834,2739,95,Low
St0107,2021,May,79,27,19,48,4,51350,64.2,0,0,462150,4.2,2054,1990,64,Medium
St0107,2021,June,116,40,17,48,7,103356,71.6,4,12,930204,4.5,3132,3090,42,Medium
St0107,2021,July,115,40,12,42,5,80500,63.8,3,12,1207500,4.0,3220,3184,36,Medium
St0107,2021,August,94,32,14,42,6,54050,47.3,1,2,540500,4.5,2350,2275,75,Low
St0107,2021,September,159,55,15,37,4,111300,58.5,0,0,1669500,4.2,4452,4297,155,Low
St0107,2021,October,172,60,18,35,7,129000,52.4,2,6,1935000,4.3,4300,4213,87,Low
St0107,2021,November,118,41,17,52,4,63720,59.5,4,4,637200,3.9,3186,3145,41,Low
St0107,2021,December,118,41,12,50,6,101952,55.5,2,2,1427328,4.0,3186,3074,112,Low
St0107,2022,January,138,48,17,37,5,69000,86.4,2,10,1035000,3.9,3450,3324,126,High
St0107,2022,February,173,60,21,51,8,125944,75.6,1,4,1889160,3.8,4498,4457,41,Medium
St0107,2022,March,202,70,20,51,7,141804,71.6,2,4,2127060,3.8,5454,5418,36,Medium
St0107,2022,April,206,72,12,32,3,179220,61.3,0,0,2867520,4.3,5974,5892,82,Medium
St0107,2022,May,110,38,16,41,7,62700,64.5,3,9,627000,4.6,3300,3275,25,Medium
St0107,2022,June,197,68,16,55,5,157600,82.9,0,0,2364000,4.3,4925,4743,182,High
St0107,2022,July,187,65,15,44,6,178959,63.5,1,2,1968549,4.7,5423,5226,197,Medium
St0107,2022,August,199,69,10,47,4,178304,48.8,2,6,2674560,4.0,5572,5534,38,Low
St0107,2022,September,186,65,18,42,4,91884,52.6,3,9,1102608,4.0,4836,4717,119,Low
St0107,2022,October,154,53,16,47,5,160776,70.2,1,3,1929312,4.4,4466,4338,128,Medium
St0107,2022,November,118,41,19,38,5,70800,82.4,0,0,708000,4.8,3540,3510,30,High
St0107,2022,December,224,78,20,31,5,139776,71.8,3,12,1817088,4.4,5824,5738,86,Medium
St0107,2023,January,109,38,20,34,8,75864,82.4,2,4,986232,4.0,3161,3100,61,High
St0107,2023,February,128,44,21,53,7,61440,67.1,1,4,614400,4.4,3072,2976,96,Medium
St0107,2023,March,251,87,17,34,4,210087,84.8,3,9,3361392,4.3,6777,6572,205,High
St0107,2023,April,182,63,17,38,7,131040,73.8,1,3,1965600,3.8,5460,5416,44,Medium
St0107,2023,May,229,80,18,44,4,160758,78.5,1,2,1768338,4.1,5954,5864,90,Medium
St0107,2023,June,120,42,16,39,6,73080,56.4,3,6,730800,3.7,3480,3393,87,Low
St0107,2023,July,122,42,12,35,6,91988,63.2,4,8,919880,3.8,3538,3495,43,Medium
St0107,2023,August,152,53,16,45,7,118560,84.6,0,0,1896960,4.8,4560,4465,95,High
St0107,2023,September,170,59,20,48,8,167620,65.9,3,6,1508580,4.5,4930,4881,49,Medium
St0107,2023,October,139,48,23,32,8,141085,87.4,0,0,1693020,4.3,4031,3930,101,High
St0107,2023,November,163,57,16,32,6,88020,68.3,3,6,1232280,3.8,4401,4290,111,Medium
St0107,2023,December,250,87,19,48,5,224750,63.9,1,3,3371250,4.7,7250,7031,219,Medium
St0107,2024,January,190,66,23,47,8,85500,78.9,0,0,1111500,4.2,4750,4647,103,Medium
St0107,2024,February,203,71,25,35,8,126063,85.0,1,1,1638819,4.8,5481,5396,85,High
St0107,2024,March,126,44,15,34,4,75600,77.2,3,3,982800,3.7,3150,3082,68,Medium
St0107,2024,April,154,53,14,54,3,142912,66.5,0,0,2000768,4.2,4466,4367,99,Medium
St0107,2024,May,228,79,19,52,7,152076,68.0,2,10,1520760,4.5,6612,6438,174,Medium
St0107,2024,June,209,73,12,51,4,112860,62.6,1,1,1805760,4.6,5643,5555,88,Medium
St0107,2024,July,140,49,12,44,4,73920,59.9,1,3,887040,4.8,3360,3279,81,Low
St0107,2024,August,265,92,19,55,4,218625,81.3,2,2,3060750,4.1,6625,6434,191,High
St0107,2024,September,241,84,16,40,7,202681,80.9,2,8,2634853,4.0,6989,6824,165,High
St0107,2024,October,308,107,14,40,4,267960,62.3,4,12,3483480,3.6,9240,9145,95,Medium
St0107,2024,November,334,116,18,54,7,168336,74.0,3,3,2020032,4.0,8016,7972,44,Medium
St0107,2024,December,197,68,18,32,7,186165,77.8,3,9,2233980,3.8,5319,5118,201,Medium
St0107,2025,January,216,75,26,53,8,219240,90.7,0,0,2630880,4.4,6264,6078,186,High
St0107,2025,February,315,110,22,38,5,246645,82.3,3,9,2219805,4.2,8505,8259,246,High
St0107,2025,March,219,76,15,48,4,223380,69.7,3,6,2010420,4.0,6570,6375,195,Medium
St0107,2025,April,330,115,18,51,7,306240,73.5,1,4,2756160,3.8,9570,9400,170,Medium
St0107,2025,May,192,67,20,36,5,188160,88.5,1,1,2446080,4.6,5376,5172,204,High
St0107,2025,June,240,84,22,37,6,187920,72.9,0,0,2630880,4.2,6480,6367,113,Medium
St0107,2025,July,209,73,18,41,6,165528,65.7,0,0,2317392,4.0,5016,4959,57,Medium
St0107,2025,August,188,65,18,46,7,178976,83.4,2,10,1968736,4.5,5264,5137,127,High
St0107,2025,September,284,99,22,40,6,204480,93.3,4,4,3271680,4.2,8520,8466,54,High
St0107,2025,October,319,111,14,31,4,175769,74.6,4,4,2636535,4.3,9251,8967,284,Medium
St0107,2025,November,177,61,25,43,6,133458,88.7,2,10,2001870,4.5,5133,5037,96,High
St0107,2025,December,354,123,24,30,6,210276,80.7,1,4,3364416,4.2,9558,9239,319,High
St0108,2021,January,63,22,18,48,7,45675,52.8,1,2,502425,4.1,1827,1784,43,Low
St0108,2021,February,53,18,22,39,7,51516,72.1,3,15,618192,3.7,1431,1408,23,Medium
St0108,2021,March,50,17,22,40,5,52500,70.5,1,3,735000,4.1,1500,1450,50,Medium
St0108,2021,April,56,19,12,39,3,37800,57.5,2,6,415800,4.7,1400,1372,28,Low
St0108,2021,May,81,28,18,51,5,52488,81.0,3,12,734832,4.1,1944,1883,61,High
St0108,2021,June,73,25,12,52,6,49056,51.0,2,2,637728,3.8,2044,2013,31,Low
St0108,2021,July,67,23,17,39,4,56280,48.0,2,4,731640,4.0,1608,1554,54,Low
St0108,2021,August,66,23,18,42,5,63360,54.1,0,0,696960,4.2,1980,1943,37,Low
St0108,2021,September,57,19,19,38,5,35112,70.1,4,12,386232,4.0,1596,1582,14,Medium
St0108,2021,October,72,25,9,44,2,44712,47.7,0,0,670680,4.3,1944,1914,30,Low
St0108,2021,November,111,38,14,44,6,104895,46.1,0,0,1678320,4.5,2997,2961,36,Low
St0108,2021,December,101,35,15,50,3,87264,63.7,2,10,1308960,4.6,2424,2334,90,Medium
St0108,2022,January,107,37,20,40,6,72225,65.1,0,0,722250,4.1,2889,2858,31,Medium
St0108,2022,February,108,37,13,55,3,87696,64.8,0,0,1140048,4.1,3024,2976,48,Medium
St0108,2022,March,60,21,18,34,4,41760,54.1,4,4,584640,4.1,1740,1677,63,Low
St0108,2022,April,75,26,18,37,7,71775,60.6,3,6,861300,4.3,2175,2146,29,Medium
St0108,2022,May,128,44,17,40,4,103680,70.3,3,12,1555200,3.7,3456,3408,48,Medium
St0108,2022,June,128,44,17,46,6,84480,87.4,2,6,760320,4.6,3840,3786,54,High
St0108,2022,July,89,31,10,52,4,51264,52.0,0,0,563904,4.5,2136,2073,63,Low
St0108,2022,August,80,28,18,39,7,63360,84.1,0,0,570240,4.1,1920,1906,14,High
St0108,2022,September,83,29,14,33,4,67396,65.0,1,3,876148,4.3,2324,2305,19,Medium
St0108,2022,October,68,23,20,54,7,36176,60.7,2,4,470288,4.6,1904,1844,60,Medium
St0108,2022,November,89,31,20,37,6,58740,64.7,3,15,881100,4.0,2670,2596,74,Medium
St0108,2022,December,78,27,16,36,5,35568,78.3,2,10,462384,4.0,1872,1854,18,Medium
St0108,2023,January,92,32,19,55,5,52164,69.3,3,9,573804,3.7,2484,2397,87,Medium
St0108,2023,February,85,29,16,41,4,46750,78.0,3,9,420750,4.0,2125,2097,28,Medium
St0108,2023,March,90,31,18,31,5,90720,73.7,4,12,816480,4.0,2520,2472,48,Medium
St0108,2023,April,82,28,25,38,8,57072,90.0,1,3,684864,4.1,2378,2332,46,High
St0108,2023,May,136,47,23,34,7,112200,82.0,4,8,1346400,3.8,3400,3365,35,High
St0108,2023,June,94,32,15,30,3,86292,70.4,3,9,1121796,4.2,2538,2521,17,Medium
St0108,2023,July,65,22,13,31,3,60450,62.4,4,16,967200,4.1,1950,1893,57,Medium
St0108,2023,August,117,40,23,51,7,87750,88.4,3,12,965250,3.9,2925,2823,102,High
St0108,2023,September,65,22,22,51,8,41860,81.5,0,0,544180,4.0,1820,1765,55,High
St0108,2023,October,120,42,18,43,7,103680,68.9,0,0,1347840,4.7,3240,3183,57,Medium
St0108,2023,November,101,35,22,51,5,70902,89.8,0,0,709020,4.5,2727,2630,97,High
St0108,2023,December,163,57,23,44,5,109536,80.7,1,3,985824,3.8,3912,3800,112,High
St0108,2024,January,99,34,15,44,4,74844,66.9,0,0,748440,3.9,2673,2645,28,Medium
St0108,2024,February,125,43,15,36,4,74250,54.8,3,9,816750,4.6,3375,3244,131,Low
St0108,2024,March,83,29,25,51,6,45318,92.2,4,12,589134,4.2,2158,2104,54,High
St0108,2024,April,86,30,24,41,7,80496,89.7,1,4,1046448,4.0,2236,2205,31,High
St0108,2024,May,171,59,20,38,7,86184,67.0,1,4,1292760,3.9,4788,4656,132,Medium
St0108,2024,June,175,61,22,54,8,136500,83.2,0,0,1774500,4.1,5250,5172,78,High
St0108,2024,July,101,35,24,37,9,49894,84.2,4,16,798304,4.2,2626,2602,24,High
St0108,2024,August,145,50,22,47,5,87000,78.5,4,12,1044000,3.5,3625,3488,137,Medium
St0108,2024,September,76,26,18,30,4,51376,61.1,0,0,462384,4.4,1976,1942,34,Medium
St0108,2024,October,186,65,19,35,6,130572,91.1,4,20,1436292,3.8,5022,4903,119,High
St0108,2024,November,202,70,24,38,8,164024,92.1,3,12,1476216,4.1,5858,5637,221,High
St0108,2024,December,114,39,17,41,4,62700,75.7,0,0,877800,4.3,2850,2812,38,Medium
St0108,2025,January,120,42,22,53,5,69120,83.0,3,12,691200,3.9,2880,2810,70,High
St0108,2025,February,193,67,16,39,4,138960,60.6,3,6,2223360,4.5,5790,5673,117,Medium
St0108,2025,March,96,33,15,49,6,43200,69.0,4,16,604800,4.2,2400,2353,47,Medium
St0108,2025,April,197,68,18,39,7,154251,58.7,2,6,2313765,4.0,5713,5540,173,Low
St0108,2025,May,183,64,18,33,6,109800,72.2,2,8,988200,4.2,5490,5320,170,Medium
St0108,2025,June,194,67,21,48,7,161408,83.3,1,2,2582528,4.8,5044,4883,161,High
St0108,2025,July,100,35,15,31,5,67600,57.9,1,3,946400,4.2,2600,2508,92,Low
St0108,2025,August,174,60,18,49,5,155904,88.4,0,0,1559040,4.6,4872,4763,109,High
St0108,2025,September,152,53,17,53,5,86944,80.3,3,12,956384,4.0,3952,3824,128,High
St0108,2025,October,203,71,14,50,5,175392,72.6,4,4,2455488,3.6,4872,4701,171,Medium
St0108,2025,November,123,43,22,51,6,110208,86.7,2,2,1102080,4.7,3444,3338,106,High
St0108,2025,December,200,70,17,51,5,117600,62.3,4,8,1764000,4.3,5600,5402,198,Medium
St0109,2021,January,117,40,12,52,4,61074,60.0,0,0,855036,4.2,3393,3364,29,Low
St0109,2021,February,165,57,16,30,7,119625,68.6,0,0,1914000,3.8,4785,4708,77,Medium
St0109,2021,March,134,46,21,49,5,97150,72.3,1,3,1165800,4.5,3350,3298,52,Medium
St0109,2021,April,199,69,20,53,5,93132,68.8,4,20,1117584,3.6,5174,4977,197,Medium
St0109,2021,May,100,35,16,38,6,54000,62.3,4,4,702000,4.2,3000,2976,24,Medium
St0109,2021,June,180,62,13,34,4,174960,62.2,3,9,1924560,4.6,4860,4767,93,Medium
St0109,2021,July,147,51,17,35,5,139944,77.4,4,20,1959216,3.5,4116,3959,157,Medium
St0109,2021,August,147,51,15,40,5,123480,63.1,4,8,1234800,4.5,4410,4313,97,Medium
St0109,2021,September,90,31,9,37,3,80640,48.3,3,15,1128960,3.6,2520,2454,66,Low
St0109,2021,October,216,75,20,33,6,142560,66.1,1,4,2138400,4.6,6480,6233,247,Medium
St0109,2021,November,113,39,19,42,7,102830,76.8,2,6,925470,4.5,2938,2852,86,Medium
St0109,2021,December,172,60,10,45,2,150500,48.8,1,1,1806000,4.0,4300,4259,41,Low
St0109,2022,January,196,68,13,51,3,156800,69.6,4,8,1881600,4.1,4900,4872,28,Medium
St0109,2022,February,193,67,17,35,4,130468,59.4,1,2,1565616,4.3,5018,4969,49,Low
St0109,2022,March,187,65,20,32,5,162316,69.1,2,8,1623160,4.6,5236,5082,154,Medium
St0109,2022,April,248,86,15,36,4,172608,72.9,0,0,2416512,4.0,5952,5721,231,Medium
St0109,2022,May,218,76,12,44,3,123606,53.4,1,5,1977696,4.4,5886,5692,194,Low
St0109,2022,June,160,56,15,40,3,83520,49.3,1,3,1002240,4.2,4640,4525,115,Low
St0109,2022,July,175,61,17,41,4,100625,60.2,1,2,1308125,4.1,4375,4336,39,Medium
St0109,2022,August,202,70,13,43,4,106050,49.4,0,0,1484700,4.6,5050,4950,100,Low
St0109,2022,September,191,66,16,49,5,165024,59.2,0,0,1650240,4.2,5157,4961,196,Low
St0109,2022,October,264,92,16,33,7,266112,84.1,4,12,4257792,3.8,7392,7323,69,High
St0109,2022,November,169,59,15,34,6,102921,59.6,2,2,1646736,3.9,4901,4767,134,Low
St0109,2022,December,133,46,23,39,7,129276,80.4,4,20,1292760,4.2,3591,3474,117,High
St0109,2023,January,214,74,16,34,6,224700,71.3,0,0,2471700,4.4,6420,6166,254,Medium
St0109,2023,February,136,47,12,35,3,70992,54.0,0,0,1064880,4.6,3944,3825,119,Low
St0109,2023,March,224,78,12,44,4,100800,64.5,3,15,1612800,4.3,5600,5506,94,Medium
St0109,2023,April,184,64,17,44,5,143520,88.9,0,0,1578720,4.5,4784,4739,45,High
St0109,2023,May,131,45,20,35,8,102180,68.6,3,9,1226160,4.0,3930,3836,94,Medium
St0109,2023,June,133,46,18,33,4,79002,55.8,4,12,1106028,4.4,3591,3455,136,Low
St0109,2023,July,200,70,18,49,4,156000,53.4,4,4,2028000,4.3,5200,5016,184,Low
St0109,2023,August,292,102,22,37,6,297840,87.7,4,8,3574080,4.0,8760,8653,107,High
St0109,2023,September,157,54,13,44,3,127484,52.0,4,16,1657292,4.5,4396,4241,155,Low
St0109,2023,October,296,103,22,47,7,134976,85.1,4,12,1889664,3.6,7104,7003,101,High
St0109,2023,November,152,53,14,55,6,154280,58.7,1,1,2005640,4.0,4408,4235,173,Low
St0109,2023,December,165,57,17,54,5,158400,81.6,0,0,2059200,4.5,4950,4860,90,High
St0109,2024,January,301,105,22,33,7,211302,92.3,4,20,2535624,3.8,7826,7745,81,High
St0109,2024,February,244,85,14,39,5,228384,66.3,2,8,2740608,3.7,6344,6288,56,Medium
St0109,2024,March,219,76,23,42,8,137970,79.9,1,3,1793610,4.6,6570,6347,223,Medium
St0109,2024,April,256,89,22,44,7,208896,93.6,4,8,2088960,3.8,6144,6108,36,High
St0109,2024,May,256,89,23,46,6,241920,79.2,3,12,2661120,4.3,6912,6708,204,Medium
St0109,2024,June,266,93,19,30,5,239400,82.8,1,5,3830400,4.8,7980,7836,144,High
St0109,2024,July,292,102,23,39,5,168192,88.8,0,0,2018304,3.9,7008,6743,265,High
St0109,2024,August,272,95,16,45,7,236640,67.0,4,20,2603040,3.5,7888,7792,96,Medium
St0109,2024,September,184,64,14,41,6,132480,69.1,2,8,2119680,4.6,4416,4285,131,Medium
St0109,2024,October,182,63,19,44,4,139776,72.8,3,12,1677312,4.5,4368,4232,136,Medium
St0109,2024,November,317,110,23,44,8,239018,87.6,2,4,3346252,4.0,8242,7969,273,High
St0109,2024,December,289,101,18,55,4,173400,61.5,1,2,1907400,4.6,8670,8547,123,Medium
St0109,2025,January,262,91,25,41,7,163750,92.0,0,0,2128750,4.8,6550,6376,174,High
St0109,2025,February,194,67,20,47,7,108640,62.6,2,8,1738240,4.0,5432,5379,53,Medium
St0109,2025,March,166,58,23,34,8,128650,77.4,1,3,1286500,4.8,4150,4065,85,Medium
St0109,2025,April,371,129,18,54,7,378420,92.9,1,5,4919460,4.0,11130,10859,271,High
St0109,2025,May,333,116,21,30,6,279720,93.4,0,0,4475520,4.7,7992,7745,247,High
St0109,2025,June,226,79,18,49,5,124300,90.9,4,4,1118700,3.9,5650,5511,139,High
St0109,2025,July,203,71,16,30,6,116725,66.2,4,20,1050525,4.2,5075,4970,105,Medium
St0109,2025,August,168,58,19,55,7,145824,74.2,2,4,2041536,4.0,4704,4623,81,Medium
St0109,2025,September,370,129,19,45,4,222000,95.5,2,4,2220000,4.0,8880,8694,186,High
St0109,2025,October,391,136,21,43,8,272136,65.9,1,5,4354176,4.6,11339,11228,111,Medium
St0109,2025,November,396,138,21,30,6,294624,81.9,2,2,2946240,4.3,9504,9449,55,High
St0109,2025,December,243,85,22,42,8,206550,77.1,2,8,3304800,4.3,6075,5998,77,Medium
St0110,2021,January,219,76,17,31,7,142350,68.7,2,2,1992900,4.4,5475,5407,68,Medium
St0110,2021,February,141,49,14,36,6,98982,54.1,4,16,1385748,4.6,3666,3549,117,Low
St0110,2021,March,162,56,11,54,3,159732,59.0,2,10,1597320,4.5,4698,4627,71,Low
St0110,2021,April,193,67,18,39,5,138960,78.7,0,0,1250640,3.8,4632,4517,115,Medium
St0110,2021,May,159,55,19,34,6,100170,66.7,2,8,1001700,3.7,4770,4592,178,Medium
St0110,2021,June,250,87,16,49,6,148500,82.1,1,3,1930500,3.8,6750,6677,73,High
St0110,2021,July,250,87,14,46,3,200000,74.5,1,1,3000000,4.5,6250,6182,68,Medium
St0110,2021,August,119,41,18,31,4,71400,56.0,1,4,1142400,4.2,2975,2928,47,Low
St0110,2021,September,115,40,21,46,8,100050,68.3,2,8,1200600,4.2,3335,3313,22,Medium
St0110,2021,October,144,50,18,41,5,129600,64.4,0,0,1555200,4.1,3600,3567,33,Medium
St0110,2021,November,138,48,17,50,5,144072,52.5,0,0,2017008,4.4,4002,3969,33,Low
St0110,2021,December,312,109,22,43,7,289536,83.2,2,8,3763968,4.3,9048,8938,110,High
St0110,2022,January,165,57,12,49,3,154440,48.5,4,12,1698840,3.8,4290,4267,23,Low
St0110,2022,February,142,49,18,36,5,102950,78.7,4,8,1441300,4.5,3550,3468,82,Medium
St0110,2022,March,290,101,18,32,5,236640,70.2,0,0,2603040,4.5,6960,6876,84,Medium
St0110,2022,April,259,90,17,35,5,142968,52.6,3,15,1429680,3.7,6216,5983,233,Low
St0110,2022,May,304,106,22,42,8,228000,79.9,0,0,3648000,4.5,7600,7470,130,Medium
St0110,2022,June,314,109,20,52,6,248688,73.7,0,0,3979008,4.8,7536,7496,40,Medium
St0110,2022,July,321,112,23,37,6,308160,86.7,1,2,4006080,4.1,9630,9409,221,High
St0110,2022,August,143,50,19,39,5,88088,77.5,0,0,1233232,4.8,4004,3948,56,Medium
St0110,2022,September,283,99,12,30,3,168102,54.3,4,16,2689632,4.4,7641,7466,175,Low
St0110,2022,October,187,65,17,51,4,80784,58.0,3,9,1292544,3.7,4488,4332,156,Low
St0110,2022,November,256,89,14,49,6,138240,57.0,1,2,1244160,4.1,7680,7475,205,Low
St0110,2022,December,277,96,18,53,5,166200,64.5,3,9,2493000,3.8,6648,6417,231,Medium
St0110,2023,January,181,63,20,43,8,101360,64.8,1,1,1114960,3.9,5068,4967,101,Medium
St0110,2023,February,205,71,20,35,7,133250,70.0,1,5,1199250,4.4,5125,5027,98,Medium
St0110,2023,March,212,74,12,45,4,165996,51.6,0,0,2489940,4.7,6148,6087,61,Low
St0110,2023,April,168,58,22,52,8,176400,84.3,0,0,2822400,4.7,5040,4840,200,High
St0110,2023,May,268,93,15,32,5,142576,74.8,2,6,1425760,4.0,7504,7327,177,Medium
St0110,2023,June,309,108,20,38,7,139050,65.9,1,1,1251450,3.9,7725,7646,79,Medium
St0110,2023,July,205,71,18,34,5,118080,65.6,0,0,1062720,4.8,4920,4795,125,Medium
St0110,2023,August,256,89,24,55,7,237568,88.3,0,0,2850816,4.3,7424,7278,146,High
St0110,2023,September,336,117,19,33,5,290304,75.2,0,0,3773952,3.9,9072,8784,288,Medium
St0110,2023,October,281,98,20,41,5,121392,86.9,2,4,1699488,4.0,6744,6549,195,High
St0110,2023,November,409,143,18,34,7,245400,56.1,0,0,2699400,4.7,12270,11789,481,Low
St0110,2023,December,417,145,18,54,5,250200,69.4,3,9,2251800,4.0,10425,10287,138,Medium
St0110,2024,January,218,76,19,52,6,189224,86.7,1,3,1892240,4.6,6104,5935,169,High
St0110,2024,February,316,110,22,49,8,158000,82.5,1,1,1738000,4.0,7900,7775,125,High
St0110,2024,March,212,74,17,49,5,203520,86.8,1,1,2849280,4.8,6360,6262,98,High
St0110,2024,April,414,144,14,33,6,310500,70.0,2,4,4657500,4.0,12420,11997,423,Medium
St0110,2024,May,323,113,17,31,7,167960,59.8,0,0,1679600,4.2,8398,8256,142,Low
St0110,2024,June,354,123,17,42,4,244260,89.2,0,0,3175380,4.6,10620,10392,228,High
St0110,2024,July,280,98,21,54,6,140000,67.2,3,12,2100000,4.6,7000,6924,76,Medium
St0110,2024,August,433,151,16,42,4,364153,84.3,2,8,5826448,4.0,12557,12354,203,High
St0110,2024,September,413,144,11,41,2,278775,58.7,3,6,3624075,4.0,10325,10097,228,Low
St0110,2024,October,485,169,18,33,7,244440,59.4,1,2,3422160,4.1,13580,13482,98,Low
St0110,2024,November,377,131,18,47,5,273325,90.6,1,2,2733250,4.6,10933,10791,142,High
St0110,2024,December,410,143,22,50,6,348500,81.5,0,0,3833500,3.9,10250,9861,389,High
St0110,2025,January,399,139,16,34,4,393414,58.7,0,0,3540726,4.7,11571,11333,238,Low
St0110,2025,February,330,115,22,36,8,205920,78.6,2,4,2265120,4.7,8580,8479,101,Medium
St0110,2025,March,514,179,20,38,7,234384,74.3,0,0,2343840,4.6,12336,12273,63,Medium
St0110,2025,April,221,77,24,35,8,164424,90.2,1,5,2630784,4.8,5304,5257,47,High
St0110,2025,May,380,133,15,39,5,207480,59.9,1,5,2904720,4.5,9880,9571,309,Low
St0110,2025,June,421,147,16,44,5,357850,68.4,3,12,4652050,4.1,10525,10270,255,Medium
St0110,2025,July,470,164,22,30,6,383520,91.0,3,6,4218720,4.5,11280,10928,352,High
St0110,2025,August,317,110,17,47,4,218730,78.9,3,3,1968570,4.3,9510,9347,163,Medium
St0110,2025,September,246,86,14,38,6,140712,58.0,3,12,2251392,3.6,6396,6321,75,Low
St0110,2025,October,588,205,18,46,5,526848,81.0,3,6,7902720,4.5,16464,16032,432,High
St0110,2025,November,337,117,16,46,5,303300,82.9,0,0,3033000,4.9,8425,8323,102,High
St0110,2025,December,439,153,15,41,5,289740,61.1,0,0,3187140,4.2,13170,12712,458,Medium
St0111,2021,January,98,34,11,36,4,44100,46.4,3,9,529200,4.1,2450,2381,69,Low
St0111,2021,February,80,28,17,42,4,52000,47.5,1,1,676000,4.3,2080,2004,76,Low
St0111,2021,March,126,44,14,36,4,63504,65.0,4,16,762048,3.6,3024,2972,52,Medium
St0111,2021,April,83,29,16,31,7,69803,69.4,4,20,1047045,4.2,2407,2322,85,Medium
St0111,2021,May,121,42,20,40,8,81796,69.6,4,16,1063348,4.1,3146,3065,81,Medium
St0111,2021,June,119,41,16,36,4,97104,51.7,0,0,1359456,4.2,2856,2779,77,Low
St0111,2021,July,95,33,16,40,5,58520,68.5,2,8,526680,3.7,2660,2559,101,Medium
St0111,2021,August,97,33,23,47,7,68094,75.2,0,0,749034,4.3,2619,2524,95,Medium
St0111,2021,September,122,42,15,41,5,76128,75.6,2,4,1065792,4.5,3172,3133,39,Medium
St0111,2021,October,67,23,15,38,5,34371,55.9,4,20,412452,3.6,1809,1757,52,Low
St0111,2021,November,151,52,14,46,4,119592,71.4,1,4,1793880,4.2,3624,3605,19,Medium
St0111,2021,December,70,24,13,50,5,56840,48.5,0,0,625240,4.2,1960,1942,18,Low
St0111,2022,January,151,52,15,37,6,87580,71.4,3,9,875800,4.4,4379,4245,134,Medium
St0111,2022,February,86,30,16,51,5,78948,57.7,3,15,789480,3.8,2322,2271,51,Low
St0111,2022,March,95,33,15,44,6,95760,48.1,4,16,1149120,3.9,2660,2590,70,Low
St0111,2022,April,109,38,18,55,7,70632,50.4,2,2,635688,4.7,2616,2511,105,Low
St0111,2022,May,84,29,18,53,7,63336,50.5,2,10,950040,3.9,2184,2164,20,Low
St0111,2022,June,115,40,15,31,3,96255,65.1,0,0,1251315,4.4,3105,3028,77,Medium
St0111,2022,July,139,48,15,40,4,125100,60.7,3,15,1876500,4.6,3475,3450,25,Medium
St0111,2022,August,160,56,9,30,4,83200,49.5,0,0,1331200,4.5,4160,4022,138,Low
St0111,2022,September,90,31,13,42,3,58500,68.3,2,2,526500,4.1,2340,2324,16,Medium
St0111,2022,October,96,33,15,45,5,69600,65.5,1,5,835200,4.8,2400,2314,86,Medium
St0111,2022,November,99,34,19,49,6,59400,74.9,4,16,534600,4.4,2970,2941,29,Medium
St0111,2022,December,125,43,17,36,5,60750,75.4,3,3,850500,4.5,3375,3332,43,Medium
St0111,2023,January,101,35,17,31,7,90900,53.2,3,3,1090800,4.1,3030,3003,27,Low
St0111,2023,February,81,28,23,36,8,47628,87.3,3,12,571536,4.4,2268,2228,40,High
St0111,2023,March,79,27,25,50,9,66360,89.0,1,1,929040,3.8,1896,1852,44,High
St0111,2023,April,128,44,20,37,8,79872,74.4,2,6,958464,4.7,3072,2993,79,Medium
St0111,2023,May,123,43,22,49,6,89175,85.1,1,5,1159275,4.1,3567,3495,72,High
St0111,2023,June,139,48,16,42,6,83400,57.7,3,6,750600,4.3,4170,4098,72,Low
St0111,2023,July,161,56,17,47,4,88711,55.3,1,3,798399,4.1,4669,4500,169,Low
St0111,2023,August,108,37,15,36,4,99792,57.5,0,0,1596672,4.2,3024,2946,78,Low
St0111,2023,September,183,64,20,33,8,174216,60.3,1,2,2264808,4.0,5124,5067,57,Medium
St0111,2023,October,164,57,19,33,5,115128,70.6,0,0,1151280,4.0,4428,4325,103,Medium
St0111,2023,November,140,49,15,44,4,65520,72.4,3,9,917280,4.6,3640,3547,93,Medium
St0111,2023,December,164,57,25,52,8,114144,88.9,0,0,1712160,3.9,4756,4666,90,High
St0111,2024,January,106,37,21,44,6,73776,65.2,3,9,1180416,3.6,3074,3040,34,Medium
St0111,2024,February,150,52,17,32,4,104400,57.6,1,2,939600,4.4,3600,3504,96,Low
St0111,2024,March,154,53,11,36,3,93786,54.5,0,0,844074,4.0,4466,4316,150,Low
St0111,2024,April,214,74,16,37,6,161784,71.6,3,9,1779624,3.9,5778,5741,37,Medium
St0111,2024,May,210,73,11,41,3,102060,55.0,4,12,1428840,3.7,5670,5538,132,Low
St0111,2024,June,217,75,19,55,6,109368,68.8,0,0,1640520,4.1,5208,5016,192,Medium
St0111,2024,July,154,53,20,49,6,144144,85.5,1,4,1873872,4.5,4004,3892,112,High
St0111,2024,August,149,52,24,53,8,144828,81.2,0,0,2027592,4.5,4023,3934,89,High
St0111,2024,September,148,51,25,36,6,115440,85.4,2,10,1385280,4.1,4440,4387,53,High
St0111,2024,October,123,43,23,47,7,83025,93.4,1,3,996300,4.0,3321,3195,126,High
St0111,2024,November,109,38,12,41,4,70632,59.1,1,2,1130112,4.1,2943,2904,39,Low
St0111,2024,December,250,87,18,35,5,261000,77.2,0,0,2871000,4.3,7250,7170,80,Medium
St0111,2025,January,116,40,19,49,5,55100,63.8,3,12,771400,4.1,2900,2811,89,Medium
St0111,2025,February,181,63,22,51,7,101360,75.2,2,8,912240,4.0,5068,4898,170,Medium
St0111,2025,March,142,49,19,54,5,123256,83.9,3,6,1109304,3.7,3976,3923,53,High
St0111,2025,April,167,58,19,45,7,159819,57.8,0,0,2397285,4.0,4843,4671,172,Low
St0111,2025,May,218,76,17,45,6,105948,85.2,0,0,1695168,4.1,5886,5751,135,High
St0111,2025,June,175,61,24,32,8,142100,88.6,4,20,1421000,3.8,4900,4724,176,High
St0111,2025,July,144,50,23,45,8,100800,86.4,1,2,1310400,4.4,4032,3898,134,High
St0111,2025,August,234,81,26,33,7,106704,92.5,3,9,1493856,3.9,5616,5478,138,High
St0111,2025,September,170,59,21,32,8,97240,76.7,0,0,1264120,4.6,4420,4368,52,Medium
St0111,2025,October,219,76,21,39,8,203670,74.9,2,10,2240370,4.6,6570,6341,229,Medium
St0111,2025,November,182,63,15,37,3,154700,74.3,1,2,1547000,4.1,4550,4469,81,Medium
St0111,2025,December,187,65,19,33,4,178959,66.8,0,0,2684385,4.5,5423,5312,111,Medium
St0112,2021,January,212,74,12,40,3,106848,63.1,0,0,961632,4.7,5936,5818,118,Medium
St0112,2021,February,120,42,11,52,3,97440,46.0,0,0,1071840,3.9,3360,3250,110,Low
St0112,2021,March,149,52,10,47,4,93125,48.1,1,4,1490000,4.5,3725,3598,127,Low
St0112,2021,April,224,78,16,39,6,107520,50.5,1,3,1075200,4.6,5376,5248,128,Low
St0112,2021,May,135,47,10,32,3,101250,54.3,0,0,1113750,3.8,4050,3960,90,Low
St0112,2021,June,203,71,22,32,8,142100,83.2,1,3,1563100,4.6,5684,5541,143,High
St0112,2021,July,221,77,11,41,2,165750,53.7,3,6,2486250,4.6,5525,5368,157,Low
St0112,2021,August,217,75,10,45,2,171864,53.8,4,20,1718640,4.1,5208,5012,196,Low
St0112,2021,September,163,57,19,32,6,92910,78.5,3,15,1300740,4.1,4890,4722,168,Medium
St0112,2021,October,219,76,16,54,7,203670,53.0,4,16,1833030,4.4,6570,6493,77,Low
St0112,2021,November,255,89,12,48,6,183600,64.7,0,0,1652400,3.9,6120,6080,40,Medium
St0112,2021,December,154,53,20,49,5,104104,63.1,2,2,1457456,3.9,4004,3959,45,Medium
St0112,2022,January,196,68,19,42,6,170520,58.8,0,0,2216760,4.3,5684,5619,65,Low
St0112,2022,February,250,87,20,48,6,138000,62.4,0,0,1242000,4.5,6000,5922,78,Medium
St0112,2022,March,176,61,19,42,7,168960,63.0,4,16,2027520,4.3,5280,5229,51,Medium
St0112,2022,April,232,81,11,32,4,144768,49.4,0,0,1447680,4.2,5568,5531,37,Low
St0112,2022,May,221,77,11,33,2,153816,55.0,1,4,1845792,3.8,6409,6168,241,Low
St0112,2022,June,189,66,15,35,6,118125,65.7,2,2,1417500,4.6,4725,4626,99,Medium
St0112,2022,July,196,68,17,31,4,188160,78.6,4,12,2069760,4.3,5880,5689,191,Medium
St0112,2022,August,248,86,23,37,8,141360,87.9,4,20,1837680,4.5,7440,7286,154,High
St0112,2022,September,215,75,18,37,5,138460,58.7,1,5,1661520,4.1,6020,5957,63,Low
St0112,2022,October,196,68,10,49,4,113680,54.0,2,2,1364160,3.7,5684,5506,178,Low
St0112,2022,November,157,54,12,37,4,132037,50.2,1,1,1980555,4.1,4553,4431,122,Low
St0112,2022,December,287,100,23,37,6,149814,85.8,2,8,2097396,4.2,8323,8054,269,High
St0112,2023,January,230,80,18,48,4,220110,59.4,2,4,2861430,4.7,6670,6544,126,Low
St0112,2023,February,206,72,18,55,4,210120,51.9,4,20,2941680,4.6,6180,5949,231,Low
St0112,2023,March,221,77,15,38,6,143650,55.3,3,6,1723800,3.6,5746,5540,206,Low
St0112,2023,April,293,102,12,45,4,221508,58.5,1,1,3322620,4.6,8204,8093,111,Low
St0112,2023,May,336,117,22,32,5,183456,77.2,0,0,2384928,4.0,8736,8593,143,Medium
St0112,2023,June,253,88,20,34,7,212520,90.7,4,12,2125200,4.0,7590,7472,118,High
St0112,2023,July,250,87,13,30,4,117000,60.6,1,2,1404000,4.3,6500,6327,173,Medium
St0112,2023,August,257,89,17,48,7,154200,83.9,0,0,2313000,3.8,7710,7572,138,High
St0112,2023,September,317,110,15,42,4,275790,62.5,1,1,2482110,4.4,9510,9142,368,Medium
St0112,2023,October,252,88,11,47,5,182700,56.5,0,0,2740500,4.4,6300,6262,38,Low
St0112,2023,November,171,59,13,54,5,168606,66.4,4,12,2697696,3.7,4959,4871,88,Medium
St0112,2023,December,280,98,18,32,5,184800,68.4,4,8,1848000,4.2,8400,8208,192,Medium
St0112,2024,January,303,106,17,52,5,254520,55.7,0,0,3308760,4.0,7272,7220,52,Low
St0112,2024,February,331,115,25,37,9,187677,88.7,2,8,1876770,4.3,8937,8696,241,High
St0112,2024,March,267,93,23,53,5,201852,93.8,2,4,3229632,4.7,7476,7386,90,High
St0112,2024,April,179,62,21,45,6,115992,69.7,4,16,1739880,4.0,4833,4705,128,Medium
St0112,2024,May,305,106,11,44,5,228750,54.3,3,15,2287500,3.7,9150,8801,349,Low
St0112,2024,June,306,107,22,32,7,227664,70.3,1,2,2048976,4.4,7344,7124,220,Medium
St0112,2024,July,341,119,22,37,6,347820,85.9,2,6,4173840,4.4,10230,10118,112,High
St0112,2024,August,340,118,20,33,8,199920,69.9,1,1,2798880,3.9,9520,9226,294,Medium
St0112,2024,September,332,116,24,35,9,209160,83.7,0,0,2300760,4.6,9960,9653,307,High
St0112,2024,October,359,125,15,38,6,270686,76.9,3,15,3789604,3.9,9334,9164,170,Medium
St0112,2024,November,374,130,16,45,7,261800,75.2,2,10,3141600,3.7,10472,10341,131,Medium
St0112,2024,December,364,127,25,39,6,174720,87.5,0,0,1921920,3.8,8736,8394,342,High
St0112,2025,January,243,85,19,43,5,246645,65.6,0,0,3699675,4.7,7047,6843,204,Medium
St0112,2025,February,205,71,15,41,3,184295,77.2,0,0,2211540,4.2,5945,5801,144,Medium
St0112,2025,March,283,99,14,36,3,154518,70.3,0,0,2472288,4.8,7358,7259,99,Medium
St0112,2025,April,188,65,15,34,4,190820,72.4,0,0,1717380,4.4,5452,5298,154,Medium
St0112,2025,May,382,133,15,53,3,276950,65.5,3,9,3600350,4.3,11078,10967,111,Medium
St0112,2025,June,302,105,14,49,3,196300,63.9,4,4,2944500,3.5,7852,7655,197,Medium
St0112,2025,July,255,89,19,32,7,198900,89.9,2,10,2585700,4.6,6630,6555,75,High
St0112,2025,August,357,124,21,52,7,269892,73.4,2,10,2429028,4.4,9639,9316,323,Medium
St0112,2025,September,310,108,17,43,5,170810,72.5,4,12,1537290,4.3,8990,8715,275,Medium
St0112,2025,October,507,177,18,50,4,377208,88.2,3,15,3394872,3.6,12168,11925,243,High
St0112,2025,November,288,100,25,46,7,269568,94.9,3,12,2426112,3.6,7488,7422,66,High
St0112,2025,December,396,138,23,55,6,180576,92.1,1,1,2528064,3.7,9504,9254,250,High
St0113,2021,January,64,22,17,53,4,33408,55.6,2,4,334080,4.4,1856,1829,27,Low
St0113,2021,February,97,33,19,42,4,81480,73.0,0,0,1140720,4.7,2910,2833,77,Medium
St0113,2021,March,63,22,17,34,5,34398,80.4,4,20,343980,3.8,1638,1621,17,High
St0113,2021,April,86,30,18,32,6,47386,63.1,1,5,473860,4.4,2494,2427,67,Medium
St0113,2021,May,81,28,15,50,6,58968,61.8,2,2,766584,4.1,2106,2074,32,Medium
St0113,2021,June,118,41,16,31,4,64900,50.2,1,3,778800,4.0,2950,2931,19,Low
St0113,2021,July,72,25,15,34,3,59904,56.1,2,2,599040,4.6,1872,1802,70,Low
St0113,2021,August,79,27,17,52,7,80580,76.0,3,3,725220,3.9,2370,2318,52,Medium
St0113,2021,September,112,39,17,31,7,91392,68.3,2,8,913920,3.8,2688,2656,32,Medium
St0113,2021,October,75,26,14,44,5,52650,63.9,4,8,473850,3.9,2025,1953,72,Medium
St0113,2021,November,118,41,10,49,2,76700,53.6,2,10,690300,4.1,2950,2868,82,Low
St0113,2021,December,86,30,17,52,6,82302,84.2,3,12,1069926,3.6,2494,2469,25,High
St0113,2022,January,130,45,15,55,6,109330,52.1,2,4,1202630,3.9,3770,3626,144,Low
St0113,2022,February,72,25,11,40,4,40824,51.3,0,0,367416,4.7,1944,1906,38,Low
St0113,2022,March,64,22,14,46,5,66816,74.7,1,1,801792,4.4,1856,1843,13,Medium
St0113,2022,April,115,40,15,45,5,86250,74.2,1,4,862500,4.4,2875,2777,98,Medium
St0113,2022,May,100,35,23,45,5,75600,87.9,1,2,982800,4.3,2700,2635,65,High
St0113,2022,June,140,49,17,42,4,87360,80.5,2,6,1135680,4.3,3360,3246,114,High
St0113,2022,July,84,29,14,55,4,68544,65.0,0,0,891072,4.6,2016,1972,44,Medium
St0113,2022,August,70,24,17,38,7,66990,87.9,3,3,1004850,3.9,2030,1964,66,High
St0113,2022,September,121,42,15,49,3,98736,59.0,4,20,1382304,4.0,2904,2823,81,Low
St0113,2022,October,124,43,15,52,6,90272,78.1,0,0,1354080,4.2,3224,3105,119,Medium
St0113,2022,November,138,48,17,47,7,78246,62.1,3,9,938952,4.6,3726,3702,24,Medium
St0113,2022,December,136,47,22,30,7,72352,86.2,1,2,651168,3.9,3808,3731,77,High
St0113,2023,January,74,25,20,34,7,55944,86.9,1,4,727272,4.6,2072,1991,81,High
St0113,2023,February,77,26,20,43,5,58212,64.7,1,4,640332,4.0,2079,2006,73,Medium
St0113,2023,March,153,53,17,55,5,126225,60.8,2,6,2019600,4.3,3825,3709,116,Medium
St0113,2023,April,149,52,21,46,8,84930,73.1,3,9,1358880,4.0,4470,4365,105,Medium
St0113,2023,May,121,42,19,49,4,102850,65.1,2,10,1131350,4.4,3025,2944,81,Medium
St0113,2023,June,73,25,23,40,8,63510,75.5,2,8,889140,4.6,2190,2142,48,Medium
St0113,2023,July,93,32,15,31,3,53475,56.5,3,12,695175,4.6,2325,2291,34,Low
St0113,2023,August,114,39,18,34,5,65550,82.8,2,8,655500,4.7,2850,2799,51,High
St0113,2023,September,88,30,19,35,7,67584,64.0,1,1,946176,4.4,2112,2045,67,Medium
St0113,2023,October,191,66,12,55,5,101612,58.6,4,16,1117732,3.7,5348,5295,53,Low
St0113,2023,November,135,47,18,50,7,110160,85.6,2,10,991440,4.7,3240,3191,49,High
St0113,2023,December,125,43,23,53,8,123250,80.6,4,20,1355750,4.2,3625,3589,36,High
St0113,2024,January,94,32,11,35,4,63544,56.0,3,3,635440,4.3,2444,2406,38,Low
St0113,2024,February,132,46,18,42,4,63360,86.0,4,12,633600,3.7,3168,3064,104,High
St0113,2024,March,101,35,20,47,8,65044,74.4,4,8,650440,4.5,2828,2759,69,Medium
St0113,2024,April,162,56,14,31,4,136080,68.7,2,6,1496880,3.9,4860,4800,60,Medium
St0113,2024,May,153,53,13,50,5,141984,55.4,3,3,2129760,4.3,4437,4322,115,Low
St0113,2024,June,105,36,18,52,6,52920,92.9,0,0,687960,4.7,2940,2836,104,High
St0113,2024,July,190,66,20,32,8,132240,92.6,3,12,1454640,3.7,4560,4458,102,High
St0113,2024,August,160,56,17,53,5,138240,74.1,1,3,2211840,3.7,3840,3774,66,Medium
St0113,2024,September,172,60,18,37,4,118680,68.2,1,3,1305480,4.2,5160,5132,28,Medium
St0113,2024,October,148,51,20,43,6,95312,75.7,1,1,1429680,4.7,4144,4024,120,Medium
St0113,2024,November,161,56,16,40,7,82593,55.8,1,3,743337,4.7,4347,4201,146,Low
St0113,2024,December,216,75,13,43,4,165888,56.0,2,10,1990656,3.9,5184,4995,189,Low
St0113,2025,January,194,67,19,37,6,162960,70.7,3,12,2118480,3.7,4656,4560,96,Medium
St0113,2025,February,105,36,16,44,7,85050,67.3,3,3,1360800,3.9,3150,3106,44,Medium
St0113,2025,March,205,71,17,48,7,132020,73.6,2,10,1452220,4.7,5740,5636,104,Medium
St0113,2025,April,223,78,17,47,4,150525,85.0,1,2,2107350,3.9,6021,5981,40,High
St0113,2025,May,133,46,14,31,6,110656,59.5,1,4,1438528,4.5,3458,3375,83,Low
St0113,2025,June,139,48,20,51,6,132328,70.4,2,6,1984920,4.6,3892,3857,35,Medium
St0113,2025,July,167,58,19,38,7,121075,66.5,4,4,1937200,4.5,4175,4145,30,Medium
St0113,2025,August,165,57,17,31,5,99000,82.5,2,4,1584000,4.2,4125,4020,105,High
St0113,2025,September,174,60,19,40,7,125280,93.6,1,5,1252800,3.9,5220,5037,183,High
St0113,2025,October,187,65,26,52,6,190740,96.3,0,0,3051840,4.2,5610,5496,114,High
St0113,2025,November,207,72,18,55,5,168084,76.7,3,6,1680840,4.3,5796,5576,220,Medium
St0113,2025,December,209,73,25,46,6,145464,91.6,0,0,2181960,4.4,5016,4935,81,High
St0114,2021,January,221,77,22,54,6,212160,74.8,1,3,2545920,3.8,6630,6535,95,Medium
St0114,2021,February,114,39,15,37,5,123120,72.4,0,0,1354320,4.8,3420,3283,137,Medium
St0114,2021,March,147,51,17,55,5,72618,76.3,2,2,726180,4.4,3822,3687,135,Medium
St0114,2021,April,187,65,24,34,7,112200,80.9,3,12,1122000,4.5,4675,4639,36,High
St0114,2021,May,192,67,13,53,6,129024,58.2,1,5,1548288,4.6,4608,4532,76,Low
St0114,2021,June,120,42,17,41,5,92160,83.0,1,3,1013760,4.0,2880,2810,70,High
St0114,2021,July,129,45,17,41,7,114036,71.8,2,2,1254396,4.3,3354,3266,88,Medium
St0114,2021,August,183,64,22,41,5,106140,81.8,4,16,1167540,4.5,5307,5216,91,High
St0114,2021,September,108,37,15,38,3,67392,77.4,4,20,876096,4.6,2592,2578,14,Medium
St0114,2021,October,253,88,22,48,6,205436,78.4,0,0,2876104,4.9,7084,6812,272,Medium
St0114,2021,November,185,64,14,53,5,144855,52.5,2,2,1738260,3.7,4995,4855,140,Low
St0114,2021,December,254,88,15,44,5,241808,78.2,0,0,2176272,4.4,7112,7059,53,Medium
St0114,2022,January,192,67,18,49,6,150336,77.1,4,16,2104704,3.9,5568,5378,190,Medium
St0114,2022,February,240,84,24,35,6,144000,87.7,1,5,1872000,3.8,5760,5729,31,High
St0114,2022,March,156,54,20,53,5,70200,63.7,4,12,631800,4.4,3900,3775,125,Medium
St0114,2022,April,129,45,10,51,5,61275,48.7,3,9,980400,4.4,3225,3186,39,Low
St0114,2022,May,146,51,14,49,6,122202,69.9,0,0,1344222,4.0,3942,3787,155,Medium
St0114,2022,June,183,64,22,40,5,115290,76.5,0,0,1383480,4.3,5490,5298,192,Medium
St0114,2022,July,141,49,22,31,7,63450,81.1,4,4,761400,3.9,3525,3476,49,High
St0114,2022,August,264,92,22,41,7,229680,82.0,2,2,3445200,4.7,7920,7704,216,High
St0114,2022,September,270,94,18,43,6,216000,67.9,3,6,3024000,4.6,6750,6496,254,Medium
St0114,2022,October,198,69,17,42,6,143550,60.5,3,6,1722600,4.5,4950,4868,82,Medium
St0114,2022,November,301,105,21,42,5,219128,72.9,1,3,2848664,4.1,8428,8377,51,Medium
St0114,2022,December,308,107,19,50,7,294756,75.9,2,4,4716096,3.9,8932,8658,274,Medium
St0114,2023,January,309,108,18,37,5,155736,57.4,2,10,1557360,4.6,7416,7313,103,Low
St0114,2023,February,213,74,21,44,7,155064,70.6,3,6,1395576,4.4,5538,5324,214,Medium
St0114,2023,March,288,100,20,33,7,223200,84.4,1,1,2901600,4.7,7200,7138,62,High
St0114,2023,April,361,126,17,46,6,222376,66.5,2,4,2001384,4.3,10108,9931,177,Medium
St0114,2023,May,193,67,19,38,4,105378,89.2,3,9,1686048,4.2,5018,4836,182,High
St0114,2023,June,193,67,16,52,6,172928,53.3,1,3,1556352,4.5,5404,5275,129,Low
St0114,2023,July,277,96,16,50,5,269244,61.2,0,0,4038660,4.7,7479,7242,237,Medium
St0114,2023,August,314,109,21,42,7,211008,69.7,2,10,2954112,4.1,7536,7465,71,Medium
St0114,2023,September,317,110,20,43,8,296712,73.8,4,12,4153968,4.0,8242,8185,57,Medium
St0114,2023,October,216,75,18,52,4,163296,72.5,1,2,2122848,4.7,6048,5811,237,Medium
St0114,2023,November,293,102,15,38,6,205100,70.5,2,10,2461200,3.7,8204,7959,245,Medium
St0114,2023,December,408,142,17,53,6,272136,88.9,2,4,2721360,4.4,11832,11570,262,High
St0114,2024,January,283,99,18,49,6,240550,92.3,3,12,3367700,3.6,7075,7019,56,High
St0114,2024,February,409,143,22,39,6,272803,80.2,3,3,4364848,3.8,11861,11796,65,High
St0114,2024,March,290,101,13,41,4,182700,56.2,4,12,2740500,4.4,8700,8422,278,Low
St0114,2024,April,326,114,15,41,5,302528,71.5,1,1,4840448,3.7,9454,9174,280,Medium
St0114,2024,May,410,143,19,40,4,332920,57.0,2,10,4660880,3.7,11480,11413,67,Low
St0114,2024,June,344,120,19,55,7,260064,74.4,2,8,4161024,4.2,9288,8935,353,Medium
St0114,2024,July,408,142,12,45,4,354960,57.7,0,0,4259520,4.4,11832,11626,206,Low
St0114,2024,August,224,78,19,33,6,161280,71.0,0,0,2096640,3.8,5376,5161,215,Medium
St0114,2024,September,312,109,16,32,4,227136,67.3,0,0,2044224,3.8,8112,8021,91,Medium
St0114,2024,October,390,136,18,53,5,262080,84.5,4,20,2358720,3.9,9360,9139,221,High
St0114,2024,November,344,120,22,41,8,173376,76.7,3,6,1733760,4.6,9632,9363,269,Medium
St0114,2024,December,221,77,22,33,5,107406,90.1,0,0,1288872,4.6,5967,5742,225,High
St0114,2025,January,442,154,23,35,5,212160,90.9,2,2,2545920,3.7,10608,10510,98,High
St0114,2025,February,284,99,17,34,7,271788,80.9,3,15,2717880,4.0,8236,8148,88,High
St0114,2025,March,309,108,18,44,6,177675,66.3,0,0,1954425,4.3,7725,7502,223,Medium
St0114,2025,April,363,127,16,50,7,339768,79.6,4,12,3057912,4.3,9438,9333,105,Medium
St0114,2025,May,366,128,16,54,5,292800,57.0,4,16,4684800,4.3,9150,9056,94,Low
St0114,2025,June,212,74,13,50,6,111300,60.1,3,9,1669500,3.8,5300,5270,30,Medium
St0114,2025,July,467,163,15,37,4,224160,71.9,0,0,3586560,4.1,11208,10765,443,Medium
St0114,2025,August,228,79,19,53,5,131328,75.6,1,4,2101248,4.5,5472,5300,172,Medium
St0114,2025,September,412,144,18,37,7,267800,62.3,3,15,2678000,3.8,10712,10589,123,Medium
St0114,2025,October,415,145,22,36,7,300875,91.2,1,4,4814000,4.7,12035,11671,364,High
St0114,2025,November,265,92,20,39,8,246450,60.6,4,16,2464500,4.1,7950,7642,308,Medium
St0114,2025,December,427,149,16,46,7,244244,72.0,2,8,3419416,4.4,11102,10938,164,Medium
St0115,2021,January,164,57,12,52,5,108240,48.9,0,0,1298880,3.9,4920,4781,139,Low
St0115,2021,February,164,57,15,40,5,114800,47.3,4,12,1492400,4.2,4100,3997,103,Low
St0115,2021,March,212,74,13,41,4,110664,50.4,3,9,1217304,4.6,6148,6076,72,Low
St0115,2021,April,128,44,17,33,4,69120,72.9,1,3,898560,4.5,3840,3750,90,Medium
St0115,2021,May,242,84,12,55,3,169400,60.2,1,4,1524600,4.3,6050,5944,106,Medium
St0115,2021,June,172,60,16,55,4,154112,62.1,3,15,2465792,3.8,4816,4661,155,Medium
St0115,2021,July,169,59,10,48,4,81120,54.7,3,3,973440,4.6,4056,3974,82,Low
St0115,2021,August,201,70,15,35,3,144720,51.2,0,0,1736640,4.5,4824,4663,161,Low
St0115,2021,September,238,83,24,53,7,117572,82.0,4,4,1058148,4.6,6188,5974,214,High
St0115,2021,October,158,55,14,32,6,141568,51.0,3,15,2123520,4.2,4424,4284,140,Low
St0115,2021,November,190,66,21,46,8,128250,77.4,3,6,1923750,4.2,5130,5038,92,Medium
St0115,2021,December,218,76,18,49,5,147150,76.7,1,1,1912950,4.6,5886,5822,64,Medium
St0115,2022,January,171,59,18,31,4,133380,50.2,1,3,2000700,4.6,5130,5028,102,Low
St0115,2022,February,164,57,23,36,5,93480,78.7,1,3,1028280,4.1,4920,4804,116,Medium
St0115,2022,March,278,97,15,33,6,186816,50.5,0,0,1681344,4.8,7784,7533,251,Low
St0115,2022,April,246,86,16,44,7,211068,71.7,4,8,1899612,3.8,6396,6187,209,Medium
St0115,2022,May,145,50,12,34,6,113100,48.1,4,4,1583400,3.9,3770,3658,112,Low
St0115,2022,June,256,89,14,53,4,119808,72.6,3,9,1677312,3.7,6656,6508,148,Medium
St0115,2022,July,302,105,16,30,6,227708,72.2,0,0,2504788,4.2,8758,8665,93,Medium
St0115,2022,August,199,69,14,44,6,190443,72.7,4,16,2285316,3.9,5771,5714,57,Medium
St0115,2022,September,244,85,18,43,4,168360,63.1,0,0,1683600,4.9,7320,7263,57,Medium
St0115,2022,October,282,98,15,44,3,236880,60.1,4,16,3079440,3.6,6768,6593,175,Medium
St0115,2022,November,223,78,20,38,6,176616,68.7,4,16,2472624,4.3,5352,5176,176,Medium
St0115,2022,December,271,94,23,47,8,151760,83.4,2,4,2428160,3.9,7588,7359,229,High
St0115,2023,January,165,57,12,42,4,148500,57.6,0,0,1930500,4.7,4950,4827,123,Low
St0115,2023,February,336,117,13,35,5,217728,65.1,4,8,3048192,4.1,8064,7787,277,Medium
St0115,2023,March,177,61,15,36,3,107793,66.0,3,12,1509102,4.4,5133,4971,162,Medium
St0115,2023,April,187,65,15,49,4,140250,55.3,3,3,1963500,3.9,5610,5429,181,Low
St0115,2023,May,311,108,17,48,4,156744,61.0,2,6,1724184,4.7,8708,8500,208,Medium
St0115,2023,June,369,129,21,49,7,299628,89.1,0,0,2696652,4.0,10332,9938,394,High
St0115,2023,July,366,128,13,46,6,228384,67.1,0,0,2740608,3.8,9516,9368,148,Medium
St0115,2023,August,275,96,21,49,5,204600,84.3,2,8,3069000,4.0,6600,6468,132,High
St0115,2023,September,248,86,21,55,6,186992,67.5,4,8,2430896,4.4,7192,7037,155,Medium
St0115,2023,October,337,117,24,42,6,185687,86.7,1,3,2413931,3.9,9773,9535,238,High
St0115,2023,November,280,98,17,44,4,189000,62.5,3,6,2646000,4.3,7000,6827,173,Medium
St0115,2023,December,203,71,12,48,3,153062,61.7,0,0,1683682,4.2,5887,5702,185,Medium
St0115,2024,January,187,65,16,45,4,141372,71.3,4,4,1272348,4.2,5049,4915,134,Medium
St0115,2024,February,365,127,21,45,6,275210,88.5,0,0,3302520,4.6,9490,9191,299,High
St0115,2024,March,273,95,23,33,8,213759,93.4,3,6,1923831,4.3,7371,7111,260,High
St0115,2024,April,320,112,15,49,3,199680,69.2,3,3,1996800,3.9,8320,8205,115,Medium
St0115,2024,May,418,146,22,50,7,220704,84.0,4,20,1986336,3.5,10032,9857,175,High
St0115,2024,June,437,152,15,40,3,397670,59.5,1,5,5567380,4.6,11362,11212,150,Low
St0115,2024,July,228,79,18,36,5,224808,84.7,2,10,3372120,3.7,6612,6385,227,High
St0115,2024,August,294,102,21,49,8,275184,79.3,3,6,3852576,3.9,7644,7496,148,Medium
St0115,2024,September,258,90,19,51,5,207948,90.6,1,5,3119220,4.7,6708,6550,158,High
St0115,2024,October,343,120,16,51,6,240100,75.1,4,20,3121300,3.7,8575,8265,310,Medium
St0115,2024,November,255,89,16,49,6,162690,68.9,4,16,1952280,3.8,7395,7233,162,Medium
St0115,2024,December,330,115,19,50,5,325380,75.5,4,4,3253800,4.0,9570,9230,340,Medium
St0115,2025,January,422,147,26,49,7,342664,92.7,3,9,4111968,3.8,12238,12161,77,High
St0115,2025,February,265,92,26,44,6,159000,94.7,2,8,1908000,4.7,6360,6198,162,High
St0115,2025,March,314,109,19,53,4,259050,92.6,1,1,3885750,4.2,7850,7702,148,High
St0115,2025,April,485,169,15,30,5,261900,72.7,4,4,3666600,4.6,14550,14356,194,Medium
St0115,2025,May,289,101,13,40,4,216750,61.3,4,4,2167500,3.9,8670,8372,298,Medium
St0115,2025,June,306,107,14,49,5,302940,74.3,3,3,3635280,4.1,9180,8913,267,Medium
St0115,2025,July,484,169,20,32,5,338800,77.9,2,4,4743200,4.6,12100,11977,123,Medium
St0115,2025,August,380,133,20,51,7,376200,64.0,2,10,5643000,3.9,11400,11129,271,Medium
St0115,2025,September,338,118,20,37,6,202800,76.6,0,0,1825200,4.9,8112,7870,242,Medium
St0115,2025,October,444,155,15,36,3,452880,79.0,0,0,4528800,4.5,13320,13049,271,Medium
St0115,2025,November,351,122,22,55,7,368550,79.2,0,0,4791150,4.7,10530,10228,302,Medium
St0115,2025,December,298,104,20,38,8,209196,63.3,3,3,1882764,4.4,8046,7834,212,Medium
St0116,2021,January,91,31,11,55,4,63336,59.8,1,1,760032,4.1,2639,2537,102,Low
St0116,2021,February,84,29,14,46,5,73080,47.2,1,2,730800,4.3,2520,2488,32,Low
St0116,2021,March,72,25,20,41,5,36288,84.5,1,4,471744,4.5,1728,1699,29,High
St0116,2021,April,66,23,17,52,4,54912,63.9,1,4,713856,4.3,1716,1647,69,Medium
St0116,2021,May,69,24,12,33,5,43056,64.0,0,0,602784,4.1,1794,1740,54,Medium
St0116,2021,June,42,14,18,37,6,32928,55.2,3,15,460992,4.1,1176,1159,17,Low
St0116,2021,July,55,19,13,38,3,50050,45.7,1,2,500500,3.9,1430,1421,9,Low
St0116,2021,August,90,31,10,39,5,73080,45.2,2,6,730800,4.1,2610,2548,62,Low
St0116,2021,September,44,15,14,47,3,35904,71.2,0,0,323136,4.5,1056,1035,21,Medium
St0116,2021,October,93,32,13,50,4,75516,68.9,0,0,830676,3.8,2604,2528,76,Medium
St0116,2021,November,48,16,18,47,4,32256,82.2,4,20,419328,4.3,1152,1122,30,High
St0116,2021,December,89,31,9,46,2,55536,48.1,4,8,777504,3.7,2314,2233,81,Low
St0116,2022,January,110,38,21,45,8,79750,81.3,2,2,1196250,3.7,2750,2676,74,High
St0116,2022,February,112,39,14,43,6,98000,49.8,1,3,980000,4.6,2800,2727,73,Low
St0116,2022,March,74,25,18,30,4,51948,56.0,4,20,779220,4.1,1998,1924,74,Low
St0116,2022,April,113,39,17,39,7,59664,68.0,0,0,596640,4.7,2712,2615,97,Medium
St0116,2022,May,115,40,17,51,7,100050,74.0,2,4,1000500,4.6,3335,3232,103,Medium
St0116,2022,June,108,37,19,39,4,100224,83.6,2,8,1603584,4.0,3132,3046,86,High
St0116,2022,July,96,33,19,44,6,45600,59.6,3,6,592800,4.3,2400,2368,32,Low
St0116,2022,August,78,27,15,52,3,64896,73.3,0,0,843648,4.9,2028,1962,66,Medium
St0116,2022,September,83,29,11,31,4,55776,59.2,3,15,725088,3.6,1992,1927,65,Low
St0116,2022,October,90,31,13,41,3,57420,65.5,3,15,803880,4.6,2610,2569,41,Medium
St0116,2022,November,70,24,17,45,5,32760,81.9,0,0,425880,4.3,1820,1801,19,High
St0116,2022,December,129,45,21,51,7,69660,77.7,0,0,766260,4.9,3483,3456,27,Medium
St0116,2023,January,135,47,14,36,3,71820,55.0,4,8,1005480,4.3,3780,3628,152,Low
St0116,2023,February,97,33,22,50,5,78764,77.3,3,6,1023932,4.5,2716,2676,40,Medium
St0116,2023,March,123,43,25,39,6,72324,85.6,2,10,1157184,3.8,3444,3395,49,High
St0116,2023,April,129,45,15,41,6,121905,72.4,2,4,1706670,4.3,3483,3442,41,Medium
St0116,2023,May,134,46,14,36,6,66196,72.5,4,16,595764,3.6,3484,3408,76,Medium
St0116,2023,June,98,34,21,37,8,79968,75.7,0,0,1119552,4.2,2352,2278,74,Medium
St0116,2023,July,102,35,11,46,2,55080,53.2,2,2,771120,4.4,3060,2970,90,Low
St0116,2023,August,75,26,13,36,3,67500,54.7,3,3,1080000,4.0,2250,2232,18,Low
St0116,2023,September,109,38,18,31,5,91560,60.8,2,8,1007160,4.2,3270,3188,82,Medium
St0116,2023,October,155,54,12,30,3,117180,57.1,0,0,1406160,4.6,4340,4253,87,Low
St0116,2023,November,117,40,18,46,4,109512,51.2,1,5,1423656,4.0,3042,2947,95,Low
St0116,2023,December,81,28,15,34,5,82215,75.3,4,4,986580,4.2,2349,2264,85,Medium
St0116,2024,January,116,40,13,52,3,72384,54.7,1,3,651456,3.9,3016,2927,89,Low
St0116,2024,February,150,52,18,53,4,104400,77.7,4,4,1252800,3.7,4350,4176,174,Medium
St0116,2024,March,96,33,15,36,5,75168,59.6,4,8,1127520,3.9,2784,2764,20,Low
St0116,2024,April,104,36,18,39,7,84240,65.1,2,8,1179360,4.1,2808,2753,55,Medium
St0116,2024,May,125,43,13,33,3,101500,63.5,4,4,1624000,3.8,3625,3485,140,Medium
St0116,2024,June,157,54,19,43,6,135648,74.1,3,15,1899072,3.9,3768,3669,99,Medium
St0116,2024,July,92,32,21,35,8,55016,76.4,3,6,495144,4.4,2392,2349,43,Medium
St0116,2024,August,144,50,21,32,5,71136,69.2,3,6,853632,4.1,3744,3693,51,Medium
St0116,2024,September,121,42,23,37,5,66066,92.7,0,0,726726,4.6,3146,3105,41,High
St0116,2024,October,154,53,14,44,5,101640,55.7,1,2,1118040,4.1,4620,4448,172,Low
St0116,2024,November,166,58,19,31,4,90636,66.8,2,10,1268904,4.6,4316,4176,140,Medium
St0116,2024,December,87,30,22,30,8,49764,93.8,4,4,497640,3.7,2262,2215,47,High
St0116,2025,January,112,39,16,37,5,67200,73.9,3,12,1075200,4.5,2688,2618,70,Medium
St0116,2025,February,146,51,21,49,5,69350,80.0,4,4,1109600,4.1,3650,3551,99,Medium
St0116,2025,March,105,36,21,33,8,88200,92.7,4,16,882000,4.0,3150,3120,30,High
St0116,2025,April,96,33,18,35,5,86400,74.8,3,9,1382400,3.9,2400,2380,20,Medium
St0116,2025,May,123,43,19,32,5,67773,79.8,4,16,813276,3.7,3567,3497,70,Medium
St0116,2025,June,139,48,18,30,6,67554,93.4,0,0,743094,4.1,3753,3624,129,High
St0116,2025,July,177,61,23,45,5,107793,77.7,2,4,1293516,3.7,5133,4954,179,Medium
St0116,2025,August,169,59,20,40,5,136214,83.4,4,12,1770782,4.3,4394,4302,92,High
St0116,2025,September,117,40,21,45,6,61074,81.4,2,6,549666,3.8,3393,3355,38,High
St0116,2025,October,116,40,19,44,6,77372,71.6,0,0,1237952,4.0,3364,3248,116,Medium
St0116,2025,November,104,36,19,48,6,68640,89.1,3,9,686400,3.6,3120,3019,101,High
St0116,2025,December,191,66,12,39,3,82512,57.4,2,4,1320192,3.9,4584,4518,66,Low
St0117,2021,January,88,30,16,49,4,59488,75.8,1,5,832832,3.9,2288,2269,19,Medium
St0117,2021,February,84,29,18,34,7,60480,64.3,0,0,604800,4.1,2016,1956,60,Medium
St0117,2021,March,95,33,19,53,7,74100,60.6,3,15,666900,3.6,2850,2812,38,Medium
St0117,2021,April,153,53,12,48,5,69768,55.8,3,15,767448,3.9,3672,3568,104,Low
St0117,2021,May,82,28,15,50,5,49938,70.3,2,6,649194,4.6,2378,2353,25,Medium
St0117,2021,June,107,37,15,38,6,59920,66.0,2,2,539280,4.4,2996,2900,96,Medium
St0117,2021,July,109,38,18,55,5,79461,58.8,3,15,794610,4.1,2943,2904,39,Low
St0117,2021,August,134,46,18,51,4,113900,74.8,1,5,1822400,4.8,3350,3300,50,Medium
St0117,2021,September,78,27,14,46,3,62400,58.5,3,6,873600,4.3,1950,1923,27,Low
St0117,2021,October,174,60,17,55,5,116058,69.6,3,15,1276638,4.4,5046,4932,114,Medium
St0117,2021,November,112,39,21,47,7,87360,65.8,1,5,960960,3.8,3360,3289,71,Medium
St0117,2021,December,168,58,9,43,4,95760,45.9,3,3,1340640,4.1,5040,4969,71,Low
St0117,2022,January,176,61,12,35,3,128128,61.5,4,4,1793792,4.3,4576,4519,57,Medium
St0117,2022,February,92,32,17,42,5,81972,72.0,0,0,1147608,3.9,2484,2413,71,Medium
St0117,2022,March,141,49,15,47,4,122670,70.7,2,8,1472040,4.6,4230,4117,113,Medium
St0117,2022,April,123,43,19,54,4,75768,56.4,1,3,909216,4.7,3444,3401,43,Low
St0117,2022,May,128,44,18,47,6,76544,61.9,4,8,1148160,4.3,3328,3214,114,Medium
St0117,2022,June,99,34,21,53,6,54549,87.5,2,8,600039,4.1,2871,2766,105,High
St0117,2022,July,148,51,15,35,6,103600,62.4,1,2,1450400,4.5,4144,3996,148,Medium
St0117,2022,August,97,33,21,44,7,53544,87.8,1,3,481896,4.5,2328,2272,56,High
St0117,2022,September,96,33,23,36,6,50112,78.9,0,0,451008,4.7,2784,2695,89,Medium
St0117,2022,October,231,80,18,34,5,207669,74.7,3,12,3322704,4.2,6699,6454,245,Medium
St0117,2022,November,185,64,13,46,5,143375,49.2,2,6,2150625,4.6,4625,4584,41,Low
St0117,2022,December,180,62,15,46,4,120960,75.8,2,4,1330560,4.0,4320,4270,50,Medium
St0117,2023,January,179,62,21,53,7,111875,81.1,4,8,1678125,4.5,4475,4445,30,High
St0117,2023,February,145,50,20,40,5,90480,86.1,4,16,1266720,3.9,3480,3414,66,High
St0117,2023,March,127,44,13,33,4,117348,64.5,0,0,1877568,4.9,3556,3446,110,Medium
St0117,2023,April,170,59,16,37,5,73440,73.8,1,1,807840,4.0,4080,3953,127,Medium
St0117,2023,May,236,82,19,55,5,127440,75.3,3,3,1911600,4.2,6372,6264,108,Medium
St0117,2023,June,153,53,16,38,4,124236,81.2,3,12,1490832,4.4,4437,4282,155,High
St0117,2023,July,144,50,17,35,7,96768,51.4,2,10,1257984,4.7,3456,3434,22,Low
St0117,2023,August,102,35,14,34,3,49572,55.4,3,3,743580,3.9,2754,2658,96,Low
St0117,2023,September,219,76,13,54,4,118260,63.6,2,10,1537380,3.9,5913,5728,185,Medium
St0117,2023,October,184,64,21,43,5,154560,88.9,4,12,2163840,3.9,5520,5318,202,High
St0117,2023,November,120,42,19,36,7,95040,88.5,2,2,1235520,4.3,2880,2809,71,High
St0117,2023,December,271,94,19,34,7,219510,78.9,1,2,3512160,4.6,8130,7999,131,Medium
St0117,2024,January,125,43,21,54,7,98000,81.0,2,4,980000,3.7,3500,3408,92,High
St0117,2024,February,211,73,15,40,3,147700,66.2,2,4,1772400,4.2,5275,5205,70,Medium
St0117,2024,March,191,66,13,39,6,137520,63.3,0,0,1925280,4.5,4584,4518,66,Medium
St0117,2024,April,122,42,20,53,8,80520,89.5,1,2,1046760,4.7,3660,3617,43,High
St0117,2024,May,226,79,23,50,6,176958,85.3,1,3,2831328,4.4,6102,5932,170,High
St0117,2024,June,243,85,13,41,5,176175,59.5,4,4,2642625,4.4,7047,6913,134,Low
St0117,2024,July,234,81,18,39,4,135720,57.5,0,0,1764360,4.7,6786,6531,255,Low
St0117,2024,August,236,82,12,41,6,178416,62.7,0,0,2140992,4.8,6608,6535,73,Medium
St0117,2024,September,138,48,19,37,4,78660,87.0,0,0,707940,4.4,4140,3992,148,High
St0117,2024,October,234,81,21,36,8,170352,67.6,2,4,2044224,4.4,6552,6461,91,Medium
St0117,2024,November,150,52,24,47,9,81900,93.6,0,0,1064700,4.6,3900,3830,70,High
St0117,2024,December,247,86,20,54,5,157586,72.9,3,3,2048618,4.4,7163,6905,258,Medium
St0117,2025,January,274,95,27,53,6,163852,96.5,3,15,1966224,4.4,7124,7024,100,High
St0117,2025,February,211,73,23,42,8,208890,85.2,3,12,2715570,4.2,6330,6131,199,High
St0117,2025,March,134,46,18,40,7,120466,69.3,0,0,1566058,4.8,3886,3846,40,Medium
St0117,2025,April,173,60,23,38,8,166080,86.5,0,0,2491200,4.7,5190,5139,51,High
St0117,2025,May,248,86,17,50,6,219232,83.1,2,10,2192320,4.7,6448,6227,221,High
St0117,2025,June,233,81,16,44,7,157508,66.9,4,4,2362620,4.1,6058,5946,112,Medium
St0117,2025,July,235,82,16,53,7,129250,80.0,3,3,1809500,3.9,5875,5755,120,Medium
St0117,2025,August,191,66,25,38,7,177248,90.1,0,0,2304224,4.7,5539,5472,67,High
St0117,2025,September,239,83,15,41,3,217490,74.7,3,12,2174900,3.9,6214,5979,235,Medium
St0117,2025,October,332,116,22,45,6,249000,95.3,0,0,3735000,4.5,9960,9830,130,High
St0117,2025,November,309,108,23,30,6,150174,83.9,1,3,1351566,4.2,8343,8280,63,High
St0117,2025,December,204,71,16,37,5,108528,59.7,1,3,1410864,4.5,5712,5545,167,Low
St0118,2021,January,63,22,17,31,5,58968,69.4,3,15,530712,4.2,1638,1606,32,Medium
St0118,2021,February,47,16,15,45,3,31772,75.8,2,8,381264,4.7,1222,1212,10,Medium
St0118,2021,March,66,23,23,34,8,59334,77.2,4,4,652674,3.7,1914,1893,21,Medium
St0118,2021,April,61,21,17,34,7,33306,62.7,3,6,366366,4.6,1586,1556,30,Medium
St0118,2021,May,76,26,18,54,4,66500,84.7,3,3,665000,4.6,1900,1871,29,High
St0118,2021,June,80,28,11,54,2,34560,58.3,3,3,311040,4.6,1920,1902,18,Low
St0118,2021,July,75,26,14,45,6,54000,57.2,2,4,648000,4.5,1800,1781,19,Low
St0118,2021,August,63,22,12,45,4,51408,49.1,1,5,668304,4.0,1512,1468,44,Low
St0118,2021,September,69,24,16,31,7,46368,64.2,2,2,417312,3.9,1656,1604,52,Medium
St0118,2021,October,80,28,15,48,3,67200,48.6,4,16,739200,4.1,2400,2352,48,Low
St0118,2021,November,47,16,9,45,4,31020,49.9,4,20,310200,3.9,1410,1360,50,Low
St0118,2021,December,53,18,16,32,7,29680,45.6,4,4,415520,4.1,1484,1434,50,Low
St0118,2022,January,46,16,20,51,6,25760,68.9,0,0,360640,4.3,1288,1251,37,Medium
St0118,2022,February,88,30,13,30,5,61248,69.6,0,0,551232,4.0,2552,2518,34,Medium
St0118,2022,March,63,22,21,50,7,43848,85.9,0,0,657720,4.7,1827,1815,12,High
St0118,2022,April,86,30,12,54,3,46440,53.3,1,5,603720,4.0,2580,2500,80,Low
St0118,2022,May,86,30,21,38,8,76024,71.0,4,4,760240,3.6,2236,2156,80,Medium
St0118,2022,June,46,16,17,51,4,41400,63.8,2,6,538200,4.5,1380,1363,17,Medium
St0118,2022,July,55,19,14,37,5,46200,55.1,1,2,600600,4.8,1320,1279,41,Low
St0118,2022,August,81,28,21,50,7,70470,68.1,1,3,1127520,4.4,2430,2354,76,Medium
St0118,2022,September,99,34,17,51,5,88209,87.7,4,16,882090,4.6,2673,2640,33,High
St0118,2022,October,95,33,22,49,5,50160,84.9,0,0,551760,4.0,2280,2196,84,High
St0118,2022,November,83,29,12,32,4,68475,54.3,1,2,821700,4.7,2075,2007,68,Low
St0118,2022,December,55,19,20,37,8,47520,67.9,3,15,522720,4.0,1320,1273,47,Medium
St0118,2023,January,70,24,18,39,4,60760,83.2,0,0,850640,4.3,1960,1884,76,High
St0118,2023,February,105,36,19,46,7,55440,72.9,2,2,554400,3.8,2520,2494,26,Medium
St0118,2023,March,85,29,19,36,5,39780,90.2,3,15,517140,4.3,2210,2169,41,High
St0118,2023,April,89,31,12,30,6,44856,52.6,1,4,448560,4.2,2492,2448,44,Low
St0118,2023,May,55,19,20,53,5,57750,89.3,1,1,924000,3.8,1650,1606,44,High
St0118,2023,June,73,25,18,44,7,53217,65.8,0,0,798255,4.3,1971,1949,22,Medium
St0118,2023,July,56,19,16,52,4,37800,62.3,0,0,604800,4.3,1512,1485,27,Medium
St0118,2023,August,111,38,16,38,7,77700,75.4,2,2,932400,3.7,2775,2701,74,Medium
St0118,2023,September,78,27,19,41,5,67860,75.2,2,2,746460,3.7,2262,2240,22,Medium
St0118,2023,October,113,39,15,41,5,75936,58.6,0,0,1139040,4.1,2712,2634,78,Low
St0118,2023,November,121,42,17,40,6,90750,79.1,1,3,816750,3.8,3630,3557,73,Medium
St0118,2023,December,77,26,22,46,8,68607,80.2,1,5,823284,4.0,2079,2051,28,High
St0118,2024,January,132,46,13,33,4,102960,63.4,4,8,926640,4.5,3432,3396,36,Medium
St0118,2024,February,114,39,18,53,7,57456,84.2,0,0,689472,3.8,2736,2688,48,High
St0118,2024,March,69,24,18,31,7,55890,86.6,2,10,614790,4.7,1863,1796,67,High
St0118,2024,April,80,28,21,30,6,65280,80.8,0,0,848640,4.2,1920,1849,71,High
St0118,2024,May,130,45,15,30,3,62400,75.3,0,0,748800,4.8,3120,3082,38,Medium
St0118,2024,June,81,28,18,35,7,53460,73.9,2,6,694980,4.4,2430,2406,24,Medium
St0118,2024,July,124,43,22,33,8,78120,76.7,3,6,937440,3.9,3720,3667,53,Medium
St0118,2024,August,92,32,18,31,5,44160,56.4,2,6,574080,3.9,2208,2129,79,Low
St0118,2024,September,65,22,22,52,6,60060,77.7,1,4,600600,3.9,1820,1747,73,Medium
St0118,2024,October,95,33,19,45,7,83125,90.1,0,0,1330000,4.2,2375,2320,55,High
St0118,2024,November,91,31,18,41,6,79625,90.4,3,15,875875,3.6,2275,2249,26,High
St0118,2024,December,151,52,23,36,7,87580,79.8,0,0,963380,4.0,4379,4206,173,Medium
St0118,2025,January,113,39,20,30,5,70625,79.5,2,6,706250,4.2,2825,2783,42,Medium
St0118,2025,February,83,29,19,55,5,64740,62.4,0,0,1035840,4.1,2490,2423,67,Medium
St0118,2025,March,119,41,16,36,5,107100,69.4,2,6,1392300,4.4,3570,3456,114,Medium
St0118,2025,April,105,36,15,34,5,56700,79.5,3,6,510300,4.5,3150,3102,48,Medium
St0118,2025,May,139,48,20,43,5,101331,84.1,4,20,1317303,3.9,3753,3608,145,High
St0118,2025,June,122,42,17,37,7,84912,88.2,2,8,1103856,4.5,2928,2818,110,High
St0118,2025,July,119,41,18,30,6,62475,88.1,3,15,624750,3.9,2975,2865,110,High
St0118,2025,August,67,23,20,48,5,43148,89.8,1,2,690368,4.7,1876,1827,49,High
St0118,2025,September,122,42,21,39,8,127368,74.4,1,2,1783152,4.4,3538,3504,34,Medium
St0118,2025,October,122,42,15,44,4,73200,59.2,0,0,1171200,4.4,3660,3631,29,Low
St0118,2025,November,99,34,17,41,5,74250,59.0,2,8,965250,4.1,2970,2929,41,Low
St0118,2025,December,110,38,18,44,5,95040,89.5,2,4,1330560,4.4,2970,2855,115,High
St0119,2021,January,30,10,14,43,3,23760,52.3,1,2,261360,4.5,720,706,14,Low
St0119,2021,February,38,13,14,31,6,32832,59.5,4,20,492480,4.0,912,905,7,Low
St0119,2021,March,62,21,16,47,7,29016,62.5,0,0,377208,4.0,1612,1562,50,Medium
St0119,2021,April,64,22,16,43,7,38400,61.8,4,4,499200,3.9,1536,1507,29,Medium
St0119,2021,May,49,17,17,54,5,43659,47.5,3,6,392931,3.7,1323,1295,28,Low
St0119,2021,June,51,17,19,45,4,27846,65.9,2,4,334152,3.9,1326,1288,38,Medium
St0119,2021,July,51,17,11,51,2,31824,56.8,0,0,318240,4.3,1326,1316,10,Low
St0119,2021,August,40,14,16,35,6,26880,50.7,0,0,376320,3.9,960,924,36,Low
St0119,2021,September,31,10,20,30,7,15066,84.6,0,0,225990,4.0,837,810,27,High
St0119,2021,October,69,24,20,41,5,70035,66.6,1,2,630315,4.0,2001,1941,60,Medium
St0119,2021,November,74,25,15,34,6,51504,62.8,2,2,772560,4.3,1776,1709,67,Medium
St0119,2021,December,62,21,20,41,8,52142,80.4,2,8,625704,4.5,1798,1729,69,High
St0119,2022,January,38,13,21,30,6,19494,69.5,0,0,311904,3.8,1026,1006,20,Medium
St0119,2022,February,58,20,16,54,5,57188,67.1,4,8,629068,3.9,1682,1650,32,Medium
St0119,2022,March,84,29,19,31,7,55440,74.7,4,8,554400,4.0,2520,2497,23,Medium
St0119,2022,April,66,23,17,35,4,41580,85.1,4,8,540540,4.2,1980,1945,35,High
St0119,2022,May,71,24,15,47,6,40612,51.0,4,8,609180,3.8,1846,1818,28,Low
St0119,2022,June,71,24,13,55,6,44304,62.7,4,20,443040,4.4,1846,1801,45,Medium
St0119,2022,July,77,26,13,54,3,48048,69.1,4,12,768768,4.1,2002,1983,19,Medium
St0119,2022,August,47,16,16,36,5,27260,71.3,1,4,327120,3.8,1363,1313,50,Medium
St0119,2022,September,43,15,11,30,4,31304,56.3,2,2,500864,3.7,1204,1183,21,Low
St0119,2022,October,92,32,20,36,5,96600,63.5,0,0,1449000,4.5,2760,2736,24,Medium
St0119,2022,November,86,30,16,40,6,49536,48.4,2,10,544896,4.4,2064,1999,65,Low
St0119,2022,December,71,24,18,53,7,35500,67.0,2,8,568000,4.3,1775,1732,43,Medium
St0119,2023,January,46,16,14,39,4,39928,66.0,4,8,638848,4.5,1288,1254,34,Medium
St0119,2023,February,46,16,19,53,7,19872,79.8,4,16,178848,3.6,1104,1091,13,Medium
St0119,2023,March,76,26,19,52,5,59584,57.9,3,12,774592,4.0,2128,2051,77,Low
St0119,2023,April,97,33,14,43,6,58200,58.5,1,3,756600,4.7,2910,2817,93,Low
St0119,2023,May,65,22,23,38,6,35815,88.8,4,16,358150,4.2,1885,1871,14,High
St0119,2023,June,64,22,16,36,7,41600,60.2,2,10,540800,3.9,1664,1644,20,Medium
St0119,2023,July,93,32,14,31,4,64728,63.0,3,15,906192,3.8,2697,2648,49,Medium
St0119,2023,August,51,17,20,40,6,47124,71.6,4,8,753984,4.4,1428,1385,43,Medium
St0119,2023,September,52,18,19,34,7,35880,65.3,2,10,466440,4.3,1560,1498,62,Medium
St0119,2023,October,89,31,12,37,6,72268,57.3,3,3,650412,4.6,2581,2563,18,Low
St0119,2023,November,58,20,13,43,5,27840,51.2,2,8,445440,4.0,1392,1344,48,Low
St0119,2023,December,59,20,14,48,4,44250,52.2,4,4,663750,3.9,1475,1433,42,Low
St0119,2024,January,107,37,18,31,5,93090,76.7,4,8,930900,3.7,3210,3119,91,Medium
St0119,2024,February,52,18,19,36,6,53040,76.6,1,2,689520,4.3,1560,1502,58,Medium
St0119,2024,March,69,24,20,42,8,57960,82.6,3,6,695520,4.4,2070,2037,33,High
St0119,2024,April,102,35,15,31,5,50388,63.8,4,4,705432,4.6,2652,2586,66,Medium
St0119,2024,May,79,27,21,32,8,51350,81.3,4,12,770250,4.5,2054,1980,74,High
St0119,2024,June,112,39,20,51,5,99792,81.9,2,10,997920,4.7,3024,2944,80,High
St0119,2024,July,60,21,20,30,5,30240,78.9,0,0,483840,4.9,1440,1388,52,Medium
St0119,2024,August,101,35,14,53,3,65044,67.6,0,0,1040704,4.6,2828,2719,109,Medium
St0119,2024,September,56,19,11,53,4,26208,56.6,4,16,340704,4.5,1456,1437,19,Low
St0119,2024,October,70,24,15,45,3,44100,63.3,4,8,485100,3.8,2100,2016,84,Medium
St0119,2024,November,86,30,16,52,5,40850,79.3,1,4,531050,4.4,2150,2104,46,Medium
St0119,2024,December,137,47,15,41,4,121108,63.6,1,2,1453296,4.3,3562,3522,40,Medium
St0119,2025,January,107,37,18,30,7,99296,86.5,3,15,1489440,3.7,3103,3002,101,High
St0119,2025,February,77,26,19,33,7,54054,78.7,1,4,486486,4.5,2079,2030,49,Medium
St0119,2025,March,88,30,12,39,3,47520,60.5,1,5,570240,4.4,2376,2284,92,Medium
St0119,2025,April,78,27,11,55,2,44616,58.7,2,4,535392,4.5,2028,1982,46,Low
St0119,2025,May,66,23,22,42,7,56628,73.2,4,12,849420,3.8,1716,1688,28,Medium
St0119,2025,June,85,29,20,36,6,68000,80.3,4,8,816000,4.4,2125,2110,15,High
St0119,2025,July,118,41,22,37,6,99120,91.2,1,2,1090320,4.0,3304,3247,57,High
St0119,2025,August,81,28,13,40,4,48114,60.2,2,2,769824,3.7,2187,2113,74,Medium
St0119,2025,September,104,36,22,32,8,51376,95.2,4,16,719264,3.5,2704,2632,72,High
St0119,2025,October,97,33,15,38,6,70616,64.4,0,0,988624,4.3,2522,2452,70,Medium
St0119,2025,November,102,35,21,40,7,65076,70.9,3,12,1041216,3.7,2958,2886,72,Medium
St0119,2025,December,105,36,21,31,6,110250,85.9,3,15,1212750,3.8,3150,3070,80,High
St0120,2021,January,161,56,20,48,7,102718,69.5,4,16,1438052,4.4,4669,4487,182,Medium
St0120,2021,February,138,48,15,46,4,108054,65.5,4,16,1728864,3.7,3726,3690,36,Medium
St0120,2021,March,143,50,17,53,4,85514,60.5,3,6,1368224,4.1,3718,3628,90,Medium
St0120,2021,April,107,37,16,34,5,86670,67.5,3,6,780030,4.2,3210,3124,86,Medium
St0120,2021,May,75,26,15,30,5,36000,71.8,2,2,324000,4.0,1800,1779,21,Medium
St0120,2021,June,116,40,13,46,6,93496,63.1,0,0,1308944,4.7,3016,2927,89,Medium
St0120,2021,July,93,32,12,51,6,48360,52.8,1,1,677040,4.1,2418,2356,62,Low
St0120,2021,August,118,41,16,33,6,103250,48.7,1,1,1239000,4.4,2950,2899,51,Low
St0120,2021,September,104,36,12,50,4,81432,63.6,4,4,1221480,4.1,2808,2730,78,Medium
St0120,2021,October,169,59,12,41,3,127764,51.5,3,9,1277640,4.5,4732,4671,61,Low
St0120,2021,November,96,33,15,42,3,84864,71.0,1,5,1188096,3.7,2496,2428,68,Medium
St0120,2021,December,179,62,18,43,4,93438,58.4,1,4,1027818,4.8,5191,4992,199,Low
St0120,2022,January,128,44,11,41,2,126720,58.5,3,9,1393920,4.1,3840,3697,143,Low
St0120,2022,February,96,33,14,34,4,73728,56.7,2,4,1032192,4.1,2304,2292,12,Low
St0120,2022,March,86,30,22,40,7,67424,87.5,1,4,606816,4.1,2408,2316,92,High
St0120,2022,April,187,65,18,52,5,119306,82.2,4,12,1431672,4.4,5423,5249,174,High
St0120,2022,May,145,50,17,39,4,130355,53.6,4,12,1433905,4.3,4205,4181,24,Low
St0120,2022,June,94,32,16,43,4,47000,57.4,3,6,611000,4.0,2350,2313,37,Low
St0120,2022,July,131,45,23,42,8,75325,87.6,4,20,903900,4.4,3275,3153,122,High
St0120,2022,August,141,49,20,42,6,91368,63.6,4,8,1461888,3.9,3384,3349,35,Medium
St0120,2022,September,124,43,11,31,5,83328,53.0,4,12,1166592,3.6,3472,3439,33,Low
St0120,2022,October,225,78,11,31,3,163800,57.4,3,3,2293200,3.8,5850,5636,214,Low
St0120,2022,November,176,61,17,39,4,147840,81.5,1,3,2365440,4.3,4224,4190,34,High
St0120,2022,December,103,36,12,55,5,61594,60.2,0,0,985504,4.5,2678,2592,86,Medium
St0120,2023,January,108,37,19,46,6,112752,70.5,4,4,1240272,4.5,3132,3022,110,Medium
St0120,2023,February,101,35,16,46,6,84941,55.4,2,10,1274115,3.9,2929,2897,32,Low
St0120,2023,March,122,42,20,50,7,116144,72.2,0,0,1161440,3.8,3416,3288,128,Medium
St0120,2023,April,123,43,17,33,5,92742,78.6,4,12,1112904,4.1,3567,3430,137,Medium
St0120,2023,May,228,79,10,41,3,191520,54.5,4,12,1915200,4.3,5472,5257,215,Low
St0120,2023,June,177,61,12,44,6,153990,56.0,3,3,2155860,4.3,5310,5185,125,Low
St0120,2023,July,163,57,17,33,4,117360,73.3,2,8,1056240,4.6,4890,4781,109,Medium
St0120,2023,August,107,37,16,42,5,71369,53.5,0,0,785059,4.1,3103,2980,123,Low
St0120,2023,September,156,54,13,52,3,89232,61.2,2,4,1249248,4.2,4056,4003,53,Medium
St0120,2023,October,254,88,24,33,7,224536,81.6,1,4,2469896,4.4,6604,6402,202,High
St0120,2023,November,165,57,23,45,6,136125,84.7,0,0,1225125,4.3,4125,4000,125,High
St0120,2023,December,244,85,24,39,8,176900,82.0,4,12,2476600,4.0,7076,6891,185,High
St0120,2024,January,214,74,16,55,7,192386,55.3,3,6,3078176,4.1,6206,5967,239,Low
St0120,2024,February,174,60,17,30,7,133632,80.7,0,0,1202688,3.9,4176,4040,136,High
St0120,2024,March,173,60,20,31,8,108990,70.0,1,1,1634850,4.8,5190,5124,66,Medium
St0120,2024,April,227,79,23,30,8,153225,86.7,3,9,1532250,4.3,6129,6068,61,High
St0120,2024,May,224,78,12,35,3,203840,58.4,3,9,3057600,3.6,5824,5639,185,Low
St0120,2024,June,267,93,22,31,6,233625,78.2,0,0,3270750,4.3,6675,6591,84,Medium
St0120,2024,July,188,65,22,51,8,152656,78.4,3,6,1373904,4.0,5264,5163,101,Medium
St0120,2024,August,153,53,12,31,5,72675,59.2,2,8,1162800,4.3,3825,3704,121,Low
St0120,2024,September,165,57,15,38,3,124740,75.9,3,12,1621620,4.0,4455,4320,135,Medium
St0120,2024,October,190,66,15,48,3,95760,73.2,2,10,861840,4.5,4560,4483,77,Medium
St0120,2024,November,190,66,22,46,5,104500,77.1,2,4,1254000,4.3,4750,4692,58,Medium
St0120,2024,December,156,54,18,55,4,101088,91.3,1,2,1617408,4.5,3744,3601,143,High
St0120,2025,January,155,54,13,51,5,167400,66.5,0,0,1841400,4.7,4650,4515,135,Medium
St0120,2025,February,242,84,18,37,5,161414,59.7,2,8,1775554,4.6,7018,6802,216,Low
St0120,2025,March,218,76,19,55,5,207536,66.2,4,16,3113040,4.5,6104,6040,64,Medium
St0120,2025,April,152,53,23,47,5,98496,83.6,1,5,1477440,4.5,4104,3968,136,High
St0120,2025,May,201,70,19,38,7,114972,70.5,4,8,1494636,4.4,5226,5116,110,Medium
St0120,2025,June,158,55,14,48,4,127980,74.0,1,3,1151820,4.0,4266,4163,103,Medium
St0120,2025,July,161,56,25,37,7,91770,93.5,2,4,1009470,4.2,4830,4751,79,High
St0120,2025,August,287,100,17,42,5,193725,82.8,2,10,1937250,4.2,7175,6931,244,High
St0120,2025,September,161,56,19,34,4,147798,96.9,3,9,2364768,4.6,4347,4198,149,High
St0120,2025,October,218,76,11,37,2,206010,57.1,4,20,1854090,4.1,5886,5815,71,Low
St0120,2025,November,223,78,21,32,8,139152,75.7,3,9,2226432,4.6,5798,5677,121,Medium
St0120,2025,December,234,81,14,48,4,133848,58.1,1,4,1472328,4.6,6084,5929,155,Low
St0121,2021,January,118,41,18,49,5,96288,84.9,0,0,1444320,4.2,2832,2786,46,High
St0121,2021,February,73,25,13,37,5,36062,65.4,2,4,396682,4.4,1898,1831,67,Medium
St0121,2021,March,83,29,15,44,4,55776,59.1,3,3,613536,3.7,2324,2241,83,Low
St0121,2021,April,68,23,17,37,4,38760,46.9,0,0,581400,4.8,2040,1964,76,Low
St0121,2021,May,105,36,16,46,4,68250,59.5,4,4,1023750,3.9,2730,2681,49,Low
St0121,2021,June,55,19,20,33,5,27720,61.7,3,15,304920,4.2,1320,1290,30,Medium
St0121,2021,July,65,22,18,36,4,30875,53.8,1,2,277875,4.5,1625,1608,17,Low
St0121,2021,August,123,43,23,33,6,73554,79.1,3,3,882648,4.6,3198,3096,102,Medium
St0121,2021,September,115,40,24,34,8,66240,84.8,4,12,596160,4.4,2760,2684,76,High
St0121,2021,October,125,43,13,48,5,122500,54.3,3,9,1347500,3.9,3500,3371,129,Low
St0121,2021,November,136,47,21,34,5,146880,84.1,2,6,2056320,4.3,4080,3993,87,High
St0121,2021,December,76,26,16,43,4,41040,52.8,4,4,533520,3.7,2052,1971,81,Low
St0121,2022,January,80,28,17,35,4,67200,85.2,1,4,739200,4.8,2400,2362,38,High
St0121,2022,February,114,39,15,52,4,96900,73.3,1,4,1162800,4.7,2850,2763,87,Medium
St0121,2022,March,155,54,21,30,6,127875,70.8,2,2,1534500,3.7,3875,3819,56,Medium
St0121,2022,April,95,33,18,43,7,80750,85.5,2,8,888250,4.3,2375,2350,25,High
St0121,2022,May,77,26,17,50,6,66528,70.3,0,0,864864,4.2,1848,1777,71,Medium
St0121,2022,June,70,24,18,38,6,30240,61.8,4,12,302400,4.5,1680,1649,31,Medium
St0121,2022,July,110,38,21,44,7,74360,72.1,1,4,966680,4.7,2860,2814,46,Medium
St0121,2022,August,79,27,16,55,5,47400,60.7,4,4,616200,3.8,1896,1862,34,Medium
St0121,2022,September,157,54,15,45,4,109900,58.4,2,2,1428700,3.8,3925,3893,32,Low
St0121,2022,October,79,27,18,42,6,50876,70.0,0,0,712264,4.6,2212,2145,67,Medium
St0121,2022,November,90,31,20,40,7,74250,81.7,1,2,891000,4.4,2250,2208,42,High
St0121,2022,December,103,36,19,42,4,77662,87.2,3,12,931944,4.2,2987,2881,106,High
St0121,2023,January,146,51,23,42,7,110376,85.2,2,6,1324512,4.7,3942,3792,150,High
St0121,2023,February,133,46,16,41,7,85652,54.2,2,4,1027824,4.7,3724,3689,35,Low
St0121,2023,March,91,31,22,39,6,95550,77.7,3,6,1528800,4.5,2730,2690,40,Medium
St0121,2023,April,152,53,21,32,5,90288,81.5,3,12,1444608,3.7,4104,4009,95,High
St0121,2023,May,111,38,14,40,4,108780,51.9,2,2,1305360,4.5,3108,3086,22,Low
St0121,2023,June,117,40,12,45,4,78624,53.8,0,0,1022112,4.0,2808,2734,74,Low
St0121,2023,July,108,37,17,37,5,87696,77.9,2,6,876960,4.4,3024,2979,45,Medium
St0121,2023,August,91,31,21,51,7,44954,80.5,0,0,494494,4.0,2366,2320,46,High
St0121,2023,September,132,46,14,50,6,66528,52.4,4,12,598752,3.7,3168,3108,60,Low
St0121,2023,October,122,42,19,47,4,91500,73.2,2,2,1006500,3.9,3050,2933,117,Medium
St0121,2023,November,163,57,18,43,5,131378,61.8,0,0,1576536,3.8,4238,4173,65,Medium
St0121,2023,December,212,74,18,49,6,207760,60.3,2,8,1869840,4.6,5936,5728,208,Medium
St0121,2024,January,157,54,23,48,7,122460,87.4,0,0,1469520,4.8,4710,4574,136,High
St0121,2024,February,184,64,16,42,7,149408,56.8,3,12,2241120,4.1,5152,5047,105,Low
St0121,2024,March,135,47,14,49,6,76950,67.2,3,15,1077300,4.3,4050,3938,112,Medium
St0121,2024,April,118,41,17,41,4,105728,78.8,4,12,951552,4.0,3304,3239,65,Medium
St0121,2024,May,125,43,16,44,6,57000,56.5,1,5,912000,4.5,3000,2980,20,Low
St0121,2024,June,199,69,15,40,3,196214,74.6,0,0,3139424,4.4,5771,5629,142,Medium
St0121,2024,July,121,42,21,37,8,101277,74.1,0,0,1417878,3.8,3267,3169,98,Medium
St0121,2024,August,183,64,18,31,4,137250,67.0,0,0,1235250,4.4,4575,4496,79,Medium
St0121,2024,September,167,58,21,35,5,111389,92.8,1,1,1559446,4.2,4843,4732,111,High
St0121,2024,October,145,50,21,48,5,119625,66.8,4,20,1315875,3.6,3625,3525,100,Medium
St0121,2024,November,190,66,21,54,5,165300,67.9,0,0,1653000,4.2,5700,5641,59,Medium
St0121,2024,December,231,80,17,43,6,133980,57.9,4,12,1875720,4.3,6699,6449,250,Low
St0121,2025,January,108,37,20,46,5,63504,95.9,3,12,889056,4.6,3024,2930,94,High
St0121,2025,February,135,47,24,33,9,98280,84.1,3,12,982800,3.6,3510,3480,30,High
St0121,2025,March,177,61,18,44,6,143724,60.0,1,1,1580964,3.9,4956,4856,100,Low
St0121,2025,April,105,36,17,46,7,76125,69.8,0,0,1141875,4.5,2625,2520,105,Medium
St0121,2025,May,184,64,20,39,5,159712,66.4,0,0,1597120,4.5,5152,5117,35,Medium
St0121,2025,June,138,48,15,43,5,77280,57.4,2,8,1081920,4.7,3864,3823,41,Low
St0121,2025,July,200,70,20,39,8,145000,65.2,4,20,2030000,4.0,5800,5655,145,Medium
St0121,2025,August,185,64,13,44,3,116550,64.9,2,6,1048950,4.0,5550,5450,100,Medium
St0121,2025,September,245,85,18,31,5,137200,57.2,3,12,1646400,4.1,6860,6774,86,Low
St0121,2025,October,207,72,25,49,9,160425,91.2,1,4,1925100,4.1,5175,5101,74,High
St0121,2025,November,167,58,11,32,4,112725,57.3,0,0,1127250,3.9,4175,4055,120,Low
St0121,2025,December,241,84,21,32,5,195692,70.7,1,1,2543996,4.6,6748,6664,84,Medium
St0122,2021,January,73,25,17,45,7,45990,48.9,1,4,413910,4.0,2190,2133,57,Low
St0122,2021,February,91,31,24,37,7,63882,85.0,3,6,702702,4.4,2366,2330,36,High
St0122,2021,March,89,31,20,41,5,55536,85.0,0,0,888576,4.3,2136,2103,33,High
St0122,2021,April,98,34,17,53,5,58212,46.8,4,12,756756,4.5,2646,2598,48,Low
St0122,2021,May,95,33,18,43,7,90440,70.2,1,2,904400,3.7,2660,2607,53,Medium
St0122,2021,June,104,36,22,48,6,67600,70.2,4,8,811200,3.9,2600,2564,36,Medium
St0122,2021,July,129,45,12,55,5,89784,63.9,3,15,1077408,3.7,3096,3047,49,Medium
St0122,2021,August,62,21,14,51,4,63240,61.2,4,4,632400,3.8,1860,1840,20,Medium
St0122,2021,September,89,31,22,35,7,76896,75.4,0,0,1153440,4.8,2136,2079,57,Medium
St0122,2021,October,101,35,12,34,4,79083,49.5,1,2,1028079,4.5,2727,2653,74,Low
St0122,2021,November,125,43,16,54,4,107250,78.1,0,0,1287000,3.9,3250,3122,128,Medium
St0122,2021,December,95,33,15,50,6,51870,55.8,1,3,466830,4.8,2470,2430,40,Low
St0122,2022,January,83,29,19,36,5,60175,81.6,0,0,962800,4.9,2407,2331,76,High
St0122,2022,February,145,50,12,37,6,81200,48.5,4,12,1055600,4.0,4060,3947,113,Low
St0122,2022,March,68,23,11,54,4,57120,59.2,3,9,742560,4.4,2040,1974,66,Low
St0122,2022,April,102,35,15,50,4,51000,55.6,4,8,561000,3.7,2550,2522,28,Low
St0122,2022,May,154,53,12,37,6,94864,56.5,1,4,1328096,4.6,4312,4169,143,Low
St0122,2022,June,122,42,14,53,3,102480,56.4,0,0,1537200,4.3,3416,3290,126,Low
St0122,2022,July,156,54,19,36,4,71136,79.0,3,3,640224,4.1,3744,3656,88,Medium
St0122,2022,August,94,32,23,47,5,84600,80.4,0,0,1353600,4.0,2350,2285,65,High
St0122,2022,September,147,51,14,31,4,89523,70.0,1,3,984753,4.4,4263,4116,147,Medium
St0122,2022,October,90,31,14,31,3,82620,51.0,1,1,1074060,4.8,2430,2394,36,Low
St0122,2022,November,130,45,12,31,4,114920,50.2,0,0,1149200,4.8,3380,3343,37,Low
St0122,2022,December,112,39,22,41,5,93184,85.4,2,10,931840,4.3,2912,2829,83,High
St0122,2023,January,188,65,16,54,5,106596,56.4,2,8,1172556,3.7,5076,4999,77,Low
St0122,2023,February,98,34,12,54,4,97020,56.2,2,8,1067220,4.4,2940,2910,30,Low
St0122,2023,March,180,62,19,51,6,95040,66.9,3,3,1235520,3.7,4320,4298,22,Medium
St0122,2023,April,136,47,22,40,6,102544,84.5,1,1,1538160,3.9,3944,3844,100,High
St0122,2023,May,180,62,12,35,5,153000,52.4,1,2,2295000,3.8,4500,4361,139,Low
St0122,2023,June,168,58,23,53,8,152880,84.5,1,4,1375920,4.4,4368,4286,82,High
St0122,2023,July,165,57,12,43,3,144375,57.5,2,8,2021250,4.6,4125,4019,106,Low
St0122,2023,August,181,63,17,44,5,121632,81.6,0,0,1824480,4.0,4344,4262,82,High
St0122,2023,September,113,39,16,32,5,101587,71.2,3,3,914283,4.0,3277,3230,47,Medium
St0122,2023,October,126,44,16,38,4,73080,51.6,3,12,876960,4.1,3654,3593,61,Low
St0122,2023,November,124,43,15,55,6,111600,69.5,1,2,1004400,4.5,3100,3008,92,Medium
St0122,2023,December,195,68,17,43,4,106470,81.3,1,5,1171170,4.7,5070,4874,196,High
St0122,2024,January,176,61,20,53,8,114048,89.7,2,10,1482624,4.7,4224,4108,116,High
St0122,2024,February,125,43,23,45,5,73500,75.7,0,0,735000,4.7,3500,3365,135,Medium
St0122,2024,March,129,45,12,40,4,87204,62.8,2,6,1308060,4.0,3354,3274,80,Medium
St0122,2024,April,117,40,18,50,6,105183,70.4,1,1,1051830,4.1,3393,3271,122,Medium
St0122,2024,May,198,69,23,38,6,149688,92.3,2,6,1945944,4.4,5346,5276,70,High
St0122,2024,June,137,47,21,50,5,78364,73.5,0,0,1175460,3.9,3562,3539,23,Medium
St0122,2024,July,216,75,20,41,7,193536,63.8,0,0,2515968,4.8,6048,5866,182,Medium
St0122,2024,August,218,76,13,32,3,105948,69.3,3,3,953532,3.7,5886,5762,124,Medium
St0122,2024,September,95,33,20,53,7,69255,77.1,1,1,900315,4.5,2565,2491,74,Medium
St0122,2024,October,223,78,17,49,5,207390,63.7,4,4,2281290,4.1,6690,6438,252,Medium
St0122,2024,November,137,47,20,36,8,92475,84.1,2,2,924750,4.7,3699,3577,122,High
St0122,2024,December,133,46,15,47,5,86450,74.5,3,9,1383200,4.0,3458,3371,87,Medium
St0122,2025,January,158,55,24,38,9,132878,81.1,3,3,1727414,4.0,4582,4483,99,High
St0122,2025,February,240,84,26,30,6,190080,92.5,3,6,2090880,3.8,5760,5710,50,High
St0122,2025,March,147,51,20,33,8,127890,89.9,2,6,1534680,4.2,4410,4344,66,High
St0122,2025,April,167,58,19,47,7,164662,57.5,2,6,1646620,4.2,4843,4775,68,Low
St0122,2025,May,235,82,23,38,8,162150,80.7,4,12,2594400,4.1,7050,6860,190,High
St0122,2025,June,205,71,18,39,4,105165,60.2,0,0,1472310,4.9,5535,5370,165,Medium
St0122,2025,July,114,39,20,44,5,65208,90.4,2,4,912912,4.3,2964,2926,38,High
St0122,2025,August,131,45,22,45,7,106372,90.8,2,4,1382836,4.3,3668,3600,68,High
St0122,2025,September,242,84,20,47,6,147378,94.1,0,0,1915914,4.1,7018,6828,190,High
St0122,2025,October,271,94,12,54,4,180757,61.2,0,0,1988327,4.2,7859,7767,92,Medium
St0122,2025,November,184,64,18,55,4,170752,94.0,3,6,2049024,3.7,5336,5177,159,High
St0122,2025,December,186,65,22,37,8,110484,96.2,0,0,1325808,4.9,5022,4920,102,High
St0123,2021,January,189,66,16,35,7,127008,72.9,1,1,1143072,3.9,5292,5084,208,Medium
St0123,2021,February,205,71,14,52,4,143500,71.1,1,1,2152500,4.3,5125,4970,155,Medium
St0123,2021,March,202,70,15,32,4,199980,77.4,3,6,1999800,4.3,6060,5871,189,Medium
St0123,2021,April,104,36,11,44,4,66976,54.8,1,1,937664,4.5,2912,2863,49,Low
St0123,2021,May,174,60,16,48,4,121104,59.3,3,3,1816560,3.9,5046,4851,195,Low
St0123,2021,June,175,61,14,38,5,94500,48.9,3,12,1323000,4.3,5250,5199,51,Low
St0123,2021,July,213,74,14,53,6,197664,69.2,0,0,3162624,3.9,6177,5993,184,Medium
St0123,2021,August,215,75,17,43,5,180600,73.4,2,2,2889600,4.0,5160,5130,30,Medium
St0123,2021,September,118,41,18,45,6,99120,55.5,3,3,1585920,4.3,2832,2723,109,Low
St0123,2021,October,198,69,15,43,6,137808,49.2,0,0,1653696,4.9,5742,5536,206,Low
St0123,2021,November,171,59,21,39,5,143640,79.2,1,5,1580040,4.8,4104,3958,146,Medium
St0123,2021,December,197,68,12,31,6,174148,60.9,2,10,1741480,4.6,5122,5032,90,Medium
St0123,2022,January,121,42,11,42,2,101277,51.5,3,12,1316601,4.1,3267,3211,56,Low
St0123,2022,February,169,59,16,45,6,158184,65.4,3,15,2372760,3.7,4394,4295,99,Medium
St0123,2022,March,184,64,21,49,5,154008,77.9,2,8,2156112,4.0,4968,4880,88,Medium
St0123,2022,April,177,61,12,52,5,110448,49.6,4,4,1546272,4.1,4248,4087,161,Low
St0123,2022,May,126,44,12,32,3,94500,58.6,2,8,850500,4.1,3780,3670,110,Low
St0123,2022,June,212,74,16,30,6,201824,70.5,3,12,3229184,3.7,5936,5850,86,Medium
St0123,2022,July,146,51,15,52,5,114318,65.9,0,0,1714770,4.5,4234,4134,100,Medium
St0123,2022,August,276,96,13,43,4,200928,65.4,0,0,3214848,4.0,7728,7631,97,Medium
St0123,2022,September,232,81,16,40,7,150800,52.3,0,0,1658800,4.7,6032,5990,42,Low
St0123,2022,October,219,76,15,37,4,178704,57.4,1,3,1608336,3.8,5256,5190,66,Low
St0123,2022,November,134,46,23,33,8,90584,80.7,2,6,1177592,4.7,3484,3460,24,High
St0123,2022,December,186,65,22,41,7,116250,71.1,3,12,1278750,4.2,4650,4571,79,Medium
St0123,2023,January,290,101,10,44,5,243600,53.4,3,15,3410400,4.0,8120,8057,63,Low
St0123,2023,February,279,97,13,31,5,217620,59.1,3,12,2611440,4.0,7254,7096,158,Low
St0123,2023,March,205,71,14,48,4,124845,74.6,3,3,1123605,3.9,5945,5737,208,Medium
St0123,2023,April,229,80,17,32,6,125034,83.3,2,10,1250340,3.7,5954,5770,184,High
St0123,2023,May,185,64,20,50,7,187775,75.8,0,0,2441075,4.4,5365,5183,182,Medium
St0123,2023,June,169,59,15,55,6,116610,55.7,3,3,1282710,4.2,5070,4957,113,Low
St0123,2023,July,157,54,17,40,5,154802,54.0,3,3,2167228,3.9,4553,4452,101,Low
St0123,2023,August,198,69,15,44,4,188496,74.6,4,12,2827440,3.8,5544,5463,81,Medium
St0123,2023,September,190,66,19,37,5,143260,68.2,0,0,2292160,4.6,4940,4781,159,Medium
St0123,2023,October,354,123,15,33,6,296298,63.0,4,4,2962980,3.5,9558,9335,223,Medium
St0123,2023,November,309,108,14,38,6,176130,55.1,3,15,1937430,4.0,9270,9178,92,Low
St0123,2023,December,295,103,20,46,7,206500,61.0,2,4,3304000,4.5,7375,7185,190,Medium
St0123,2024,January,226,79,19,33,7,244080,79.7,0,0,3173040,3.8,6780,6548,232,Medium
St0123,2024,February,336,117,13,45,6,282240,64.2,3,3,3104640,4.1,9408,9358,50,Medium
St0123,2024,March,374,130,17,50,6,258060,74.9,3,6,2838660,3.9,11220,11096,124,Medium
St0123,2024,April,235,82,21,33,8,201630,81.2,3,15,1814670,3.8,6110,5913,197,High
St0123,2024,May,198,69,12,35,5,200970,57.0,0,0,3215520,4.9,5742,5551,191,Low
St0123,2024,June,191,66,11,54,5,114218,56.4,1,1,1142180,3.8,4966,4788,178,Low
St0123,2024,July,225,78,22,43,5,236250,82.3,4,4,3780000,3.7,6750,6706,44,High
St0123,2024,August,317,110,14,45,5,159768,67.2,4,4,1597680,4.0,8876,8638,238,Medium
St0123,2024,September,346,121,21,44,5,242892,70.4,1,4,2914704,4.4,8996,8708,288,Medium
St0123,2024,October,402,140,13,30,4,225120,61.7,4,12,2701440,3.9,11256,11026,230,Medium
St0123,2024,November,390,136,17,39,7,312000,62.0,3,9,3744000,4.3,9750,9468,282,Medium
St0123,2024,December,288,100,24,46,9,230400,92.9,3,15,3686400,3.6,7200,7063,137,High
St0123,2025,January,425,148,23,51,8,340000,88.9,0,0,5100000,4.6,10625,10557,68,High
St0123,2025,February,360,125,15,33,6,334080,79.1,1,5,3006720,4.2,10440,10181,259,Medium
St0123,2025,March,222,77,20,52,8,111888,88.0,0,0,1118880,4.3,5328,5201,127,High
St0123,2025,April,407,142,22,53,7,284900,83.8,2,8,3418800,4.0,10175,9851,324,High
St0123,2025,May,414,144,19,33,6,289800,60.9,3,9,3767400,3.6,10350,10108,242,Medium
St0123,2025,June,403,141,19,36,7,349804,88.2,1,1,5596864,4.2,11284,11180,104,High
St0123,2025,July,339,118,20,42,8,305100,93.1,2,6,3051000,4.7,10170,10102,68,High
St0123,2025,August,396,138,22,38,7,199584,75.0,0,0,1995840,4.4,11088,10687,401,Medium
St0123,2025,September,256,89,18,40,7,222720,93.4,4,12,3563520,4.5,7424,7151,273,High
St0123,2025,October,280,98,23,43,5,166320,88.8,3,6,1995840,4.4,7560,7339,221,High
St0123,2025,November,220,77,23,46,7,190080,83.7,2,6,2471040,4.1,5940,5706,234,High
St0123,2025,December,376,131,16,51,6,314712,71.2,1,4,4091256,4.7,10152,9759,393,Medium
St0124,2021,January,89,31,15,45,5,68975,71.8,0,0,758725,4.4,2225,2171,54,Medium
St0124,2021,February,158,55,20,53,7,132878,75.3,4,4,1195902,4.0,4582,4421,161,Medium
St0124,2021,March,80,28,12,41,3,47840,64.2,0,0,430560,4.3,2080,2003,77,Medium
St0124,2021,April,106,37,23,36,8,98580,78.3,1,1,985800,4.6,3180,3132,48,Medium
St0124,2021,May,123,43,14,35,4,103320,48.9,3,9,1446480,4.1,2952,2865,87,Low
St0124,2021,June,153,53,17,36,5,97614,70.4,4,16,1464210,3.8,4437,4353,84,Medium
St0124,2021,July,76,26,19,41,4,68096,64.1,3,15,885248,4.5,2128,2082,46,Medium
St0124,2021,August,154,53,17,50,7,124740,48.3,4,4,1496880,3.6,4620,4516,104,Low
St0124,2021,September,71,24,18,48,7,59711,54.0,0,0,656821,3.8,2059,1995,64,Low
St0124,2021,October,118,41,22,37,7,105728,84.2,0,0,1268736,4.0,3304,3258,46,High
St0124,2021,November,158,55,16,54,6,110600,84.4,0,0,995400,4.7,3950,3924,26,High
St0124,2021,December,152,53,15,37,3,83904,56.1,2,10,1174656,4.5,3648,3580,68,Low
St0124,2022,January,109,38,21,54,8,70632,68.9,3,3,847584,4.0,2943,2848,95,Medium
St0124,2022,February,171,59,14,55,3,92340,60.5,3,3,1385100,4.1,5130,5066,64,Medium
St0124,2022,March,152,53,18,49,6,94848,53.8,2,4,1043328,4.0,3648,3519,129,Low
St0124,2022,April,185,64,14,36,5,97680,72.9,2,4,879120,4.3,4440,4407,33,Medium
St0124,2022,May,88,30,19,33,5,76032,79.9,1,3,1140480,4.6,2376,2326,50,Medium
St0124,2022,June,123,43,18,34,6,77490,86.2,4,4,929880,4.1,3690,3549,141,High
St0124,2022,July,132,46,20,36,7,92400,77.9,1,2,1108800,4.3,3696,3637,59,Medium
St0124,2022,August,129,45,11,35,2,71079,52.1,2,6,924027,4.1,3741,3717,24,Low
St0124,2022,September,90,31,17,43,5,80190,55.2,2,10,801900,3.7,2430,2340,90,Low
St0124,2022,October,193,67,17,41,4,166752,81.1,2,10,2167776,4.5,4632,4487,145,High
St0124,2022,November,106,37,17,53,4,92220,62.6,1,3,922200,4.3,3180,3144,36,Medium
St0124,2022,December,183,64,11,40,4,181170,57.1,1,2,2355210,4.8,5490,5301,189,Low
St0124,2023,January,210,73,16,44,5,129360,76.8,4,8,1811040,4.6,5880,5795,85,Medium
St0124,2023,February,237,82,22,55,7,220410,89.0,2,2,2424510,3.7,7110,6977,133,High
St0124,2023,March,155,54,24,44,8,77500,80.7,0,0,930000,4.7,3875,3743,132,High
St0124,2023,April,114,39,20,41,7,74100,74.5,1,1,889200,3.9,2964,2891,73,Medium
St0124,2023,May,171,59,15,43,4,163647,57.5,3,9,1636470,4.6,4959,4907,52,Low
St0124,2023,June,222,77,20,46,7,122322,85.0,0,0,1834830,4.6,6438,6305,133,High
St0124,2023,July,223,78,22,48,6,131124,77.7,1,3,1835736,4.4,6244,6149,95,Medium
St0124,2023,August,150,52,17,47,5,94500,85.1,0,0,1228500,4.7,4500,4419,81,High
St0124,2023,September,215,75,15,55,3,168345,70.9,1,2,2525175,4.0,6235,6077,158,Medium
St0124,2023,October,259,90,16,38,6,181300,73.4,0,0,2356900,4.1,6475,6354,121,Medium
St0124,2023,November,248,86,23,41,7,127224,79.5,3,15,1145016,4.4,6696,6470,226,Medium
St0124,2023,December,136,47,17,53,5,95472,60.6,0,0,1336608,4.3,3672,3561,111,Medium
St0124,2024,January,198,69,17,42,6,127512,80.7,3,15,1530144,4.0,5544,5492,52,High
St0124,2024,February,207,72,24,47,6,155250,85.3,0,0,1397250,3.9,5175,5065,110,High
St0124,2024,March,124,43,21,49,8,83328,69.4,4,12,833280,3.6,2976,2939,37,Medium
St0124,2024,April,214,74,20,44,8,128400,69.1,1,5,1669200,4.6,6420,6357,63,Medium
St0124,2024,May,215,75,21,38,7,159960,83.6,1,4,1439640,4.4,5160,4994,166,High
St0124,2024,June,271,94,22,33,8,149321,74.9,0,0,1642531,4.7,7859,7601,258,Medium
St0124,2024,July,161,56,18,42,5,101430,60.2,2,6,1622880,4.1,4830,4766,64,Medium
St0124,2024,August,134,46,19,39,4,80400,62.0,4,4,1045200,4.4,3216,3196,20,Medium
St0124,2024,September,179,62,25,35,9,155372,90.3,4,20,1398348,3.5,5012,4957,55,High
St0124,2024,October,136,47,17,39,7,85680,63.7,0,0,856800,4.4,4080,3938,142,Medium
St0124,2024,November,195,68,15,47,5,186615,68.4,4,16,1679535,4.2,5655,5603,52,Medium
St0124,2024,December,272,95,21,45,6,212160,69.6,1,1,3182400,4.6,7072,7035,37,Medium
St0124,2025,January,191,66,25,43,9,138475,91.3,1,1,2077125,4.6,4775,4682,93,High
St0124,2025,February,180,62,11,45,5,131040,59.3,2,10,1310400,3.7,5040,4978,62,Low
St0124,2025,March,134,46,20,37,8,117250,88.4,3,3,1641500,4.0,3350,3311,39,High
St0124,2025,April,165,57,15,33,5,87120,58.9,3,15,958320,4.3,3960,3811,149,Low
St0124,2025,May,196,68,22,48,8,127400,84.8,1,4,1656200,4.2,5096,4994,102,High
St0124,2025,June,182,63,22,39,7,125580,92.6,1,2,1506960,3.8,5460,5368,92,High
St0124,2025,July,170,59,13,34,5,128180,60.5,3,3,1409980,4.6,4420,4247,173,Medium
St0124,2025,August,133,46,15,49,6,129276,65.5,3,6,1680588,4.3,3591,3570,21,Medium
St0124,2025,September,234,81,19,38,4,170352,93.6,2,4,1533168,3.8,6552,6474,78,High
St0124,2025,October,257,89,25,40,7,223590,89.0,3,6,3353850,3.8,7710,7624,86,High
St0124,2025,November,346,121,14,39,4,168156,73.5,3,6,2522340,3.8,9342,9055,287,Medium
St0124,2025,December,301,105,18,33,4,140868,90.5,0,0,2113020,4.6,7826,7593,233,High
St0125,2021,January,106,37,20,44,7,110664,62.0,1,2,1770624,4.2,3074,2962,112,Medium
St0125,2021,February,168,58,16,41,4,82992,51.4,4,20,1161888,4.4,4368,4294,74,Low
St0125,2021,March,89,31,20,54,7,69776,75.7,3,9,976864,4.1,2492,2429,63,Medium
St0125,2021,April,88,30,10,50,4,82368,50.9,4,8,1235520,4.3,2288,2270,18,Low
St0125,2021,May,119,41,16,38,4,70686,83.6,1,1,777546,4.6,3213,3093,120,High
St0125,2021,June,149,52,16,40,6,107280,50.3,2,2,965520,4.4,4470,4318,152,Low
St0125,2021,July,189,66,16,33,4,124740,56.6,0,0,1621620,4.3,5670,5547,123,Low
St0125,2021,August,95,33,20,55,7,43320,84.5,3,6,433200,3.7,2280,2233,47,High
St0125,2021,September,175,61,15,55,6,96250,53.9,3,15,1443750,4.2,4375,4231,144,Low
St0125,2021,October,209,73,18,30,5,140448,62.6,1,4,1966272,4.4,5852,5672,180,Medium
St0125,2021,November,102,35,12,45,5,60588,47.6,2,8,666468,4.4,2754,2696,58,Low
St0125,2021,December,98,34,24,35,6,89964,84.3,4,16,1169532,4.3,2646,2617,29,High
St0125,2022,January,115,40,22,42,5,72450,80.9,1,2,796950,4.1,3450,3354,96,High
St0125,2022,February,134,46,18,38,5,75040,53.4,1,1,675360,3.9,3752,3662,90,Low
St0125,2022,March,227,79,16,54,5,157992,77.9,1,1,2369880,3.8,5448,5355,93,Medium
St0125,2022,April,202,70,20,45,7,174528,77.6,0,0,2617920,4.6,5454,5381,73,Medium
St0125,2022,May,184,64,18,37,5,173880,65.7,4,4,1912680,3.9,4968,4798,170,Medium
St0125,2022,June,236,82,19,31,7,177944,74.1,2,6,1957384,4.3,6844,6644,200,Medium
St0125,2022,July,246,86,17,45,6,184500,69.1,1,4,1845000,4.5,7380,7223,157,Medium
St0125,2022,August,179,62,14,52,5,147675,52.4,1,4,1624425,4.1,4475,4391,84,Low
St0125,2022,September,233,81,12,46,6,163566,60.8,3,6,2453490,4.6,6058,5949,109,Medium
St0125,2022,October,145,50,23,38,8,84100,83.1,1,2,1261500,4.5,4205,4173,32,High
St0125,2022,November,127,44,18,44,6,70104,57.8,0,0,841248,4.5,3048,2950,98,Low
St0125,2022,December,138,48,15,30,6,129168,64.0,2,8,1937520,3.8,3588,3565,23,Medium
St0125,2023,January,193,67,22,36,6,208440,77.3,3,6,2918160,4.4,5790,5706,84,Medium
St0125,2023,February,140,49,24,49,6,108500,82.6,2,4,1736000,3.8,3500,3404,96,High
St0125,2023,March,176,61,21,53,8,148016,82.4,0,0,2220240,4.7,5104,5070,34,High
St0125,2023,April,277,96,15,33,6,193900,65.0,0,0,1939000,4.3,6925,6885,40,Medium
St0125,2023,May,228,79,21,40,5,232560,81.9,0,0,2790720,4.8,6840,6800,40,High
St0125,2023,June,189,66,18,40,4,136080,63.9,0,0,2041200,4.6,5670,5625,45,Medium
St0125,2023,July,293,102,11,46,2,133608,51.9,0,0,1603296,4.7,7032,6955,77,Low
St0125,2023,August,127,44,14,51,6,88392,68.5,4,4,1325880,4.4,3048,2981,67,Medium
St0125,2023,September,145,50,15,42,3,90480,63.0,1,3,904800,3.8,3480,3457,23,Medium
St0125,2023,October,295,103,14,32,4,212400,58.4,4,12,2761200,3.9,8850,8708,142,Low
St0125,2023,November,153,53,22,53,5,146880,89.0,1,3,2056320,3.8,4590,4427,163,High
St0125,2023,December,216,75,15,33,4,136080,57.7,4,20,1224720,4.1,6480,6328,152,Low
St0125,2024,January,333,116,14,49,3,239760,68.7,3,9,3356640,3.7,9990,9748,242,Medium
St0125,2024,February,249,87,12,52,4,201690,54.9,2,10,1815210,3.8,6723,6675,48,Low
St0125,2024,March,276,96,22,51,5,190440,75.5,2,6,2094840,3.9,8280,8123,157,Medium
St0125,2024,April,319,111,17,55,6,303688,79.1,0,0,3644256,4.1,8932,8705,227,Medium
St0125,2024,May,331,115,17,43,5,287970,71.5,1,2,4031580,4.1,9930,9727,203,Medium
St0125,2024,June,275,96,19,48,6,238700,74.1,0,0,2387000,4.4,7700,7556,144,Medium
St0125,2024,July,180,62,20,44,6,187920,65.6,1,2,2630880,3.9,5220,5052,168,Medium
St0125,2024,August,234,81,15,46,5,224640,71.5,2,8,2021760,4.2,7020,6825,195,Medium
St0125,2024,September,332,116,19,37,5,172640,66.9,2,6,1726400,3.8,8632,8461,171,Medium
St0125,2024,October,354,123,19,48,4,338778,93.1,4,16,5081670,3.7,10266,10140,126,High
St0125,2024,November,320,112,17,30,6,296960,88.2,0,0,2969600,4.4,9280,9052,228,High
St0125,2024,December,337,117,24,42,7,166478,87.6,0,0,2497170,4.8,8762,8674,88,High
St0125,2025,January,354,123,13,51,5,300900,59.5,0,0,3309900,4.6,8850,8656,194,Low
St0125,2025,February,225,78,21,37,5,168750,73.9,4,8,2362500,3.7,5625,5511,114,Medium
St0125,2025,March,374,130,14,49,5,168300,59.2,4,20,2692800,3.7,9350,9276,74,Low
St0125,2025,April,322,112,19,34,4,270480,75.3,3,12,3516240,3.9,9660,9404,256,Medium
St0125,2025,May,239,83,23,43,5,153916,82.7,2,8,1539160,3.9,6692,6604,88,High
St0125,2025,June,359,125,19,53,4,287200,91.7,2,6,3159200,4.0,8975,8706,269,High
St0125,2025,July,299,104,21,36,7,153387,70.0,2,8,1994031,4.1,8073,8025,48,Medium
St0125,2025,August,307,107,20,35,8,191568,69.1,0,0,3065088,4.0,7982,7806,176,Medium
St0125,2025,September,368,128,16,38,5,185472,68.4,2,6,2596608,3.9,10304,10085,219,Medium
St0125,2025,October,329,115,21,42,5,153972,82.9,0,0,2155608,4.3,8554,8404,150,High
St0125,2025,November,418,146,17,34,4,362824,86.1,4,8,5805184,3.9,11704,11315,389,High
St0125,2025,December,417,145,16,37,4,275220,63.8,4,8,3853080,3.8,12510,12396,114,Medium
St0126,2021,January,147,51,22,50,8,78204,83.8,0,0,1251264,4.9,4116,3984,132,High
St0126,2021,February,98,34,11,34,4,83300,51.7,4,16,1249500,4.3,2450,2419,31,Low
St0126,2021,March,212,74,16,45,6,96672,62.2,0,0,1063392,4.3,5088,4891,197,Medium
St0126,2021,April,124,43,14,40,4,126480,48.9,0,0,1517760,4.9,3720,3609,111,Low
St0126,2021,May,127,44,21,40,5,129540,79.9,1,5,1813560,4.5,3810,3719,91,Medium
St0126,2021,June,99,34,23,47,8,54648,77.5,2,2,491832,4.1,2376,2288,88,Medium
St0126,2021,July,221,77,10,44,4,238680,51.1,0,0,2386800,4.9,6630,6501,129,Low
St0126,2021,August,143,50,21,48,7,74646,74.7,4,20,895752,4.3,4147,4116,31,Medium
St0126,2021,September,159,55,16,39,6,119886,81.3,2,6,1438632,3.7,4134,4106,28,High
St0126,2021,October,208,72,21,31,6,101088,77.4,3,12,1617408,4.2,5616,5398,218,Medium
St0126,2021,November,261,91,18,35,6,131544,52.7,2,8,1973160,4.5,7308,7094,214,Low
St0126,2021,December,149,52,17,53,5,131716,62.3,4,8,1844024,3.7,3874,3784,90,Medium
St0126,2022,January,260,91,16,45,6,168480,52.1,2,4,2695680,4.1,7020,6833,187,Low
St0126,2022,February,137,47,12,33,6,111244,53.8,0,0,1446172,4.8,3973,3856,117,Low
St0126,2022,March,129,45,17,36,5,114036,64.2,4,12,1140360,4.3,3354,3267,87,Medium
St0126,2022,April,133,46,16,39,6,93366,81.2,2,6,1213758,4.3,3458,3436,22,High
St0126,2022,May,166,58,21,36,6,95616,68.8,0,0,1434240,4.5,3984,3880,104,Medium
St0126,2022,June,270,94,20,52,5,234360,69.8,2,6,3046680,4.3,7560,7287,273,Medium
St0126,2022,July,272,95,17,49,7,228480,86.6,0,0,2284800,4.5,8160,7887,273,High
St0126,2022,August,259,90,17,40,6,233100,67.6,4,16,3263400,4.6,6475,6301,174,Medium
St0126,2022,September,209,73,14,39,4,175769,73.7,1,5,2460766,4.7,6061,5824,237,Medium
St0126,2022,October,156,54,18,50,7,112320,69.0,0,0,1235520,4.0,3744,3625,119,Medium
St0126,2022,November,265,92,10,51,3,250425,54.2,4,4,2253825,4.5,7155,6904,251,Low
St0126,2022,December,145,50,18,48,5,76560,77.2,0,0,918720,4.6,3480,3342,138,Medium
St0126,2023,January,290,101,18,53,4,218660,86.2,0,0,2405260,4.4,7540,7467,73,High
St0126,2023,February,140,49,20,54,7,133980,71.6,0,0,1607760,4.0,4060,4007,53,Medium
St0126,2023,March,166,58,20,36,5,139606,75.4,1,1,1814878,4.8,4814,4695,119,Medium
St0126,2023,April,258,90,18,37,6,222912,73.3,1,1,2452032,4.1,6192,6160,32,Medium
St0126,2023,May,252,88,18,40,6,149688,82.4,4,4,1945944,4.1,6804,6716,88,High
St0126,2023,June,261,91,12,53,4,195750,58.2,0,0,1957500,4.8,6525,6324,201,Low
St0126,2023,July,266,93,20,32,5,185136,73.0,0,0,2962176,4.4,6384,6303,81,Medium
St0126,2023,August,227,79,24,37,8,194766,87.5,1,5,1947660,4.5,5902,5789,113,High
St0126,2023,September,318,111,19,41,5,333900,77.4,1,3,3005100,4.7,9540,9397,143,Medium
St0126,2023,October,183,64,14,53,6,122976,51.3,0,0,1721664,4.1,5124,5010,114,Low
St0126,2023,November,197,68,19,33,4,193060,67.6,0,0,2316720,3.9,5516,5456,60,Medium
St0126,2023,December,346,121,17,47,7,290640,82.0,0,0,4359600,4.4,8304,8058,246,High
St0126,2024,January,262,91,21,40,8,211172,65.9,4,12,1900548,4.0,6812,6593,219,Medium
St0126,2024,February,320,112,19,49,7,297600,67.6,0,0,4464000,4.7,9600,9398,202,Medium
St0126,2024,March,239,83,20,40,6,126192,76.3,1,4,1640496,4.2,5736,5564,172,Medium
St0126,2024,April,187,65,16,53,5,140250,81.9,1,4,1823250,4.6,5610,5468,142,High
St0126,2024,May,249,87,15,46,5,195216,67.9,0,0,2342592,3.9,6972,6934,38,Medium
St0126,2024,June,360,125,18,52,6,190080,62.4,3,3,2090880,4.3,8640,8319,321,Medium
St0126,2024,July,173,60,13,55,3,155008,60.4,3,12,2480128,3.7,4844,4656,188,Medium
St0126,2024,August,360,125,16,53,7,367200,74.2,3,12,5875200,4.0,10800,10589,211,Medium
St0126,2024,September,333,116,17,43,4,223776,66.9,3,6,3356640,3.9,9324,9082,242,Medium
St0126,2024,October,384,134,13,44,6,211968,69.5,3,9,2967552,3.9,9216,8961,255,Medium
St0126,2024,November,242,84,17,46,7,217558,75.2,1,1,3263370,4.4,7018,6854,164,Medium
St0126,2024,December,183,64,23,35,5,158112,92.4,3,15,1739232,3.7,4392,4238,154,High
St0126,2025,January,426,149,18,52,7,365508,80.0,0,0,5117112,4.1,11076,10813,263,Medium
St0126,2025,February,325,113,19,47,5,226200,62.8,2,10,2262000,3.9,9425,9164,261,Medium
St0126,2025,March,392,137,23,39,6,211680,82.8,3,15,2751840,3.8,10584,10309,275,High
St0126,2025,April,240,84,14,32,6,241920,70.8,2,10,2419200,3.9,6720,6674,46,Medium
St0126,2025,May,298,104,25,42,8,224692,86.5,2,2,2246920,4.6,7748,7480,268,High
St0126,2025,June,238,83,19,43,4,164220,73.6,3,9,1970640,4.4,7140,7068,72,Medium
St0126,2025,July,246,86,24,47,7,166296,88.6,1,1,1995552,4.7,6396,6241,155,High
St0126,2025,August,202,70,11,54,2,98172,57.7,3,3,1570752,3.6,5454,5392,62,Low
St0126,2025,September,225,78,18,40,4,143550,80.7,4,20,2153250,4.0,6525,6341,184,High
St0126,2025,October,220,77,24,40,9,114840,87.0,1,1,1148400,4.2,6380,6145,235,High
St0126,2025,November,461,161,24,50,8,387240,87.8,4,16,5808600,4.4,11064,10817,247,High
St0126,2025,December,415,145,18,46,6,228665,88.7,1,5,3201310,4.0,12035,11962,73,High
St0127,2021,January,152,53,10,32,2,105792,49.3,1,5,1586880,4.8,3648,3580,68,Low
St0127,2021,February,205,71,17,37,4,137760,56.1,1,4,1790880,4.5,4920,4790,130,Low
St0127,2021,March,167,58,18,45,7,135270,50.7,3,6,1758510,4.1,5010,4926,84,Low
St0127,2021,April,224,78,12,37,5,188384,62.9,1,1,2637376,3.9,6496,6385,111,Medium
St0127,2021,May,194,67,19,34,7,171496,67.3,0,0,2572440,4.8,5044,4950,94,Medium
St0127,2021,June,148,51,20,30,8,102120,74.0,1,3,919080,4.3,4440,4294,146,Medium
St0127,2021,July,135,47,10,32,3,133110,52.3,3,9,1863540,4.3,3915,3890,25,Low
St0127,2021,August,131,45,20,52,8,115804,70.4,4,12,1158040,4.3,3406,3387,19,Medium
St0127,2021,September,193,67,24,54,6,133170,82.6,1,4,1997550,4.5,5790,5572,218,High
St0127,2021,October,273,95,17,44,7,222768,69.0,0,0,3564288,3.9,6552,6396,156,Medium
St0127,2021,November,131,45,16,36,5,81351,73.5,2,2,1057563,4.2,3537,3408,129,Medium
St0127,2021,December,235,82,11,54,5,126900,55.5,0,0,2030400,4.1,6345,6154,191,Low
St0127,2022,January,248,86,20,35,5,124992,86.9,2,6,1624896,4.2,5952,5759,193,High
St0127,2022,February,159,55,23,30,5,110664,80.8,3,15,1438632,4.4,4611,4533,78,High
St0127,2022,March,188,65,11,47,4,168448,57.5,0,0,2021376,4.6,5264,5068,196,Low
St0127,2022,April,231,80,15,30,4,199584,73.6,4,4,2395008,4.1,5544,5389,155,Medium
St0127,2022,May,243,85,18,31,7,145800,69.4,0,0,1458000,4.8,5832,5742,90,Medium
St0127,2022,June,152,53,23,49,7,123424,83.8,3,6,1481088,4.4,4256,4154,102,High
St0127,2022,July,274,95,17,36,5,244134,48.4,3,9,3662010,3.6,7398,7178,220,Low
St0127,2022,August,269,94,18,30,6,163821,76.1,4,8,1965852,3.5,7801,7686,115,Medium
St0127,2022,September,279,97,13,47,6,251100,69.1,4,20,2511000,4.4,6975,6793,182,Medium
St0127,2022,October,267,93,18,45,7,215202,52.6,0,0,2582424,4.4,6942,6811,131,Low
St0127,2022,November,209,73,18,55,5,188100,55.9,0,0,1881000,4.2,5225,5093,132,Low
St0127,2022,December,144,50,11,50,4,86400,50.4,2,2,950400,4.2,4320,4297,23,Low
St0127,2023,January,344,120,20,32,6,299280,62.5,4,8,4489200,4.4,9976,9853,123,Medium
St0127,2023,February,264,92,20,41,6,185328,66.5,2,8,2223936,4.4,6864,6820,44,Medium
St0127,2023,March,285,99,18,32,7,218880,62.0,3,9,3064320,3.6,6840,6683,157,Medium
St0127,2023,April,344,120,18,43,7,325080,55.2,3,6,4551120,4.5,9288,9105,183,Low
St0127,2023,May,237,82,20,55,6,205716,67.8,0,0,2468592,4.7,6636,6551,85,Medium
St0127,2023,June,191,66,24,33,9,148025,88.9,3,9,1628275,4.0,4775,4732,43,High
St0127,2023,July,325,113,19,54,7,273000,74.3,2,8,4368000,4.6,9100,8758,342,Medium
St0127,2023,August,204,71,19,53,6,142800,88.4,1,5,1713600,4.6,5100,4915,185,High
St0127,2023,September,235,82,17,50,7,196695,62.8,2,4,3147120,3.7,6345,6111,234,Medium
St0127,2023,October,336,117,19,35,5,272160,56.7,0,0,4354560,4.5,10080,9981,99,Low
St0127,2023,November,296,103,26,47,6,215784,90.2,4,4,3236760,4.5,7992,7829,163,High
St0127,2023,December,272,95,22,48,5,226304,78.6,4,4,3394560,3.8,7072,6930,142,Medium
St0127,2024,January,315,110,15,31,3,221130,61.1,1,2,3538080,3.8,8505,8455,50,Medium
St0127,2024,February,172,60,17,32,6,124700,73.4,4,12,1247000,3.9,4988,4820,168,Medium
St0127,2024,March,200,70,17,41,5,162400,77.2,2,4,2111200,4.1,5800,5660,140,Medium
St0127,2024,April,258,90,24,46,9,123840,81.1,0,0,1362240,4.8,6192,6136,56,High
St0127,2024,May,363,127,18,35,7,326337,58.0,3,9,3589707,4.0,10527,10306,221,Low
St0127,2024,June,395,138,13,51,5,345625,69.9,4,16,4147500,3.7,9875,9689,186,Medium
St0127,2024,July,373,130,20,32,6,179040,87.0,0,0,2506560,4.0,8952,8686,266,High
St0127,2024,August,215,75,18,48,7,117390,89.4,0,0,1173900,4.6,5590,5525,65,High
St0127,2024,September,232,81,16,44,6,215296,66.5,3,6,3014144,3.8,6728,6489,239,Medium
St0127,2024,October,406,142,19,38,5,285012,65.2,2,10,3420144,4.6,10556,10486,70,Medium
St0127,2024,November,449,157,16,50,7,420264,71.3,0,0,3782376,4.8,11674,11587,87,Medium
St0127,2024,December,262,91,16,51,6,250734,72.4,4,20,2758074,4.2,7598,7349,249,Medium
St0127,2025,January,340,118,25,34,6,346800,85.5,3,9,5548800,4.2,10200,10148,52,High
St0127,2025,February,430,150,16,54,6,386570,80.3,2,8,5411980,4.1,12470,12000,470,High
St0127,2025,March,265,92,21,46,7,241150,76.8,1,3,2411500,4.7,6890,6737,153,Medium
St0127,2025,April,191,66,13,51,6,157575,63.1,3,3,1890900,4.6,4775,4747,28,Medium
St0127,2025,May,302,105,18,31,5,166704,84.3,3,12,2167152,3.8,7248,7197,51,High
St0127,2025,June,215,75,14,37,3,144480,68.2,4,20,1733760,4.1,5160,5015,145,Medium
St0127,2025,July,222,77,13,39,5,111888,67.8,0,0,1118880,3.8,5328,5263,65,Medium
St0127,2025,August,411,143,19,33,5,299208,82.7,4,8,4488120,3.8,11508,11396,112,High
St0127,2025,September,338,118,14,54,6,333268,74.0,0,0,4332484,4.9,9802,9730,72,Medium
St0127,2025,October,276,96,20,49,6,193752,82.9,0,0,3100032,4.5,7452,7173,279,High
St0127,2025,November,329,115,21,52,8,331632,82.0,2,8,4311216,4.5,9212,9065,147,High
St0127,2025,December,418,146,20,46,6,200640,63.4,0,0,3009600,4.6,10032,9888,144,Medium
St0128,2021,January,234,81,18,30,5,229320,82.8,0,0,2293200,4.4,6552,6369,183,High
St0128,2021,February,161,56,15,32,6,103684,55.2,3,15,1347892,3.6,4508,4356,152,Low
St0128,2021,March,178,62,17,49,5,146850,72.1,4,8,1468500,3.6,4450,4399,51,Medium
St0128,2021,April,208,72,19,50,4,134784,56.7,1,4,1886976,3.8,5616,5587,29,Low
St0128,2021,May,130,45,12,39,5,111540,63.7,2,10,1561560,4.5,3380,3342,38,Medium
St0128,2021,June,239,83,23,46,8,214861,80.0,3,15,3437776,4.1,6931,6831,100,Medium
St0128,2021,July,134,46,13,55,6,116580,48.5,2,6,1632120,4.1,4020,3971,49,Low
St0128,2021,August,220,77,18,44,4,190960,73.3,4,8,2100560,3.9,6160,5916,244,Medium
St0128,2021,September,141,49,23,41,5,152280,82.6,0,0,1522800,4.8,4230,4072,158,High
St0128,2021,October,134,46,20,34,6,96480,63.1,1,1,1157760,4.3,4020,3934,86,Medium
St0128,2021,November,290,101,23,44,6,165300,84.1,1,5,2479500,4.6,8700,8400,300,High
St0128,2021,December,205,71,20,40,6,117875,82.9,3,9,1886000,4.6,5125,5043,82,High
St0128,2022,January,200,70,25,45,6,129600,86.8,4,8,1944000,4.2,5400,5256,144,High
St0128,2022,February,266,93,16,41,4,146832,52.0,1,5,2055648,4.0,6384,6341,43,Low
St0128,2022,March,144,50,24,43,9,68400,88.0,1,5,752400,4.7,3600,3534,66,High
St0128,2022,April,161,56,16,36,7,92736,65.7,2,4,1020096,3.9,3864,3790,74,Medium
St0128,2022,May,205,71,11,49,5,188190,59.6,0,0,2070090,4.5,5535,5320,215,Low
St0128,2022,June,180,62,17,44,6,129600,68.2,3,15,1425600,4.4,5400,5369,31,Medium
St0128,2022,July,279,97,21,47,7,256122,77.4,3,9,4097952,4.6,7533,7386,147,Medium
St0128,2022,August,160,56,13,50,6,130560,69.9,4,12,1305600,4.1,3840,3752,88,Medium
St0128,2022,September,270,94,24,50,7,220320,87.2,4,16,3525120,3.5,6480,6227,253,High
St0128,2022,October,277,96,18,38,6,145425,82.9,4,16,2326800,4.3,6925,6779,146,High
St0128,2022,November,353,123,18,35,7,314523,68.8,3,6,4717845,4.0,9531,9325,206,Medium
St0128,2022,December,298,104,17,44,5,154960,73.1,1,2,1704560,3.9,7748,7600,148,Medium
St0128,2023,January,351,122,17,39,5,170586,81.9,4,12,1876446,4.1,9477,9124,353,High
St0128,2023,February,326,114,20,50,5,187450,60.9,3,9,2999200,4.0,8150,7965,185,Medium
St0128,2023,March,225,78,15,33,5,181350,64.1,0,0,2357550,4.8,5850,5683,167,Medium
St0128,2023,April,369,129,20,52,8,189297,70.2,1,2,2082267,4.3,9963,9838,125,Medium
St0128,2023,May,261,91,10,41,3,128934,54.3,1,4,1547208,4.3,6786,6683,103,Low
St0128,2023,June,200,70,12,37,6,158400,61.8,0,0,2217600,4.2,4800,4625,175,Medium
St0128,2023,July,373,130,22,36,5,389412,85.7,4,12,4672944,3.8,10817,10721,96,High
St0128,2023,August,161,56,18,34,5,149730,67.9,3,12,1347570,3.7,4830,4757,73,Medium
St0128,2023,September,274,95,11,54,3,142480,58.5,0,0,1424800,4.7,7124,6959,165,Low
St0128,2023,October,421,147,19,40,4,439524,66.2,3,15,5713812,4.4,12209,12052,157,Medium
St0128,2023,November,313,109,19,47,6,287334,62.6,4,8,3160674,3.5,8451,8222,229,Medium
St0128,2023,December,355,124,23,31,6,287550,90.1,2,2,3450600,3.7,9585,9267,318,High
St0128,2024,January,292,102,16,49,5,212868,59.3,4,12,1915812,4.2,7884,7672,212,Low
St0128,2024,February,258,90,23,33,5,167700,87.9,2,6,2515500,3.7,6708,6465,243,High
St0128,2024,March,196,68,18,49,4,194040,70.4,0,0,1940400,4.6,5880,5744,136,Medium
St0128,2024,April,306,107,17,32,7,190944,62.0,3,3,2482272,3.8,7344,7249,95,Medium
St0128,2024,May,382,133,18,30,6,299488,71.8,1,1,3893344,4.4,10696,10441,255,Medium
St0128,2024,June,369,129,19,55,5,192618,73.6,2,6,1733562,4.4,10701,10542,159,Medium
St0128,2024,July,435,152,19,47,5,243600,86.2,3,12,3897600,4.1,12180,11825,355,High
St0128,2024,August,412,144,16,48,7,350200,62.3,2,10,5603200,4.2,10300,9921,379,Medium
St0128,2024,September,347,121,17,31,4,249840,67.8,0,0,2748240,4.7,8328,8103,225,Medium
St0128,2024,October,246,86,21,46,5,127920,79.5,3,12,1535040,4.7,6396,6203,193,Medium
St0128,2024,November,246,86,17,53,4,135300,75.3,2,2,2164800,3.9,6150,6099,51,Medium
St0128,2024,December,417,145,24,43,7,180144,87.4,3,6,1801440,4.0,10008,9957,51,High
St0128,2025,January,488,170,26,47,7,386496,94.5,4,8,4251456,4.2,11712,11401,311,High
St0128,2025,February,475,166,22,30,7,359100,78.5,0,0,3591000,4.1,13300,12847,453,Medium
St0128,2025,March,411,143,19,41,7,369900,79.2,4,4,5548500,3.7,12330,12019,311,Medium
St0128,2025,April,494,172,15,43,4,414960,66.0,4,16,3734640,4.3,14820,14577,243,Medium
St0128,2025,May,247,86,21,52,5,135850,91.9,2,6,1358500,4.3,6175,6136,39,High
St0128,2025,June,401,140,22,51,6,250224,82.4,2,4,2252016,4.2,10426,10188,238,High
St0128,2025,July,320,112,26,43,9,230400,93.1,1,4,3225600,4.1,7680,7611,69,High
St0128,2025,August,408,142,18,42,7,283968,83.4,2,10,3975552,3.7,11832,11644,188,High
St0128,2025,September,242,84,20,48,5,127776,64.6,0,0,1916640,4.7,5808,5581,227,Medium
St0128,2025,October,309,108,21,35,5,146775,85.9,2,6,1614525,3.9,7725,7486,239,High
St0128,2025,November,558,195,24,46,9,406224,95.1,2,6,6093360,4.2,14508,14176,332,High
St0128,2025,December,369,129,15,39,5,201474,62.0,4,8,2619162,3.7,9594,9346,248,Medium
St0129,2021,January,61,21,18,36,4,49410,70.0,4,4,592920,4.1,1830,1782,48,Medium
St0129,2021,February,36,12,11,38,3,19800,50.1,3,6,316800,4.5,900,884,16,Low
St0129,2021,March,53,18,16,55,6,39962,55.1,4,16,559468,4.3,1537,1482,55,Low
St0129,2021,April,43,15,18,41,4,25800,56.3,0,0,412800,4.5,1032,990,42,Low
St0129,2021,May,75,26,17,55,5,60750,65.9,0,0,607500,4.3,2025,1988,37,Medium
St0129,2021,June,57,19,18,41,7,57456,79.6,1,4,574560,3.9,1596,1581,15,Medium
St0129,2021,July,53,18,20,55,7,47700,82.9,0,0,620100,4.8,1325,1292,33,High
St0129,2021,August,61,21,14,53,3,56730,70.8,1,2,794220,4.1,1830,1769,61,Medium
St0129,2021,September,58,20,15,44,4,46400,52.2,2,10,603200,4.1,1450,1396,54,Low
St0129,2021,October,52,18,14,39,3,44928,61.9,0,0,404352,4.3,1404,1354,50,Medium
St0129,2021,November,74,25,16,32,6,36556,65.1,1,2,365560,4.1,1924,1906,18,Medium
St0129,2021,December,40,14,17,51,5,28080,75.2,0,0,421200,4.1,1040,1022,18,Medium
St0129,2022,January,80,28,22,32,5,69440,70.1,2,8,763840,4.6,2240,2151,89,Medium
St0129,2022,February,98,34,19,47,6,74088,66.6,0,0,889056,4.2,2646,2569,77,Medium
St0129,2022,March,82,28,10,47,2,64288,49.4,0,0,1028608,4.1,2296,2239,57,Low
St0129,2022,April,44,15,13,39,4,30888,50.7,2,2,463320,4.1,1188,1157,31,Low
St0129,2022,May,86,30,16,44,7,48160,52.5,2,10,722400,4.6,2408,2334,74,Low
St0129,2022,June,54,18,21,55,6,28080,81.6,4,20,252720,4.0,1404,1367,37,High
St0129,2022,July,53,18,18,30,6,27189,57.3,4,16,299079,4.2,1431,1392,39,Low
St0129,2022,August,82,28,16,31,4,49200,66.1,2,6,787200,4.1,2460,2382,78,Medium
St0129,2022,September,68,23,19,53,5,49504,56.2,1,3,594048,4.8,1768,1738,30,Low
St0129,2022,October,102,35,23,44,6,88740,75.8,3,3,1153620,3.6,2958,2850,108,Medium
St0129,2022,November,95,33,18,39,4,69160,83.8,1,4,968240,4.4,2660,2573,87,High
St0129,2022,December,68,23,25,49,8,34000,87.3,2,2,510000,4.2,1700,1668,32,High
St0129,2023,January,91,31,18,48,4,74256,87.4,1,5,668304,3.8,2184,2141,43,High
St0129,2023,February,106,37,16,46,7,71656,79.5,1,5,859872,4.4,2756,2716,40,Medium
St0129,2023,March,117,40,14,37,6,73710,74.5,3,9,1031940,4.5,3510,3472,38,Medium
St0129,2023,April,72,25,17,47,7,77760,71.3,0,0,855360,4.3,2160,2134,26,Medium
St0129,2023,May,96,33,20,42,7,46080,77.9,0,0,552960,4.0,2304,2288,16,Medium
St0129,2023,June,61,21,18,55,5,40992,73.7,2,6,532896,3.8,1708,1643,65,Medium
St0129,2023,July,56,19,13,53,3,42336,63.9,0,0,677376,3.9,1568,1532,36,Medium
St0129,2023,August,61,21,21,31,8,41175,67.6,3,9,411750,3.6,1525,1494,31,Medium
St0129,2023,September,105,36,21,55,7,84000,70.0,2,6,756000,4.7,2625,2590,35,Medium
St0129,2023,October,107,37,14,50,4,61632,59.0,4,4,801216,3.9,2568,2487,81,Low
St0129,2023,November,75,26,21,48,6,35625,88.8,3,3,320625,4.4,1875,1857,18,High
St0129,2023,December,116,40,19,45,5,77952,72.3,2,6,1247232,4.6,2784,2736,48,Medium
St0129,2024,January,65,22,24,55,7,54600,84.6,4,4,546000,4.4,1950,1888,62,High
St0129,2024,February,120,42,21,41,6,90000,83.6,1,2,1260000,3.9,3600,3570,30,High
St0129,2024,March,109,38,15,43,3,88944,59.4,0,0,1423104,4.7,2616,2534,82,Low
St0129,2024,April,112,39,23,37,8,72576,83.4,1,5,1088640,4.4,2688,2612,76,High
St0129,2024,May,102,35,14,54,4,74256,62.6,2,10,1188096,4.4,2652,2629,23,Medium
St0129,2024,June,98,34,19,44,6,79576,79.6,4,16,716184,3.5,2744,2651,93,Medium
St0129,2024,July,133,46,12,40,5,86450,64.0,2,4,1037400,4.5,3325,3254,71,Medium
St0129,2024,August,64,22,14,39,5,48384,69.7,3,12,435456,4.1,1792,1777,15,Medium
St0129,2024,September,73,25,13,37,5,76212,62.8,1,5,1219392,4.6,2117,2087,30,Medium
St0129,2024,October,151,52,19,43,5,86976,87.3,4,20,1043712,3.6,3624,3512,112,High
St0129,2024,November,112,39,25,49,6,87360,88.2,4,8,873600,4.5,2912,2845,67,High
St0129,2024,December,97,33,20,41,6,59073,76.6,2,10,649803,4.0,2813,2722,91,Medium
St0129,2025,January,67,23,24,48,6,31825,87.2,0,0,286425,4.5,1675,1643,32,High
St0129,2025,February,119,41,16,45,7,62475,63.6,4,20,999600,4.4,2975,2910,65,Medium
St0129,2025,March,70,24,20,32,7,40600,77.3,3,9,527800,3.7,2030,2006,24,Medium
St0129,2025,April,103,36,25,46,9,86520,92.6,2,4,1211280,3.8,3090,2978,112,High
St0129,2025,May,104,36,17,34,4,62400,63.8,0,0,998400,4.0,3120,3018,102,Medium
St0129,2025,June,87,30,26,32,6,49764,92.1,2,6,547404,3.7,2262,2192,70,High
St0129,2025,July,136,47,17,30,7,102544,76.7,2,4,1640704,4.1,3944,3832,112,Medium
St0129,2025,August,130,45,18,48,4,77740,86.6,4,20,699660,3.7,3380,3301,79,High
St0129,2025,September,133,46,16,48,6,82593,58.2,1,3,908523,4.1,3591,3502,89,Low
St0129,2025,October,148,51,17,53,4,75924,77.8,0,0,835164,3.9,3996,3847,149,Medium
St0129,2025,November,168,58,17,54,5,136416,57.2,4,20,2046240,3.8,4872,4696,176,Low
St0129,2025,December,95,33,12,38,4,70680,60.5,4,12,918840,3.7,2280,2267,13,Medium
